{
  "total_timesteps": 200704,
  "total_episodes": 1351,
  "total_rollouts": 196,
  "best_lambda2_reduction": 77.9716493973528,
  "time_elapsed": 1181.6545112133026,
  "fps": 169.8499841496992
}