{
  "scenario_id": 14,
  "scenario_type": "random",
  "initial_lambda2": 29.999999999999943,
  "final_lambda2": 5.903611863720152,
  "lambda2_reduction_pct": 80.32129378759946,
  "total_reward": 222.59378180663776,
  "steps": 200,
  "lambda2_trajectory": [
    29.999999999999943,
    2.6010995068050144,
    3.179527960756719,
    2.737082877997933,
    3.1527056015890556,
    3.107406426496713,
    3.123840423559758,
    3.348442820043139,
    3.4065575539975055,
    3.216415901476698,
    3.102209020161376,
    3.0731115699238427,
    3.019552644217652,
    2.7329643246157387,
    2.4105168972815605,
    2.5485778893066495,
    2.6862499639070787,
    2.3861552756517614,
    2.5325027923576497,
    2.2815033223239407,
    2.5548020863334253,
    2.5384178473025427,
    2.6402519150966572,
    3.0822042661183757,
    3.1462168280103566,
    3.197971743549751,
    3.285638601090202,
    3.2070072692999125,
    3.23396696820828,
    3.297488451377508,
    3.3421921500495757,
    3.424128064235838,
    3.532232228580762,
    3.6110924182436435,
    3.9441135108451366,
    3.9506838687686967,
    4.135743355127193,
    3.7538863543395955,
    3.4075194945214173,
    3.6389127727814143,
    3.726292634464234,
    4.044804648722183,
    3.835017712243631,
    4.1229018568652815,
    4.019416152115129,
    3.961570806228217,
    4.370074571373738,
    4.196337802458828,
    4.451589985281787,
    4.827092387880587,
    4.869277058559753,
    5.1002334620920005,
    5.11219153366402,
    5.000520126404744,
    4.873880250964412,
    4.453152954873609,
    4.651088387939865,
    4.563124115548906,
    4.590924409213729,
    5.010812893139487,
    4.743321731480057,
    4.924208474046723,
    4.780306364557341,
    4.923025964868839,
    4.653362994022469,
    4.814686841519805,
    4.881493157247663,
    4.871351696123096,
    5.226240390777004,
    4.634764139230933,
    4.686432788384382,
    4.686850187014295,
    4.9329767326026275,
    4.934532312448884,
    4.921583456734263,
    4.957860049336203,
    5.093801646271485,
    5.039211987568294,
    4.919057298907747,
    4.969476624259862,
    4.973207957811994,
    5.46585463982985,
    5.515069266987645,
    5.54359180374442,
    5.303691924242996,
    5.545817654960274,
    5.686446425095323,
    5.8227020069976305,
    5.803273232738685,
    5.8803804816917005,
    6.067807543882713,
    6.098492652161887,
    6.118925642176507,
    6.089575577576258,
    6.066781963531373,
    5.656626984538911,
    5.5495571511523485,
    5.972220436809917,
    5.962984520003326,
    5.927765989015566,
    5.913900056248077,
    6.096555640906309,
    6.628824771409434,
    6.817240140962963,
    6.728786280230591,
    6.914929813160033,
    6.945031112537969,
    7.016111649357035,
    7.214764018052107,
    7.046376076195024,
    7.276882771628414,
    7.268368540737746,
    7.178686860812326,
    6.978665333640564,
    7.002491327865979,
    7.07879780358897,
    7.1131737582491565,
    7.499183768490911,
    7.423226896425273,
    7.598909670534981,
    7.196277544367544,
    6.808029499321089,
    6.883653735896699,
    6.934077030831835,
    7.257996336026454,
    7.253476757802505,
    6.584076916199222,
    6.602471517425143,
    5.973902824119966,
    5.97179364001604,
    6.078619704811963,
    6.213083561559478,
    5.256880640155874,
    4.772444438639395,
    4.678370412096461,
    4.589770487529732,
    4.588923907836616,
    4.597556748653446,
    4.469636427525247,
    4.5824927016301125,
    4.443320275550489,
    4.99113375980035,
    4.901557342134014,
    4.96108875921076,
    4.960920345481931,
    4.8946974795777525,
    4.89197907395722,
    4.892203891754642,
    5.332586125292716,
    5.330602125560117,
    5.330832214221523,
    5.33091850114884,
    5.319905491351134,
    5.294281917602782,
    5.28877042359877,
    4.549948061865209,
    4.550832996897023,
    4.53581598609996,
    2.9506651540446605,
    2.9565713440648613,
    2.9565915628056336,
    3.9297095410989114,
    3.9301914304599253,
    3.9363839888828474,
    3.936496218126607,
    3.9311756837275693,
    3.9168702579991654,
    3.9134875991091276,
    3.922120728448289,
    3.6721030590154244,
    3.683116605536351,
    3.6829968242667706,
    2.9348335454659003,
    2.95202304668675,
    3.67717452556124,
    3.70421308727145,
    2.777921041123694,
    2.777940249181115,
    1.828859261349057,
    2.7525456253859693,
    2.754549836929044,
    2.75506777302728,
    3.4806115067116568,
    3.5094529234193725,
    3.6088825548292944,
    3.5608302321671905,
    3.8131436975880644,
    3.8131436975880644,
    3.8229846516058408,
    3.8226128147902423,
    4.489325545312081,
    4.489772635829521,
    4.489772635829521,
    3.6218099749934973,
    4.589546579234224,
    4.590421783554579,
    4.938355832637113,
    5.8508084606689605,
    5.865233651643722,
    5.892491022130186,
    5.903611863720152
  ],
  "disconnected": false
}