{
  "scenario_id": 52,
  "scenario_type": "clustered",
  "initial_lambda2": 29.999999999999943,
  "final_lambda2": 15.868662547546375,
  "lambda2_reduction_pct": 47.10445817484532,
  "total_reward": 173.31682813698228,
  "steps": 200,
  "lambda2_trajectory": [
    29.999999999999943,
    8.339166206601478,
    8.339166206601478,
    7.98600868692434,
    7.950926723997448,
    8.374182519222648,
    8.405487414462625,
    8.343722029908234,
    8.775943513380064,
    8.740590922891409,
    8.819581531552183,
    8.575166979796416,
    8.748875348490118,
    9.12661225184603,
    9.077205164173161,
    9.092347186228585,
    9.11737627344102,
    8.971349238879071,
    8.754119609227182,
    9.077053356350156,
    9.118126003083669,
    9.203558360736066,
    9.366281190590312,
    9.199994971082173,
    9.33871974824332,
    9.370624799821861,
    9.23351130503608,
    9.023418613601725,
    9.103017609924906,
    9.292947159525067,
    9.224603565349458,
    9.341115879209692,
    9.677140979619496,
    9.707503248279112,
    9.66030223500247,
    9.879381226660671,
    9.851508878006486,
    9.907994933407942,
    9.993504915628892,
    10.003443211097247,
    9.969733366124538,
    10.181008346449028,
    10.181341108962476,
    10.21302550051748,
    10.027343098276637,
    10.0007196967226,
    10.243692074017941,
    10.344103633651068,
    10.523179423107715,
    11.137601678009085,
    11.348587994845401,
    11.182976440923452,
    11.182976440923452,
    11.184933199601168,
    11.201136227285977,
    11.463637131465083,
    11.590493015822135,
    11.558846036301711,
    11.617073938204165,
    9.647478277275281,
    9.909064801750825,
    9.998647053556514,
    9.77551944386099,
    9.369503277625023,
    9.369503277625023,
    9.273669372522457,
    8.832680365605418,
    9.368055446746506,
    9.37965439552241,
    8.539653547278911,
    8.547581522747981,
    8.540392953468077,
    7.637091855066759,
    7.644211887267112,
    7.635496645412919,
    7.643112638849882,
    7.643368014307772,
    7.644008139835407,
    7.667220276642311,
    7.659063473922014,
    8.54268923507201,
    8.538100995999782,
    9.406376047687493,
    9.40665750241631,
    10.243582663054907,
    10.947257353446297,
    10.952404150893873,
    10.931122492582222,
    11.397874293869986,
    11.407817791804955,
    11.39768630324534,
    11.38358296273368,
    11.390294034146066,
    10.378191248901615,
    10.569501752923532,
    9.92734442188914,
    8.911849210368427,
    8.917877517868721,
    8.925352301287568,
    8.884201357258608,
    8.888120240249414,
    7.898542140130445,
    7.899827582270198,
    7.90479744576742,
    7.9043452284966875,
    7.9044750294842085,
    7.908822545492104,
    7.901762668960497,
    7.927696565051081,
    7.931120350281404,
    7.919144421395259,
    7.919147378367333,
    7.927339375857791,
    8.92728313208556,
    8.927127408455402,
    9.903641084881421,
    9.914021871946991,
    9.923791793840826,
    10.865612337977664,
    10.866289303179844,
    10.853547723807502,
    10.929298130511102,
    10.93080659538842,
    10.929914811753447,
    9.934721766711707,
    9.934722840956118,
    9.932049970922895,
    9.9367936187197,
    9.9367936187197,
    9.936793751888207,
    9.94656438779025,
    9.9506682565783,
    10.886369204687835,
    11.638936343221637,
    11.81357652677396,
    10.945596064203084,
    9.90479101047207,
    8.966924105846143,
    9.912358914342978,
    9.912567349085695,
    9.933210913619824,
    9.933938713404267,
    9.933938713404267,
    9.970861974389322,
    10.32987262173388,
    10.55367521356018,
    11.75733542996155,
    11.758133493547911,
    11.758133493547911,
    12.196915660720723,
    11.797471600962377,
    11.797471600962377,
    11.797100118372814,
    11.705695466240556,
    11.70416449506664,
    11.704969138297734,
    11.706299545069362,
    11.537839491832186,
    11.71004163026554,
    10.893916473888222,
    10.907524328972176,
    10.75384751614749,
    10.75384751614749,
    9.927428234873108,
    9.924856573562503,
    9.93356634666308,
    9.933542640538509,
    10.706414136214743,
    11.585428585250039,
    11.597408502284967,
    11.609643842410236,
    12.533105683680894,
    12.555933969859442,
    12.556210828592228,
    11.676148639220338,
    11.706131877820482,
    11.713216837861143,
    11.90340692796153,
    11.90340692796153,
    10.919522596467203,
    10.885229142643414,
    10.886167106450836,
    10.886167106450836,
    10.887120504737526,
    9.954716359226026,
    9.965942729722505,
    9.965953386848183,
    9.96596350924874,
    9.965868847144826,
    9.965869528477999,
    10.933496023972678,
    10.930124505691257,
    10.93041866532452,
    10.93231041062997,
    10.93245140015339,
    10.938518872359221,
    11.929802524314548,
    12.907735113578774,
    14.861165755204944,
    14.875079729413603,
    15.868662547546375
  ],
  "disconnected": false
}