{
  "scenario_id": 21,
  "scenario_type": "random",
  "initial_lambda2": 29.999999999999943,
  "final_lambda2": 0.0,
  "lambda2_reduction_pct": 100.0,
  "total_reward": 47.99103292665093,
  "steps": 200,
  "lambda2_trajectory": [
    29.999999999999943,
    29.999999999999943,
    29.999999999999943,
    29.999999999999943,
    29.999999999999943,
    29.999999999999943,
    29.999999999999943,
    29.999999999999943,
    29.999999999999943,
    29.999999999999943,
    29.999999999999943,
    29.999999999999943,
    29.999999999999943,
    29.999999999999943,
    29.999999999999943,
    29.999999999999943,
    29.999999999999943,
    29.999999999999943,
    29.999999999999943,
    29.999999999999943,
    29.999999999999943,
    29.999999999999943,
    29.999999999999943,
    29.999999999999943,
    29.999999999999943,
    29.999999999999943,
    29.999999999999943,
    29.999999999999943,
    29.999999999999943,
    29.999999999999943,
    29.999999999999943,
    0.0,
    29.999999999999943,
    0.0,
    29.999999999999943,
    0.0,
    29.999999999999943,
    0.0,
    29.999999999999943,
    0.0,
    29.999999999999943,
    29.999999999999943,
    29.999999999999943,
    29.999999999999943,
    29.999999999999943,
    29.999999999999943,
    29.999999999999943,
    29.999999999999943,
    29.999999999999943,
    29.999999999999943,
    29.999999999999943,
    29.999999999999943,
    29.999999999999943,
    29.999999999999943,
    29.999999999999943,
    29.999999999999943,
    29.999999999999943,
    29.999999999999943,
    29.999999999999943,
    29.999999999999943,
    29.999999999999943,
    0.0,
    29.999999999999943,
    0.0,
    29.999999999999943,
    0.0,
    29.999999999999943,
    0.0,
    29.999999999999943,
    0.0,
    29.999999999999943,
    29.999999999999943,
    29.999999999999943,
    29.999999999999943,
    29.999999999999943,
    29.999999999999943,
    29.999999999999943,
    29.999999999999943,
    29.999999999999943,
    29.999999999999943,
    29.999999999999943,
    29.999999999999943,
    29.999999999999943,
    29.999999999999943,
    29.999999999999943,
    29.999999999999943,
    29.999999999999943,
    29.999999999999943,
    29.999999999999943,
    29.999999999999943,
    29.999999999999943,
    29.999999999999943,
    29.999999999999943,
    29.999999999999943,
    29.999999999999943,
    29.999999999999943,
    29.999999999999943,
    29.999999999999943,
    29.999999999999943,
    29.999999999999943,
    29.999999999999943,
    0.0,
    29.999999999999943,
    0.0,
    29.999999999999943,
    0.0,
    29.999999999999943,
    0.0,
    29.999999999999943,
    0.0,
    29.999999999999943,
    0.0,
    0.0,
    0.0,
    0.0,
    0.0,
    0.0,
    0.0,
    0.0,
    0.0,
    0.0,
    0.0,
    29.999999999999943,
    0.0,
    29.999999999999943,
    0.0,
    29.999999999999943,
    0.0,
    29.999999999999943,
    0.0,
    29.999999999999943,
    0.0,
    29.999999999999943,
    0.0,
    29.999999999999943,
    0.0,
    29.999999999999943,
    0.0,
    29.999999999999943,
    0.0,
    29.999999999999943,
    0.0,
    29.999999999999943,
    0.0,
    29.999999999999943,
    0.0,
    29.999999999999943,
    0.0,
    29.999999999999943,
    0.0,
    29.999999999999943,
    0.0,
    0.0,
    0.0,
    0.0,
    0.0,
    0.0,
    0.0,
    0.0,
    0.0,
    0.0,
    0.0,
    29.999999999999943,
    0.0,
    29.999999999999943,
    0.0,
    29.999999999999943,
    0.0,
    29.999999999999943,
    0.0,
    29.999999999999943,
    29.999999999999943,
    29.999999999999943,
    29.999999999999943,
    29.999999999999943,
    29.999999999999943,
    29.999999999999943,
    29.999999999999943,
    29.999999999999943,
    29.999999999999943,
    29.999999999999943,
    0.0,
    0.0,
    0.0,
    0.0,
    0.0,
    0.0,
    0.0,
    0.0,
    0.0,
    0.0,
    0.0,
    0.0,
    0.0,
    0.0,
    0.0,
    0.0,
    0.0,
    0.0,
    0.0,
    0.0
  ],
  "disconnected": true
}