{
  "scenario_id": 57,
  "scenario_type": "clustered",
  "initial_lambda2": 29.999999999999943,
  "final_lambda2": -4.924199569574728e-16,
  "lambda2_reduction_pct": 100.0,
  "total_reward": 109.55503781237393,
  "steps": 200,
  "lambda2_trajectory": [
    29.999999999999943,
    -9.73245334854104e-16,
    -9.73245334854104e-16,
    -8.303621731645601e-16,
    -8.303621731645601e-16,
    -8.303621731645601e-16,
    -8.303621731645601e-16,
    -8.303621731645601e-16,
    -8.303621731645601e-16,
    -8.303621731645601e-16,
    -7.229864305756176e-16,
    -7.229864305756176e-16,
    -7.229864305756176e-16,
    1.507415759515596e-17,
    1.507415759515596e-17,
    1.507415759515596e-17,
    1.507415759515596e-17,
    1.507415759515596e-17,
    -6.200360043185985e-16,
    -6.200360043185985e-16,
    -6.200360043185985e-16,
    0.0,
    0.0,
    0.0,
    0.0,
    0.0,
    0.0,
    0.0,
    0.0,
    0.0,
    0.0,
    -7.481185403840385e-16,
    0.0,
    3.0362434261167184e-16,
    -1.6844263591605156e-16,
    6.210345394416001e-16,
    -1.2182947052431378e-17,
    -1.2182947052431378e-17,
    -2.6236364818146972e-15,
    -2.6236364818146972e-15,
    -2.6236364818146972e-15,
    -2.6236364818146972e-15,
    -1.1828836106235771e-15,
    -1.1828836106235771e-15,
    -1.1828836106235771e-15,
    -1.1828836106235771e-15,
    -1.1828836106235771e-15,
    -1.1828836106235771e-15,
    -1.1828836106235771e-15,
    -1.4818556769908425e-15,
    -1.4818556769908425e-15,
    -1.4818556769908425e-15,
    -8.571520738739752e-16,
    -1.4105002684508694e-15,
    -2.133259833749372e-15,
    -3.1934246514862168e-15,
    -1.409375484941358e-15,
    -1.409375484941358e-15,
    -1.409375484941358e-15,
    -1.409375484941358e-15,
    -1.917707572367165e-15,
    -2.201820898038192e-15,
    -4.185340716119398e-16,
    -4.185340716119398e-16,
    -1.065232139694416e-16,
    2.0859007876923597e-16,
    -8.29377914274404e-16,
    2.1262665485402817e-16,
    -4.4083151302381886e-18,
    -6.576935558398408e-16,
    -1.3472582161909816e-15,
    29.999999999999943,
    29.999999999999943,
    29.999999999999943,
    29.999999999999943,
    29.999999999999943,
    29.999999999999943,
    29.999999999999943,
    29.999999999999943,
    29.999999999999943,
    29.999999999999943,
    29.999999999999943,
    29.999999999999943,
    29.999999999999943,
    29.999999999999943,
    29.999999999999943,
    29.999999999999943,
    29.999999999999943,
    29.999999999999943,
    29.999999999999943,
    29.999999999999943,
    -3.3345979244289023e-15,
    29.999999999999943,
    -1.7340271184883544e-15,
    29.999999999999943,
    -3.1623732005603365e-16,
    29.999999999999943,
    -4.956231928145449e-15,
    29.999999999999943,
    -1.1885974600105817e-15,
    29.999999999999943,
    29.999999999999943,
    29.999999999999943,
    29.999999999999943,
    29.999999999999943,
    29.999999999999943,
    29.999999999999943,
    29.999999999999943,
    29.999999999999943,
    29.999999999999943,
    29.999999999999943,
    -2.174267770321678e-15,
    29.999999999999943,
    -2.0174551605859216e-16,
    29.999999999999943,
    -3.997162083588237e-15,
    29.999999999999943,
    -3.680649452582506e-15,
    29.999999999999943,
    -2.1092649455460505e-15,
    29.999999999999943,
    29.999999999999943,
    29.999999999999943,
    29.999999999999943,
    29.999999999999943,
    29.999999999999943,
    29.999999999999943,
    29.999999999999943,
    29.999999999999943,
    29.999999999999943,
    29.999999999999943,
    29.999999999999943,
    29.999999999999943,
    29.999999999999943,
    29.999999999999943,
    29.999999999999943,
    29.999999999999943,
    29.999999999999943,
    29.999999999999943,
    29.999999999999943,
    29.999999999999943,
    29.999999999999943,
    29.999999999999943,
    29.999999999999943,
    29.999999999999943,
    29.999999999999943,
    29.999999999999943,
    29.999999999999943,
    29.999999999999943,
    29.999999999999943,
    29.999999999999943,
    29.999999999999943,
    29.999999999999943,
    29.999999999999943,
    29.999999999999943,
    29.999999999999943,
    29.999999999999943,
    29.999999999999943,
    29.999999999999943,
    29.999999999999943,
    29.999999999999943,
    0.0,
    0.0,
    7.737389881036223e-17,
    7.737389881036223e-17,
    0.0,
    0.0,
    0.0,
    0.0,
    -5.331314971086786e-16,
    -5.331314971086786e-16,
    0.0,
    0.0,
    0.0,
    0.0,
    0.0,
    0.0,
    0.0,
    0.0,
    0.0,
    0.0,
    -1.5678809852354945e-15,
    -3.2548569440104027e-15,
    -1.3279335666071584e-15,
    -1.7332964426876136e-15,
    -2.0440689578451715e-15,
    -2.0440689578451715e-15,
    -2.0440689578451715e-15,
    -2.0871092400038274e-15,
    -2.0871092400038274e-15,
    1.8872332261018536e-16,
    -4.924199569574728e-16,
    -4.924199569574728e-16,
    -4.924199569574728e-16,
    -4.924199569574728e-16,
    -4.924199569574728e-16,
    -4.924199569574728e-16,
    -4.924199569574728e-16,
    -4.924199569574728e-16,
    -4.924199569574728e-16,
    -4.924199569574728e-16
  ],
  "disconnected": true
}