{
  "scenario_id": 78,
  "scenario_type": "grid",
  "initial_lambda2": 29.999999999999943,
  "final_lambda2": 29.999999999999943,
  "lambda2_reduction_pct": 0.0,
  "total_reward": 112.87485864947784,
  "steps": 200,
  "lambda2_trajectory": [
    29.999999999999943,
    29.999999999999943,
    29.999999999999943,
    29.999999999999943,
    29.999999999999943,
    29.999999999999943,
    29.999999999999943,
    29.999999999999943,
    29.999999999999943,
    29.999999999999943,
    29.999999999999943,
    -2.9088797155170045e-15,
    0.0,
    0.0,
    -2.5685691800292226e-15,
    -1.6125359440484639e-15,
    0.0,
    -2.5685691800292226e-15,
    -2.8402402081366117e-15,
    -2.8402402081366117e-15,
    -3.082836103334236e-15,
    0.0,
    0.0,
    0.0,
    0.0,
    -1.6364472329161854e-15,
    0.0,
    0.0,
    0.0,
    0.0,
    0.0,
    0.0,
    0.0,
    0.0,
    -1.1541602948450379e-15,
    0.0,
    -1.205078974998012e-15,
    0.0,
    0.0,
    0.0,
    -1.090535285305019e-15,
    0.0,
    0.0,
    0.0,
    0.0,
    0.0,
    0.0,
    0.0,
    0.0,
    0.0,
    0.0,
    0.0,
    0.0,
    0.0,
    0.0,
    0.0,
    0.0,
    0.0,
    0.0,
    0.0,
    0.0,
    0.0,
    0.0,
    0.0,
    0.0,
    0.0,
    0.0,
    0.0,
    0.0,
    0.0,
    0.0,
    0.0,
    0.0,
    0.0,
    0.0,
    0.0,
    0.0,
    0.0,
    0.0,
    0.0,
    0.0,
    -3.0672088451141176e-15,
    -1.730327468425884e-15,
    -5.088980835104356e-16,
    -5.088980835104356e-16,
    -5.088980835104356e-16,
    29.999999999999943,
    29.999999999999943,
    29.999999999999943,
    29.999999999999943,
    29.999999999999943,
    9.914100033513257,
    29.999999999999943,
    8.996205085264997,
    29.999999999999943,
    8.996204438028887,
    29.999999999999943,
    8.991919958890573,
    29.999999999999943,
    8.979680940430288,
    29.999999999999943,
    8.979698609934022,
    29.999999999999943,
    6.9857423525453335,
    29.999999999999943,
    6.000000000000006,
    29.999999999999943,
    5.997472741203537,
    29.999999999999943,
    4.000000000000002,
    29.999999999999943,
    4.000000000000002,
    2.9999999999999982,
    2.9999999999999982,
    2.999999999999996,
    1.999999999999999,
    0.9999999999999949,
    0.9999999999999958,
    0.999999999999992,
    0.9999999999999993,
    0.9999999999999993,
    -4.24749233824281e-15,
    29.999999999999943,
    0.0,
    29.999999999999943,
    0.0,
    29.999999999999943,
    29.999999999999943,
    29.999999999999943,
    29.999999999999943,
    29.999999999999943,
    29.999999999999943,
    29.999999999999943,
    29.999999999999943,
    29.999999999999943,
    29.999999999999943,
    29.999999999999943,
    29.999999999999943,
    29.999999999999943,
    29.999999999999943,
    29.999999999999943,
    29.999999999999943,
    29.999999999999943,
    29.999999999999943,
    29.999999999999943,
    29.999999999999943,
    29.999999999999943,
    29.999999999999943,
    29.999999999999943,
    29.999999999999943,
    29.999999999999943,
    -9.052449418116634e-16,
    -6.899243081584732e-16,
    -4.566321205991981e-16,
    -4.566321205991981e-16,
    -4.566321205991981e-16,
    -4.566321205991981e-16,
    -4.566321205991981e-16,
    -4.566321205991981e-16,
    0.0,
    0.0,
    -2.5708443700584753e-15,
    0.0,
    29.999999999999943,
    -2.390240614212004e-15,
    29.999999999999943,
    -2.390240614212004e-15,
    29.999999999999943,
    -2.390240614212004e-15,
    -2.068034015834642e-15,
    -2.390240614212004e-15,
    0.0,
    -2.0176614519671618e-15,
    0.0,
    -2.724680453516565e-15,
    -2.644694661637713e-15,
    -2.096891935398254e-15,
    0.0,
    -2.7071699941420134e-15,
    0.0,
    0.0,
    -1.3591821271144712e-15,
    -2.1582759733534004e-15,
    -2.1582759733534004e-15,
    -2.1582759733534004e-15,
    -2.1582759733534004e-15,
    -1.1695688429391287e-15,
    -1.1695688429391287e-15,
    -1.1695688429391287e-15,
    0.0,
    0.0,
    -2.8106367404246944e-15,
    29.999999999999943,
    -3.901151808994714e-15,
    29.999999999999943,
    -2.2115421690572284e-15,
    29.999999999999943,
    -1.82337374176936e-15,
    29.999999999999943,
    -4.585698369925098e-15,
    29.999999999999943
  ],
  "disconnected": false
}