{
  "scenario_id": 23,
  "scenario_type": "random",
  "initial_lambda2": 29.999999999999943,
  "final_lambda2": 0.0,
  "lambda2_reduction_pct": 100.0,
  "total_reward": 125.86361522859433,
  "steps": 200,
  "lambda2_trajectory": [
    29.999999999999943,
    0.0,
    0.0,
    0.0,
    0.0,
    0.0,
    0.0,
    0.0,
    0.0,
    0.0,
    -8.532341922382012e-16,
    -5.038528133426902e-16,
    -5.038528133426902e-16,
    -5.038528133426902e-16,
    -5.038528133426902e-16,
    -1.2456514084731583e-15,
    -1.2456514084731583e-15,
    -1.2456514084731583e-15,
    -9.125125778253937e-16,
    -1.953635843394964e-15,
    -1.953635843394964e-15,
    -1.455868205850107e-15,
    -3.269099515881588e-15,
    -3.269099515881588e-15,
    -3.269099515881588e-15,
    -2.286779846146709e-15,
    -2.286779846146709e-15,
    -2.286779846146709e-15,
    -2.286779846146709e-15,
    -2.286779846146709e-15,
    -2.286779846146709e-15,
    -6.560023866780742e-16,
    -2.4878480041194407e-15,
    -2.162952208007395e-15,
    -2.162952208007395e-15,
    -3.0651208517091502e-15,
    -3.0651208517091502e-15,
    -1.362189249175754e-15,
    2.1353476815458482e-16,
    -1.1790379557652468e-15,
    -1.1790379557652468e-15,
    8.322513627840497e-18,
    -1.8488011254979035e-15,
    -1.2548772554432324e-15,
    -1.5564766464881904e-15,
    -1.7644563726768018e-15,
    -4.60772111943992e-15,
    -3.3102995877568384e-15,
    -3.116125328844249e-15,
    -4.074877364839312e-15,
    -2.845384996936942e-15,
    2.5712987095553826e-16,
    -4.145494038819998e-16,
    0.0,
    0.0,
    -2.7447255318861246e-15,
    -3.0682428355199566e-15,
    0.0,
    -3.4679074167310835e-15,
    0.0,
    -3.042208306768612e-15,
    -3.833658551475557e-15,
    -2.0335515263077036e-15,
    -2.0335515263077036e-15,
    -1.1926587042894436e-15,
    4.2556003461737973e-16,
    0.0,
    0.0,
    29.999999999999943,
    29.999999999999943,
    29.999999999999943,
    29.999999999999943,
    29.999999999999943,
    29.999999999999943,
    29.999999999999943,
    29.999999999999943,
    29.999999999999943,
    29.999999999999943,
    29.999999999999943,
    29.999999999999943,
    29.999999999999943,
    0.0,
    -3.865247775529116e-15,
    -3.3196391557433935e-15,
    -3.0172575553556103e-15,
    -2.914441520824363e-15,
    0.0,
    0.0,
    0.0,
    -2.290154035509074e-15,
    0.0,
    -1.589386339264094e-15,
    0.0,
    0.0,
    -2.2155978312234727e-15,
    0.0,
    0.0,
    0.0,
    0.0,
    0.0,
    0.0,
    29.999999999999943,
    29.999999999999943,
    29.999999999999943,
    29.999999999999943,
    29.999999999999943,
    29.999999999999943,
    29.999999999999943,
    29.999999999999943,
    29.999999999999943,
    29.999999999999943,
    8.999999999999996,
    29.999999999999943,
    8.999999999999996,
    29.999999999999943,
    9.0,
    29.999999999999943,
    8.999999999999996,
    29.999999999999943,
    7.999999999999998,
    29.999999999999943,
    29.999999999999943,
    29.999999999999943,
    29.999999999999943,
    29.999999999999943,
    29.999999999999943,
    29.999999999999943,
    29.999999999999943,
    29.999999999999943,
    29.999999999999943,
    29.999999999999943,
    29.999999999999943,
    29.999999999999943,
    0.0,
    29.999999999999943,
    -3.589738616018174e-15,
    29.999999999999943,
    -4.163925038287678e-15,
    29.999999999999943,
    -2.6513186550161745e-15,
    29.999999999999943,
    29.999999999999943,
    29.999999999999943,
    29.999999999999943,
    29.999999999999943,
    29.999999999999943,
    29.999999999999943,
    29.999999999999943,
    29.999999999999943,
    29.999999999999943,
    29.999999999999943,
    8.616631209971302e-16,
    8.616631209971302e-16,
    -2.6210281249648017e-15,
    3.773400750826104e-16,
    -1.0154303620164156e-15,
    -4.148915126368844e-15,
    -4.148915126368844e-15,
    7.036771969042177e-16,
    -4.626130577963743e-16,
    1.0250331727878644e-15,
    -1.379848616316954e-15,
    -2.569535635694234e-15,
    -1.379848616316954e-15,
    8.972387375939707e-16,
    -1.379848616316954e-15,
    1.1003454165729844e-15,
    3.428441579003343e-17,
    -4.030561425050891e-15,
    0.0,
    1.3948503320595373e-15,
    -3.90608529389678e-16,
    0.0,
    -3.90608529389678e-16,
    0.0,
    -3.90608529389678e-16,
    0.0,
    -3.90608529389678e-16,
    0.0,
    -3.90608529389678e-16,
    -2.3583489988717013e-15,
    0.0,
    0.0,
    -3.2942271456995985e-15,
    0.0,
    0.0,
    0.0,
    0.0,
    0.0,
    0.0,
    0.0,
    0.0,
    0.0,
    0.0,
    0.0,
    0.0,
    -2.5563145128043783e-15,
    0.0,
    0.0,
    0.0,
    0.0
  ],
  "disconnected": true
}