{
  "scenario_id": 8,
  "scenario_type": "random",
  "initial_lambda2": 29.999999999999943,
  "final_lambda2": 0.0,
  "lambda2_reduction_pct": 100.0,
  "total_reward": 137.028426438247,
  "steps": 200,
  "lambda2_trajectory": [
    29.999999999999943,
    29.999999999999943,
    29.999999999999943,
    29.999999999999943,
    29.999999999999943,
    29.999999999999943,
    29.999999999999943,
    29.999999999999943,
    29.999999999999943,
    29.999999999999943,
    29.999999999999943,
    -1.105809639757459e-15,
    29.999999999999943,
    -4.6671188520743867e-17,
    29.999999999999943,
    -4.4407386296321097e-16,
    29.999999999999943,
    -7.308237583613081e-16,
    29.999999999999943,
    -8.92617043006798e-16,
    29.999999999999943,
    -8.521537726601897e-16,
    -8.521537726601897e-16,
    -8.521537726601897e-16,
    -2.2756462837355424e-15,
    -1.0175689015968963e-15,
    -1.0175689015968963e-15,
    4.099177220187206e-16,
    4.099177220187206e-16,
    4.099177220187206e-16,
    4.099177220187206e-16,
    0.0,
    0.0,
    0.0,
    0.0,
    0.0,
    0.0,
    0.0,
    -8.56670951065654e-16,
    0.0,
    0.0,
    0.0,
    -7.788068543042595e-16,
    -8.300143155503168e-16,
    -2.7489060608556793e-15,
    0.0,
    -1.1452767349996432e-15,
    0.0,
    -1.5711754597937113e-15,
    0.0,
    9.298829003017262e-18,
    0.0,
    0.0,
    0.0,
    0.0,
    0.0,
    0.0,
    0.0,
    0.0,
    0.0,
    -4.980801943063968e-16,
    0.0,
    0.0,
    0.0,
    0.0,
    0.0,
    0.0,
    0.0,
    0.0,
    0.0,
    0.0,
    -1.2030325329175083e-15,
    -5.909591973510399e-17,
    -1.1987476384589374e-15,
    -5.909591973510399e-17,
    -1.2432379049742593e-15,
    6.412143723215708e-17,
    -1.2432379049742593e-15,
    -2.115822736156232e-16,
    -1.2432379049742593e-15,
    1.0143551715744696e-15,
    0.0,
    -4.6030004103686654e-17,
    0.0,
    -7.029496732210656e-16,
    0.0,
    3.167751886789286e-15,
    0.0,
    0.9999999999999969,
    0.0,
    0.9999999999999949,
    29.999999999999943,
    29.999999999999943,
    29.999999999999943,
    29.999999999999943,
    29.999999999999943,
    29.999999999999943,
    29.999999999999943,
    29.999999999999943,
    29.999999999999943,
    29.999999999999943,
    29.999999999999943,
    29.999999999999943,
    29.999999999999943,
    29.999999999999943,
    29.999999999999943,
    29.999999999999943,
    29.999999999999943,
    29.999999999999943,
    29.999999999999943,
    29.999999999999943,
    1.9999999999999947,
    1.9999999999999973,
    2.000000000000002,
    2.000000000000002,
    2.000000000000001,
    1.999999999999996,
    1.0000000000000013,
    -2.339850848119886e-16,
    8.66881689637268e-15,
    2.8806839933638727e-15,
    0.0,
    0.0,
    0.0,
    0.0,
    -7.564172281828678e-16,
    -7.564172281828678e-16,
    -7.564172281828678e-16,
    -7.564172281828678e-16,
    -1.0469684606769791e-15,
    -1.0469684606769791e-15,
    2.9999999999999982,
    2.999999999999999,
    2.9999999999999982,
    2.999999999999994,
    2.9999999999999956,
    2.999999999999999,
    3.0000000000000013,
    2.999999999999999,
    2.9999999999999947,
    3.000000000000004,
    29.999999999999943,
    29.999999999999943,
    29.999999999999943,
    29.999999999999943,
    29.999999999999943,
    29.999999999999943,
    29.999999999999943,
    29.999999999999943,
    29.999999999999943,
    29.999999999999943,
    -7.560754168433704e-16,
    -9.781200217684017e-16,
    -9.781200217684017e-16,
    -9.781200217684017e-16,
    1.6241514785236037e-16,
    1.6241514785236037e-16,
    1.6241514785236037e-16,
    -3.432579323109723e-15,
    -3.432579323109723e-15,
    -3.432579323109723e-15,
    -2.7664455083346293e-15,
    -1.488990929090362e-15,
    -2.7664455083346293e-15,
    -2.7664455083346293e-15,
    -1.6965498602562052e-15,
    -1.6965498602562052e-15,
    -3.4046455434722263e-15,
    -3.4046455434722263e-15,
    -4.350804478954618e-15,
    3.3685644981064436e-16,
    -3.370010130570067e-15,
    -2.9563675708294774e-15,
    -4.751865054877406e-16,
    -2.394976599692425e-15,
    -3.170444918333859e-15,
    -4.7352842618497486e-15,
    -7.871623392646672e-16,
    -4.4125557126236244e-15,
    -2.589830354096084e-15,
    -2.685197409281466e-15,
    -5.197616643801065e-16,
    0.0,
    0.0,
    -2.4942080251280277e-15,
    0.0,
    0.0,
    0.0,
    -2.9083744155511376e-15,
    0.0,
    -3.1987429161107677e-15,
    0.0,
    0.0,
    0.0,
    0.0,
    0.0,
    -1.7044644689856123e-15,
    0.0,
    0.0,
    0.0,
    0.0
  ],
  "disconnected": true
}