{
  "scenario_id": 47,
  "scenario_type": "clustered",
  "initial_lambda2": 29.999999999999943,
  "final_lambda2": 29.999999999999943,
  "lambda2_reduction_pct": 0.0,
  "total_reward": 149.92090089047898,
  "steps": 200,
  "lambda2_trajectory": [
    29.999999999999943,
    1.7618962224105312,
    9.214896883105844,
    1.6674694247990058,
    9.867195880366083,
    1.9423368351262935,
    10.475353232651695,
    1.9888133361006277,
    10.48727678279532,
    1.8833219076698842,
    10.377014060602757,
    0.6059293112711628,
    0.9080779567676818,
    0.6057495007709621,
    0.9131534386299535,
    0.7800953094216315,
    0.9272093496587114,
    0.7454331804643464,
    1.7533951080105687,
    0.7042930469256921,
    1.8461072819734206,
    0.9270504437040177,
    1.7450701517419125,
    0.9283603800166371,
    1.7593098942164227,
    1.612203302297849,
    1.7230313972122757,
    2.253517491063749,
    0.8678844456573119,
    2.4477921608523614,
    1.8110562717421486,
    10.801327838213963,
    29.999999999999943,
    11.300758013023051,
    29.999999999999943,
    11.259680472629611,
    29.999999999999943,
    11.485261904541748,
    29.999999999999943,
    11.861324302476625,
    29.999999999999943,
    8.594646812580812,
    8.683970072213814,
    9.342615013507476,
    9.470175861900902,
    9.407665951306111,
    9.101423230242645,
    9.061853095059394,
    9.166574482285139,
    9.166574482285139,
    9.201914254325235,
    9.136668213221473,
    9.00841285846704,
    9.01320207460736,
    8.78883414597005,
    8.498048734571597,
    8.583562798958695,
    8.519128533578929,
    8.29146129874794,
    8.176076517149259,
    8.18110214861224,
    8.24934355778251,
    8.137769105679961,
    8.21241629796394,
    7.881313593162137,
    8.020902783465665,
    8.321015734702407,
    8.198403010984691,
    7.914951233216646,
    7.914951233216646,
    8.188006898880275,
    2.0708019047644264,
    2.1985254526868303,
    1.9316767741653331,
    1.9316767741653331,
    2.1582152672703856,
    2.2230095838827904,
    2.1157297099502568,
    1.908050721592145,
    1.778002264642848,
    1.753928539850628,
    3.25909520908883,
    3.25909520908883,
    3.2592091351638928,
    3.1837002833659804,
    3.0686763905485,
    3.0502329191183852,
    3.0665486546732463,
    3.125547535987443,
    3.2266670082889797,
    3.357506889446503,
    3.496749209806018,
    3.4017202937041873,
    3.463164369344832,
    3.429136365053589,
    3.4096829719371406,
    3.505545178132799,
    3.8374030624564304,
    3.8901617789899534,
    3.9841049222891174,
    3.9813792185488337,
    5.769443024261108,
    5.96793624636231,
    5.705362892588356,
    5.7101007625155376,
    5.7101007625155376,
    6.010633550846537,
    5.545022582775683,
    5.129797944411662,
    5.160326079154402,
    4.330780954696234,
    4.1283210359074385,
    4.1283210359074385,
    4.165573478327592,
    4.499700351367442,
    4.382864775332437,
    4.267756324863634,
    4.118929709955119,
    3.5585886043291417,
    3.9783864249180123,
    3.6931941216203006,
    4.118681564983325,
    4.022135238268934,
    4.059951363189269,
    4.0218904901163945,
    3.8111873813016546,
    3.8111873813016546,
    3.4010876515312614,
    3.379341355691084,
    3.4691378817901564,
    3.4514817656978067,
    3.3356547197478683,
    3.1119310274507725,
    2.891808021480207,
    3.13820953365052,
    3.270847715005134,
    3.1957863668901707,
    3.1957863668901707,
    3.2934624102999326,
    3.5969167398689716,
    3.5969083243236617,
    9.876729748759903,
    9.575113735672826,
    9.316698421511841,
    9.100845073961565,
    8.818495378883966,
    8.818495378883966,
    9.255141804855544,
    9.234707845812046,
    9.233882183567442,
    9.520009770244364,
    9.719724099463075,
    9.719724099463075,
    9.866370704801238,
    10.070882940156693,
    9.957118008932644,
    9.988735103526192,
    9.901088463899956,
    9.886376981927178,
    9.525342564047392,
    9.946701841169002,
    7.75912591828304,
    7.768633211088529,
    7.7567474144901585,
    7.7567474144901585,
    7.738207394390372,
    7.7206903824997735,
    7.718663525875396,
    8.649034332949231,
    8.647464617805745,
    8.655130849285875,
    4.706407854663706,
    4.768927388452247,
    4.60298413157958,
    4.579617689123554,
    4.502508663159904,
    4.5989009691916065,
    4.669625890844213,
    4.5946482971403135,
    4.46238960994298,
    4.256066596300839,
    10.969398072418347,
    10.969398072418347,
    10.878997097352638,
    11.07551264148883,
    11.065105703283518,
    10.943559100251818,
    11.30012669740499,
    11.671603055219519,
    11.388223314132835,
    11.381477059575715,
    29.999999999999943,
    29.999999999999943,
    29.999999999999943,
    29.999999999999943,
    29.999999999999943,
    29.999999999999943,
    29.999999999999943,
    29.999999999999943,
    29.999999999999943,
    29.999999999999943
  ],
  "disconnected": false
}