{
  "scenario_id": 6,
  "scenario_type": "random",
  "initial_lambda2": 29.999999999999943,
  "final_lambda2": 0.0,
  "lambda2_reduction_pct": 100.0,
  "total_reward": 137.1555651045768,
  "steps": 200,
  "lambda2_trajectory": [
    29.999999999999943,
    0.0,
    0.0,
    0.0,
    0.0,
    0.0,
    0.0,
    0.0,
    0.0,
    0.0,
    -4.92419956957455e-16,
    -4.92419956957455e-16,
    -4.92419956957455e-16,
    -4.92419956957455e-16,
    -6.727110327954936e-16,
    -6.727110327954936e-16,
    -5.676644123384107e-16,
    0.0,
    0.0,
    -1.2689748402753135e-15,
    -1.2689748402753135e-15,
    -1.2689748402753135e-15,
    0.0,
    0.0,
    0.0,
    0.0,
    0.0,
    0.0,
    0.0,
    -1.9709876699090173e-15,
    0.0,
    0.0,
    -1.6625204799816298e-15,
    -1.6625204799816298e-15,
    -1.0038865521842186e-15,
    -1.8149215705493963e-15,
    0.0,
    -5.115611673839011e-16,
    0.0,
    -5.115611673839011e-16,
    -1.037790910342938e-15,
    29.999999999999943,
    29.999999999999943,
    29.999999999999943,
    29.999999999999943,
    29.999999999999943,
    29.999999999999943,
    29.999999999999943,
    29.999999999999943,
    29.999999999999943,
    29.999999999999943,
    -1.656819759230188e-15,
    0.0,
    -2.3773940391552793e-15,
    -2.874790195156598e-15,
    -2.7049088010709223e-15,
    0.0,
    0.0,
    0.0,
    0.0,
    -3.210158483260965e-15,
    29.999999999999943,
    29.999999999999943,
    29.999999999999943,
    29.999999999999943,
    29.999999999999943,
    29.999999999999943,
    29.999999999999943,
    29.999999999999943,
    29.999999999999943,
    29.999999999999943,
    29.999999999999943,
    29.999999999999943,
    29.999999999999943,
    29.999999999999943,
    29.999999999999943,
    29.999999999999943,
    29.999999999999943,
    29.999999999999943,
    29.999999999999943,
    29.999999999999943,
    29.999999999999943,
    29.999999999999943,
    29.999999999999943,
    29.999999999999943,
    29.999999999999943,
    29.999999999999943,
    29.999999999999943,
    29.999999999999943,
    29.999999999999943,
    29.999999999999943,
    0.0,
    -3.3947502695484242e-15,
    0.0,
    -4.499372613452345e-15,
    0.0,
    -2.4430769206999228e-15,
    0.0,
    -2.9616571466456055e-15,
    0.0,
    -1.2953582287227834e-15,
    0.0,
    -2.005408203329982e-15,
    0.0,
    -3.2354589406696314e-15,
    0.0,
    -3.3652131586837595e-15,
    0.0,
    -3.0189917288037696e-15,
    0.0,
    -1.9823347665755283e-15,
    -3.845306696016344e-15,
    -1.2422722286544397e-15,
    -1.4586858101016607e-15,
    -1.6877182682653862e-15,
    -1.2214018923313135e-15,
    -3.2738531635888402e-15,
    -3.8429172455851425e-15,
    -3.665775506022672e-15,
    -1.3690022979101348e-15,
    -1.3690022979101348e-15,
    -2.8201150661257982e-15,
    -1.917296908241785e-15,
    -1.917296908241785e-15,
    -9.026779563140349e-16,
    -3.13769973695548e-15,
    -3.438349872940548e-15,
    -5.7590748687598206e-15,
    -3.534122531452567e-15,
    -3.5843514874295434e-16,
    -2.9578255367316737e-15,
    29.999999999999943,
    29.999999999999943,
    29.999999999999943,
    29.999999999999943,
    29.999999999999943,
    29.999999999999943,
    29.999999999999943,
    29.999999999999943,
    29.999999999999943,
    29.999999999999943,
    0.0,
    -2.1455971283049076e-15,
    0.0,
    -1.1901778682740155e-15,
    0.0,
    -1.1875470500513522e-15,
    0.0,
    -1.96113856715353e-15,
    0.0,
    -2.4608760907694105e-15,
    -2.492921721214182e-15,
    -2.492921721214182e-15,
    0.0,
    0.0,
    0.0,
    0.0,
    0.0,
    -1.7085094250646287e-15,
    0.0,
    0.0,
    0.0,
    0.0,
    0.0,
    0.0,
    0.0,
    0.0,
    0.0,
    -2.7275638657397837e-15,
    0.0,
    -2.362401513849817e-15,
    -1.5056824431176988e-15,
    -2.9797181072217165e-15,
    -1.8330490644947743e-15,
    0.0,
    0.0,
    0.0,
    0.0,
    0.0,
    0.0,
    0.0,
    0.0,
    0.0,
    0.0,
    0.0,
    0.0,
    0.0,
    0.0,
    -3.386926874641114e-15,
    -4.924199569574649e-16,
    -3.0646514345553494e-15,
    0.0,
    0.0,
    0.0,
    0.0,
    0.0,
    0.0,
    0.0,
    0.0,
    0.0,
    0.0
  ],
  "disconnected": true
}