{
  "scenario_id": 67,
  "scenario_type": "grid",
  "initial_lambda2": 29.999999999999943,
  "final_lambda2": 9.023583948835492e-16,
  "lambda2_reduction_pct": 100.0,
  "total_reward": 178.18591687188857,
  "steps": 200,
  "lambda2_trajectory": [
    29.999999999999943,
    0.0,
    0.0,
    0.0,
    -2.4841545649750885e-15,
    0.0,
    0.0,
    -1.9279817363145364e-15,
    0.0,
    0.0,
    0.0,
    0.0,
    -2.0484797385284413e-15,
    -2.914916215726781e-15,
    0.0,
    0.0,
    0.0,
    0.0,
    0.0,
    0.0,
    0.0,
    0.0,
    0.0,
    0.0,
    0.0,
    0.0,
    0.0,
    0.0,
    0.0,
    0.0,
    0.0,
    0.0,
    0.0,
    0.0,
    0.0,
    -2.2904810669515014e-15,
    -2.4254923374407675e-15,
    -1.3194248342241914e-15,
    -1.3194248342241914e-15,
    -1.5538364022675342e-15,
    0.0,
    0.0,
    -1.548828207530282e-15,
    -2.0062560322633827e-15,
    -1.5874637695721917e-15,
    -1.5874637695721917e-15,
    -2.8461171057159e-15,
    0.0,
    0.0,
    0.0,
    -1.9060268853221626e-15,
    0.0,
    -1.701382605109578e-15,
    0.0,
    0.0,
    0.0,
    0.0,
    0.0,
    0.0,
    -1.8831928179562184e-15,
    -1.8831928179562184e-15,
    0.0,
    0.0,
    0.0,
    -1.3141068746017325e-15,
    -1.3141068746017325e-15,
    -1.3141068746017325e-15,
    -1.4638776567675054e-15,
    -1.4638776567675054e-15,
    0.0,
    0.0,
    -2.3317896325472134e-15,
    0.0,
    0.0,
    -2.1104281427416902e-15,
    0.0,
    -2.1104281427416902e-15,
    0.0,
    0.0,
    0.0,
    -1.5096625625599888e-15,
    0.0,
    0.0,
    0.0,
    0.0,
    -1.2380121192308697e-15,
    -2.4182177337209288e-15,
    -1.7673080455918144e-16,
    -2.0680103622932754e-16,
    -9.261122861272508e-16,
    -9.261122861272508e-16,
    4.642957830515757e-16,
    4.642957830515757e-16,
    -1.986277803120857e-15,
    -1.986277803120857e-15,
    -1.1056450843378953e-15,
    -1.1056450843378953e-15,
    -1.2079429512932082e-15,
    -1.2079429512932082e-15,
    -4.210809391543807e-16,
    -4.210809391543807e-16,
    -2.0494890147091717e-15,
    -9.097562329965439e-16,
    -9.097562329965439e-16,
    -2.5522567391667854e-15,
    -2.2314276582842935e-15,
    -1.7850628815703863e-15,
    -1.7850628815703863e-15,
    -9.99773492679841e-16,
    -3.6510906382595685e-16,
    -3.6510906382595685e-16,
    -3.6510906382595685e-16,
    -1.4932055970723887e-15,
    -1.4932055970723887e-15,
    -2.0596180485961184e-15,
    3.4232971416311525e-17,
    3.4232971416311525e-17,
    -9.723575310014472e-16,
    -9.723575310014472e-16,
    -1.943605489001964e-15,
    -1.943605489001964e-15,
    -1.943605489001964e-15,
    -2.719883226005228e-15,
    -1.8622952661394784e-15,
    -5.486984138627029e-16,
    -7.862123857938094e-16,
    -7.555505506117742e-16,
    -7.555505506117742e-16,
    -9.60552639038849e-16,
    -8.657674678209494e-16,
    -1.963506487682861e-15,
    0.0,
    -3.7477518269494964e-16,
    0.0,
    -2.715642559447453e-16,
    0.0,
    -2.348785168699081e-15,
    0.0,
    -2.6236134688025184e-15,
    0.0,
    -2.6236134688025184e-15,
    -2.6236134688025184e-15,
    -1.5254936081731827e-16,
    -1.5254936081731827e-16,
    -2.381342456090104e-15,
    -1.5027294042814222e-15,
    -6.600172024959665e-16,
    -6.97313858926719e-16,
    -5.327930395964631e-15,
    -1.6370697730789533e-15,
    -2.5673967271977555e-15,
    -2.5673967271977555e-15,
    -2.5673967271977555e-15,
    -2.4552892946984865e-16,
    -4.2309950026185094e-16,
    -3.2669664932994843e-15,
    -2.3379979879291325e-16,
    -1.3956135048354986e-15,
    -1.373371283947877e-15,
    -6.0957298739155235e-16,
    -8.7032200535341535e-16,
    -8.7032200535341535e-16,
    -1.5434774173164552e-15,
    -2.2522726827793456e-15,
    -1.3815075924069666e-15,
    -6.363868333259631e-16,
    1.613122616599687e-17,
    9.702901341328524e-16,
    -1.036603497650137e-15,
    -2.2738548780242233e-15,
    -2.2738548780242233e-15,
    29.999999999999943,
    29.999999999999943,
    29.999999999999943,
    29.999999999999943,
    29.999999999999943,
    29.999999999999943,
    29.999999999999943,
    29.999999999999943,
    29.999999999999943,
    29.999999999999943,
    -9.481584021458867e-16,
    -3.2380969872587715e-15,
    -4.8582843910333736e-15,
    -2.3866270227563116e-15,
    -3.5570197748880405e-15,
    -3.2316730964191e-16,
    4.0537978829852024e-16,
    -1.7345758864423813e-15,
    -1.3709770511017304e-15,
    -3.0397009982530063e-15,
    29.999999999999943,
    -3.836335192260248e-15,
    29.999999999999943,
    -3.9299821490064475e-15,
    29.999999999999943,
    -3.9299821490064475e-15,
    29.999999999999943,
    -3.648079546346843e-16,
    29.999999999999943,
    9.023583948835492e-16
  ],
  "disconnected": true
}