{
  "scenario_id": 20,
  "scenario_type": "random",
  "initial_lambda2": 29.999999999999943,
  "final_lambda2": 20.86963203624782,
  "lambda2_reduction_pct": 30.434559879173804,
  "total_reward": 149.52555613725391,
  "steps": 200,
  "lambda2_trajectory": [
    29.999999999999943,
    7.173830643377594,
    7.021877385836234,
    7.208340077350961,
    7.230520704326571,
    7.227395945129267,
    4.800025765371407,
    4.517292013072073,
    4.517292013072073,
    4.3127015582807875,
    4.317924149234157,
    4.7860049518647685,
    4.987521080503182,
    4.726279314335953,
    4.732376877521,
    4.87504883836114,
    4.686847527060468,
    5.313169627457526,
    5.595993733155296,
    5.596231936958142,
    5.985575865463193,
    5.982670816442756,
    6.208523271086926,
    6.373487657238596,
    6.121849118420283,
    6.164784347057509,
    6.164784347057509,
    6.197812453999235,
    6.193294778774822,
    6.453590079950889,
    6.455006593331197,
    6.698649047352776,
    6.840819949556849,
    7.021143641066349,
    7.146861766450765,
    7.049996921645434,
    7.012197161876671,
    7.11632307122278,
    7.119017918788039,
    7.827729130815611,
    8.10025950055936,
    8.233051065395923,
    8.119697090098775,
    8.120310632242706,
    8.306528130341855,
    9.300883296543233,
    9.919288416569238,
    10.205521869943528,
    10.224465041964088,
    9.952861764675447,
    9.451630455840284,
    9.08756497707341,
    9.660851902173448,
    9.480400591253758,
    9.484158919633067,
    9.580907160490028,
    9.585463821646417,
    9.589821804663995,
    9.725208528974946,
    9.752128224760007,
    9.869128537665834,
    9.245422825618242,
    8.213793879326623,
    8.215752522169076,
    8.232572955929395,
    8.270239516908411,
    8.48254568092046,
    7.608350318731885,
    7.629507587096931,
    7.641077730926797,
    7.641701808918567,
    7.641708681077075,
    7.519736406457829,
    7.631052757027268,
    8.515367996035259,
    8.515259477953173,
    8.515259477953173,
    8.515302224756894,
    8.526628474360564,
    8.412758998003884,
    8.412758998003884,
    8.044079124895617,
    8.06599470062418,
    8.082009242188278,
    8.097215343764411,
    8.461052808503556,
    8.409276066933952,
    8.42426316662463,
    7.5648854841399,
    7.571750913865808,
    7.5789313761504395,
    6.696769433882272,
    6.696769433882272,
    7.587950393344201,
    7.594078017894898,
    7.601991181749957,
    7.601991181749957,
    7.6020209158503995,
    6.782985692190945,
    6.8270480566846725,
    7.7838296761057535,
    7.783836445852474,
    7.783836445852474,
    9.621776877348399,
    9.615130749825315,
    10.417700264027538,
    10.435531425239386,
    10.435531425239386,
    10.33877222764314,
    10.56225267715757,
    10.545783973089758,
    10.416976243234938,
    10.416976243234938,
    10.61659065468195,
    10.61659065468195,
    10.616637485463695,
    10.604252416895445,
    10.616637485463691,
    11.4138643495777,
    12.024815739262102,
    12.032534766186867,
    12.421491296797772,
    12.637156021466676,
    12.637156021466676,
    12.637156021466676,
    11.737794135568134,
    11.737794135568134,
    11.792583614837238,
    11.792583614837238,
    11.792583614837238,
    11.832958133675127,
    11.832958133675127,
    11.832958133675127,
    11.832958133675127,
    11.832958133675127,
    12.790367289798628,
    12.790367289798628,
    12.84450882993969,
    12.84450882993969,
    12.828997540859177,
    12.837610469450533,
    12.837610469450533,
    12.844508769047756,
    12.850155554330616,
    12.85011608793278,
    12.85011608793278,
    12.85011608793278,
    13.828234118081664,
    12.950770573615022,
    12.963197999339686,
    12.964173182336733,
    12.964173182336733,
    12.964173182336733,
    13.946705036333103,
    13.946705036333103,
    14.93295706014417,
    14.94988532541202,
    14.94988532541202,
    15.923529525096248,
    15.939369505576217,
    15.95035158382508,
    15.950328240113507,
    15.950328240113507,
    15.949977706994272,
    15.949977706994272,
    15.949977706994272,
    16.924574861456097,
    16.89988189116224,
    16.89988189116224,
    16.89988189116224,
    17.863762551317382,
    17.863762551317382,
    17.863762551317382,
    18.779791971605892,
    18.779791971605892,
    18.7793725999271,
    19.678913077007234,
    19.715878616105595,
    19.715878616105595,
    19.715878616105595,
    19.715878616105595,
    20.337430330946887,
    20.337430330946898,
    20.337430330946898,
    20.337430330946898,
    20.568047491414152,
    20.72120448814221,
    20.72120448814221,
    20.72120448814221,
    20.568047491414166,
    20.343562816884425,
    20.343562816884425,
    20.256029277274838,
    20.256029277274838,
    20.256029277274838,
    20.256029277274838,
    20.256029277274838,
    20.256029277274838,
    20.764655180914044,
    20.78761728650829,
    20.86963203624782
  ],
  "disconnected": false
}