{
  "scenario_id": 55,
  "scenario_type": "clustered",
  "initial_lambda2": 29.999999999999943,
  "final_lambda2": 6.446790057378069,
  "lambda2_reduction_pct": 78.51069980873973,
  "total_reward": 112.94298597913266,
  "steps": 200,
  "lambda2_trajectory": [
    29.999999999999943,
    17.999999999999996,
    17.999999999999996,
    16.999999999999996,
    16.999999999999996,
    16.999999999999996,
    15.953939896629349,
    15.999999999999998,
    15.953957976929157,
    15.953957976929157,
    15.953957976929157,
    15.95375539228192,
    15.953930078550348,
    15.91300387795756,
    14.925099465884138,
    14.876602836473062,
    14.90174677184896,
    14.901746800620291,
    14.89955295793619,
    14.898784507125637,
    14.907463955731515,
    15.0,
    16.790747091621636,
    29.999999999999943,
    16.789749887190364,
    29.999999999999943,
    14.917477086031191,
    29.999999999999943,
    14.917046257195498,
    29.999999999999943,
    15.918548025345064,
    29.999999999999943,
    29.999999999999943,
    29.999999999999943,
    29.999999999999943,
    29.999999999999943,
    29.999999999999943,
    29.999999999999943,
    29.999999999999943,
    29.999999999999943,
    29.999999999999943,
    29.999999999999943,
    29.999999999999943,
    29.999999999999943,
    29.999999999999943,
    29.999999999999943,
    29.999999999999943,
    29.999999999999943,
    10.497025354513912,
    10.548982059165349,
    29.999999999999943,
    29.999999999999943,
    29.999999999999943,
    29.999999999999943,
    29.999999999999943,
    29.999999999999943,
    29.999999999999943,
    29.999999999999943,
    29.999999999999943,
    29.999999999999943,
    29.999999999999943,
    18.5792529872914,
    18.936746715445143,
    18.936746715445143,
    18.93134450700384,
    18.93134450700384,
    18.505501379017378,
    18.505501379017378,
    18.505501379017378,
    18.505501379017378,
    18.505501379017378,
    17.78196571918223,
    17.79677955519988,
    17.79677955519988,
    16.90398411558601,
    16.91454383492073,
    16.91454383492073,
    16.89128492675105,
    16.886898789191136,
    18.83510599987502,
    16.88824755742728,
    19.742224273490212,
    16.87029856598163,
    19.607249843630225,
    16.85335467080894,
    19.52430435016528,
    16.552263452094003,
    18.984391116728677,
    16.564899151923097,
    19.092208998907697,
    16.570164893540817,
    11.492565828290298,
    11.49164854336147,
    11.406489334722965,
    11.46431697907015,
    11.405297573463674,
    11.112584172655795,
    10.840359460653666,
    10.672414819369852,
    10.618579397170627,
    10.368162880391559,
    4.918555066076207,
    7.551373968410713,
    5.5888716723496294,
    5.769477601235598,
    5.801095455805615,
    5.836678922716653,
    5.954876187067662,
    6.847605559739676,
    6.953690518194573,
    6.956193345370199,
    6.523965715518219,
    4.9075537283267705,
    6.996221254017492,
    4.921739809888059,
    7.059705729650666,
    4.977985581518701,
    7.218285423372048,
    5.949610033448145,
    7.458516249801967,
    6.664675486542856,
    7.554809671766183,
    6.737841808288748,
    7.307315953062073,
    6.851876176606271,
    7.494972979012108,
    5.951474103000724,
    7.430630714146272,
    6.888225149422217,
    7.621977965747744,
    7.586627065502364,
    7.890611975573494,
    8.04765844181583,
    8.20223841290996,
    8.397714694735928,
    8.518064709511274,
    8.518064709511274,
    8.849516643780285,
    9.049427361252889,
    9.287008876206798,
    9.287008876206798,
    10.258992287406615,
    12.585319770413156,
    10.170032064819635,
    12.400492700210673,
    10.243567416825426,
    12.45795524419561,
    10.220009346115438,
    12.391919157406608,
    9.671092075486158,
    12.488392221690624,
    9.506785691677457,
    9.951926968988738,
    10.020789635669669,
    10.399233229482942,
    10.369258090538118,
    10.457009287465443,
    9.717301766111007,
    8.866872994995017,
    8.867310229369131,
    10.415643623209832,
    11.255284144526186,
    10.659921389274526,
    10.646093681689472,
    10.779843592937599,
    10.719624927732728,
    10.771418581593451,
    10.746328911306438,
    11.158563789209097,
    10.755280071269144,
    10.749937414426078,
    10.989448361689941,
    11.087857158125157,
    11.294099716686391,
    11.858080255176628,
    11.618018283255132,
    11.575392035394952,
    11.623718991852106,
    11.663608593329403,
    11.563021136864407,
    11.578688162585735,
    5.191389747400421,
    5.230346014352951,
    5.045419637720853,
    5.105810853559146,
    5.285656988086403,
    5.103463612429859,
    5.519274016983337,
    5.2248296112851165,
    5.346808542738011,
    5.346006632905623,
    10.491922839464088,
    5.4394634377034015,
    11.33357353862936,
    6.722980246026505,
    11.372444241835009,
    6.712202782678442,
    10.656323277439956,
    6.795257165971955,
    10.716126960183121,
    6.446790057378069
  ],
  "disconnected": false
}