{
  "scenario_id": 51,
  "scenario_type": "clustered",
  "initial_lambda2": 29.999999999999943,
  "final_lambda2": 29.999999999999943,
  "lambda2_reduction_pct": 0.0,
  "total_reward": 132.73750725285882,
  "steps": 200,
  "lambda2_trajectory": [
    29.999999999999943,
    0.0,
    0.0,
    0.0,
    0.0,
    0.0,
    0.0,
    0.0,
    0.0,
    0.0,
    0.0,
    -3.0271329494169973e-15,
    0.0,
    -3.0271329494169973e-15,
    0.0,
    1.801972041543239e-17,
    0.0,
    -7.108136530056478e-16,
    0.0,
    -2.846242526712587e-15,
    -9.01315424417723e-16,
    -1.033055846928467e-15,
    -1.033055846928467e-15,
    -1.0788635620937387e-15,
    -1.0788635620937387e-15,
    -1.0788635620937387e-15,
    -1.0788635620937387e-15,
    -1.0788635620937387e-15,
    -1.3979174973314235e-15,
    0.0,
    0.0,
    0.0,
    0.0,
    0.0,
    -2.4126497641098694e-15,
    0.0,
    0.0,
    0.0,
    0.0,
    0.0,
    0.0,
    0.0,
    0.0,
    0.0,
    -1.499057122415866e-15,
    -1.6807041029938099e-15,
    -1.0939722073442652e-15,
    -1.0939722073442652e-15,
    -1.0939722073442652e-15,
    -1.0939722073442652e-15,
    -1.0939722073442652e-15,
    -1.4936914978612641e-15,
    -1.0939722073442652e-15,
    -3.341530369138147e-15,
    -9.095401500132347e-16,
    2.51926821733462e-16,
    0.0,
    2.51926821733462e-16,
    0.0,
    -6.01695246432019e-15,
    0.0,
    -2.397560395136664e-15,
    -1.2448145963442596e-15,
    -3.9365405718355264e-16,
    -1.249974898762828e-15,
    -3.4825016681582754e-15,
    1.427403774247808e-16,
    -1.3026135856286058e-15,
    -2.3711292658110623e-15,
    -5.523436345640413e-16,
    -1.0158204833955762e-15,
    -2.5792293787479034e-15,
    -2.5792293787479034e-15,
    -1.997075263902492e-15,
    -1.997075263902492e-15,
    -2.087146835794332e-15,
    -2.1891532642720738e-15,
    -2.1891532642720738e-15,
    0.0,
    0.0,
    0.0,
    -1.8099869348070862e-15,
    0.0,
    0.0,
    0.0,
    0.0,
    -1.5584496588734516e-15,
    -1.5584496588734516e-15,
    -1.5584496588734516e-15,
    0.0,
    0.0,
    0.0,
    29.999999999999943,
    -3.3756870785669596e-15,
    29.999999999999943,
    -3.0169416019020677e-15,
    29.999999999999943,
    -3.1112869861717435e-15,
    29.999999999999943,
    -2.968045152216516e-15,
    29.999999999999943,
    -2.8268157615882606e-15,
    -2.8268157615882606e-15,
    -2.649598848536475e-15,
    -2.0587072386945651e-16,
    -2.0587072386945651e-16,
    -1.841887432864721e-15,
    -1.841887432864721e-15,
    -1.841887432864721e-15,
    0.0,
    0.0,
    -7.614085147395275e-16,
    -2.6140244529780898e-15,
    -2.6140244529780898e-15,
    -2.373490778366991e-15,
    -1.5580550388208827e-15,
    -1.5580550388208827e-15,
    -1.5580550388208827e-15,
    -1.5580550388208827e-15,
    0.0,
    0.0,
    29.999999999999943,
    29.999999999999943,
    29.999999999999943,
    29.999999999999943,
    29.999999999999943,
    29.999999999999943,
    29.999999999999943,
    29.999999999999943,
    29.999999999999943,
    29.999999999999943,
    -3.1629132076807044e-16,
    -3.1629132076807044e-16,
    0.0,
    0.0,
    0.0,
    0.0,
    1.0000000000000022,
    1.0000000000000022,
    0.999999999999988,
    0.999999999999988,
    29.999999999999943,
    29.999999999999943,
    29.999999999999943,
    29.999999999999943,
    29.999999999999943,
    29.999999999999943,
    29.999999999999943,
    29.999999999999943,
    29.999999999999943,
    29.999999999999943,
    -1.9858289800998654e-15,
    0.0,
    0.0,
    0.0,
    0.0,
    0.0,
    -1.2533483072711568e-15,
    -1.2533483072711568e-15,
    0.0,
    -1.6905369315532537e-15,
    0.0,
    0.0,
    0.0,
    0.0,
    0.0,
    -1.4351690581587044e-15,
    0.0,
    -1.7955904312413874e-15,
    -3.1529502456468076e-15,
    -2.5678354337842056e-15,
    29.999999999999943,
    29.999999999999943,
    29.999999999999943,
    29.999999999999943,
    29.999999999999943,
    29.999999999999943,
    29.999999999999943,
    29.999999999999943,
    29.999999999999943,
    29.999999999999943,
    0.0,
    0.0,
    5.610928451377473e-16,
    0.0,
    -1.5692477059268203e-15,
    -1.5692477059268203e-15,
    0.0,
    -1.2975383291741588e-15,
    -1.2975383291741588e-15,
    0.0,
    29.999999999999943,
    29.999999999999943,
    29.999999999999943,
    29.999999999999943,
    29.999999999999943,
    29.999999999999943,
    29.999999999999943,
    29.999999999999943,
    29.999999999999943,
    29.999999999999943
  ],
  "disconnected": false
}