{
  "scenario_id": 50,
  "scenario_type": "clustered",
  "initial_lambda2": 29.999999999999943,
  "final_lambda2": 12.660653905229285,
  "lambda2_reduction_pct": 57.79782031590231,
  "total_reward": 101.65602784285802,
  "steps": 200,
  "lambda2_trajectory": [
    29.999999999999943,
    16.96326226631687,
    16.96326226631687,
    16.978790738458105,
    15.993498787170445,
    15.993498721748917,
    16.982052534425637,
    16.982052534425637,
    16.981976974695996,
    16.981608636934663,
    16.981608636934663,
    29.999999999999943,
    29.999999999999943,
    29.999999999999943,
    29.999999999999943,
    29.999999999999943,
    29.999999999999943,
    29.999999999999943,
    29.999999999999943,
    29.999999999999943,
    29.999999999999943,
    29.999999999999943,
    29.999999999999943,
    29.999999999999943,
    29.999999999999943,
    29.999999999999943,
    29.999999999999943,
    29.999999999999943,
    29.999999999999943,
    29.999999999999943,
    29.999999999999943,
    29.999999999999943,
    29.999999999999943,
    29.999999999999943,
    29.999999999999943,
    29.999999999999943,
    29.999999999999943,
    29.999999999999943,
    29.999999999999943,
    29.999999999999943,
    29.999999999999943,
    13.81300114201791,
    13.793127009035642,
    13.792453015481527,
    13.812663550229793,
    13.548511255794038,
    13.539171746005003,
    13.842745371063423,
    13.842745371063423,
    13.846263280145713,
    13.846263280145713,
    13.846263280145713,
    13.880226875244158,
    14.838044332625191,
    14.822851670591533,
    15.76853655552572,
    15.792732684810655,
    15.796896256031218,
    15.765200059828821,
    15.755452454429484,
    15.787880130153475,
    29.999999999999943,
    16.811392890318647,
    29.999999999999943,
    16.65035390105975,
    29.999999999999943,
    16.730063395545063,
    29.999999999999943,
    16.735203193345633,
    29.999999999999943,
    16.626037467757147,
    11.409457663313415,
    8.385672469562277,
    11.770619225670043,
    8.478291689043122,
    11.793728916254278,
    8.346486773402837,
    11.974379562680475,
    8.358672128098735,
    12.245948444799785,
    8.206321761925953,
    12.361796562190527,
    12.400382448106427,
    12.400382448106427,
    12.728438506727443,
    12.865320417550898,
    12.865320417550898,
    13.080227585994098,
    13.305414067094762,
    13.600774970277786,
    14.025930075933928,
    9.512229921059953,
    9.682885678490775,
    9.536317446364732,
    9.890193527998827,
    9.81639661046795,
    9.85184130706123,
    9.751688220863093,
    10.00444594260952,
    9.679306652497148,
    9.89600349685829,
    9.971789218153516,
    10.197495995114574,
    10.197495995114574,
    10.291813397407855,
    10.29182405019313,
    10.153584383101785,
    9.569235047342948,
    9.609636077037687,
    9.83495703087406,
    9.842562863309409,
    16.540015018630378,
    16.540790260980582,
    16.3444096238106,
    16.3444096238106,
    16.561164631224084,
    16.561164631224084,
    16.693815699335882,
    16.693815699335882,
    17.019088821839315,
    17.031771890844208,
    10.262177218850129,
    10.262177218850129,
    9.495252878196844,
    10.317835382349164,
    10.290306185798377,
    10.246332084960896,
    10.273827728698064,
    10.297848441008657,
    10.260103075656492,
    10.971585630259826,
    10.984924171146842,
    11.07723251710064,
    11.969332987505673,
    11.969332987505673,
    12.138919923460836,
    10.586942074735447,
    9.861519447679946,
    9.861519447679946,
    12.671286807876943,
    12.574692462844258,
    12.756178297070234,
    12.756178297070234,
    13.359715045190127,
    13.364667422884448,
    13.364667422884448,
    13.401177733475272,
    13.83258141851168,
    13.714182750661497,
    13.831961171759374,
    13.892749477583973,
    14.418900914886674,
    14.418900914886674,
    13.425934352210966,
    13.42613756061974,
    13.456167883888243,
    13.504648991448317,
    13.504648991448317,
    13.504648991448317,
    14.01596920254801,
    13.412970163569193,
    12.612503186660085,
    11.703470791310377,
    11.703470791310377,
    11.703470791310377,
    11.729126216255585,
    11.741150507021825,
    12.634942011262384,
    10.792965416808556,
    10.74498894594613,
    9.748118665608011,
    10.723817795100084,
    10.733770250634466,
    10.744348804995006,
    10.786535329481614,
    11.782490777657506,
    11.78892857844411,
    12.755458901735635,
    12.755458901735635,
    12.762092592633126,
    12.74619162143162,
    10.397299845718376,
    10.452608183987985,
    10.73630427479721,
    10.572413447231652,
    10.694636399640807,
    10.43962026892042,
    11.17129607040372,
    11.020232013440545,
    10.591426776486378,
    10.530853363441011,
    12.685845245288723,
    12.685845245288723,
    12.685597409898232,
    12.685597409898232,
    12.697138002036253,
    13.519544253166327,
    13.46747070649958,
    12.659975721416608,
    12.660653905229285,
    12.660653905229285
  ],
  "disconnected": false
}