{
  "scenario_id": 58,
  "scenario_type": "clustered",
  "initial_lambda2": 29.999999999999943,
  "final_lambda2": 0.0,
  "lambda2_reduction_pct": 100.0,
  "total_reward": 122.45152286509523,
  "steps": 200,
  "lambda2_trajectory": [
    29.999999999999943,
    0.0,
    0.0,
    0.0,
    0.0,
    0.0,
    0.0,
    0.0,
    0.0,
    -2.6751813384459916e-16,
    -2.6751813384459916e-16,
    -2.6751813384459916e-16,
    -2.6751813384459916e-16,
    -2.6751813384459916e-16,
    -2.6751813384459916e-16,
    -2.6751813384459916e-16,
    -2.6751813384459916e-16,
    -3.2585130946127726e-162,
    1.0151164711870834e-16,
    1.0151164711870834e-16,
    -6.70780298365893e-16,
    -6.70780298365893e-16,
    -6.70780298365893e-16,
    4.334595298486298e-17,
    -8.774641083350958e-16,
    -1.046966132842664e-15,
    -1.2295795341813306e-15,
    -1.2295795341813306e-15,
    -1.2295795341813306e-15,
    -5.125423204197814e-16,
    -5.125423204197814e-16,
    0.0,
    5.111108973295353e-16,
    0.0,
    -1.2346874203205755e-15,
    0.0,
    -1.1790493584352546e-15,
    -1.1790493584352546e-15,
    -1.6230574116063609e-15,
    4.3747312176327187e-16,
    -1.8561045655944034e-16,
    -2.943627466988016e-16,
    -2.943627466988016e-16,
    -2.903989999141176e-17,
    -1.4336542747221547e-15,
    -3.435758312418435e-16,
    -7.869972703795374e-16,
    -4.407585845028243e-19,
    1.6179844073673019e-16,
    -2.5744866780118003e-15,
    -1.2729477055831778e-15,
    -1.7522223485012168e-15,
    2.9760084398752985e-16,
    2.9760084398752985e-16,
    -3.1176316565006495e-16,
    -1.3016012049577909e-15,
    -1.3016012049577909e-15,
    -1.5460471352125356e-15,
    -1.5460471352125356e-15,
    -5.578101837218525e-16,
    -5.578101837218525e-16,
    29.999999999999943,
    -2.260704360333706e-15,
    29.999999999999943,
    -2.260704360333706e-15,
    29.999999999999943,
    -6.079203643423759e-16,
    29.999999999999943,
    -6.079203643423759e-16,
    29.999999999999943,
    -3.1108452955080553e-15,
    29.999999999999943,
    -1.4281354826008797e-15,
    29.999999999999943,
    -8.90410786635796e-16,
    29.999999999999943,
    -8.90410786635796e-16,
    29.999999999999943,
    -8.90410786635796e-16,
    29.999999999999943,
    -1.7785892063359215e-15,
    -4.225975998268703e-16,
    -3.1460308912115233e-15,
    -1.928894936832992e-15,
    -1.1869282028407089e-15,
    -1.5364820528696585e-15,
    -1.5364820528696585e-15,
    -7.666332786868937e-16,
    1.2307838553217278e-16,
    -1.2917310078974076e-15,
    -1.8499779937008543e-15,
    -2.4581259442439663e-15,
    29.999999999999943,
    -1.9646067027289168e-15,
    29.999999999999943,
    -1.9646067027289168e-15,
    29.999999999999943,
    -3.18282100354699e-16,
    29.999999999999943,
    4.1985343392209936e-17,
    29.999999999999943,
    -2.1834090539349028e-15,
    -1.7946203951667422e-15,
    -2.7642059308230252e-15,
    -1.7294787239042658e-15,
    -7.675141766760075e-16,
    -3.833921203270329e-15,
    -1.388054577790402e-15,
    -1.388054577790402e-15,
    -1.388054577790402e-15,
    -1.388054577790402e-15,
    -3.1950593246616864e-15,
    -1.4058500596081374e-16,
    -2.667986221952422e-15,
    -3.067308842844939e-15,
    -3.067308842844939e-15,
    -3.067308842844939e-15,
    -3.0859319980512218e-15,
    -3.0859319980512218e-15,
    -3.720177086129659e-15,
    -2.480098158032722e-15,
    29.999999999999943,
    29.999999999999943,
    29.999999999999943,
    29.999999999999943,
    29.999999999999943,
    29.999999999999943,
    29.999999999999943,
    29.999999999999943,
    29.999999999999943,
    29.999999999999943,
    -2.374809111131538e-15,
    -1.5999128270800026e-15,
    0.0,
    -1.8068328276563602e-15,
    0.0,
    0.0,
    0.0,
    -2.2531558238232866e-15,
    -2.2531558238232866e-15,
    0.0,
    29.999999999999943,
    29.999999999999943,
    29.999999999999943,
    29.999999999999943,
    29.999999999999943,
    29.999999999999943,
    29.999999999999943,
    29.999999999999943,
    29.999999999999943,
    29.999999999999943,
    29.999999999999943,
    29.999999999999943,
    29.999999999999943,
    29.999999999999943,
    29.999999999999943,
    29.999999999999943,
    29.999999999999943,
    29.999999999999943,
    29.999999999999943,
    29.999999999999943,
    29.999999999999943,
    29.999999999999943,
    29.999999999999943,
    29.999999999999943,
    29.999999999999943,
    29.999999999999943,
    29.999999999999943,
    29.999999999999943,
    29.999999999999943,
    29.999999999999943,
    -2.692383003321203e-15,
    29.999999999999943,
    -2.2891969454416268e-15,
    29.999999999999943,
    -2.060554359022728e-15,
    29.999999999999943,
    -9.993175347486584e-16,
    29.999999999999943,
    -2.0889827988148625e-15,
    29.999999999999943,
    -2.4583568318806568e-15,
    -2.811448414182785e-15,
    -2.811448414182785e-15,
    -1.6230157338100742e-15,
    -1.6230157338100742e-15,
    -1.6230157338100742e-15,
    0.0,
    0.0,
    0.0,
    0.0,
    0.0,
    0.0,
    0.0,
    0.0,
    0.0,
    0.0,
    0.0,
    0.0,
    0.0,
    0.0
  ],
  "disconnected": true
}