{
  "scenario_id": 63,
  "scenario_type": "grid",
  "initial_lambda2": 29.999999999999943,
  "final_lambda2": 9.38651578111788,
  "lambda2_reduction_pct": 68.71161406294034,
  "total_reward": 118.70359881934087,
  "steps": 200,
  "lambda2_trajectory": [
    29.999999999999943,
    12.999999999999993,
    13.000000000000004,
    13.000000000000002,
    13.000000000000002,
    13.000000000000004,
    13.0,
    13.0,
    13.000000000000005,
    13.000000000000005,
    13.000000000000005,
    16.976755029790993,
    16.976807423508816,
    16.976807423508816,
    17.959011596291372,
    17.959011596291372,
    17.959011596291372,
    17.959011596291372,
    17.959011596291372,
    17.959011596291372,
    17.902977175129706,
    18.572928775475273,
    17.718199434842905,
    17.39383086049617,
    17.39383086049617,
    16.748253515688226,
    16.748253515688226,
    14.864654389107308,
    14.864654389107308,
    14.864654389107308,
    14.864906902033995,
    29.999999999999943,
    29.999999999999943,
    29.999999999999943,
    29.999999999999943,
    29.999999999999943,
    29.999999999999943,
    29.999999999999943,
    29.999999999999943,
    29.999999999999943,
    29.999999999999943,
    29.999999999999943,
    29.999999999999943,
    29.999999999999943,
    29.999999999999943,
    29.999999999999943,
    29.999999999999943,
    29.999999999999943,
    29.999999999999943,
    29.999999999999943,
    29.999999999999943,
    19.191983431826483,
    18.71734911674475,
    18.71734911674475,
    18.71734911674475,
    17.97607431632308,
    17.904181205991776,
    17.904181205991776,
    17.904181205991776,
    17.989981979809126,
    17.989977237944995,
    17.989977237944995,
    17.989977237944995,
    17.989977237944995,
    17.99029247337306,
    17.990288194723274,
    17.990288194723274,
    18.00000000000001,
    18.00000000000001,
    18.00000000000001,
    18.000000000000004,
    12.000000000000007,
    12.000000000000005,
    13.999999999999996,
    13.994032714865392,
    13.994405686522335,
    13.925466902594964,
    13.925466871957013,
    13.925466871957013,
    13.928932188134517,
    13.977144494545325,
    13.977144494545325,
    13.977119104355754,
    13.985003112888611,
    13.985003315402107,
    13.985143019928,
    13.985143019928,
    13.985143019928,
    13.98514257480118,
    13.966669134841377,
    14.902178165330366,
    6.831146317496577,
    7.763248103640569,
    7.764819158898279,
    7.750366540855778,
    7.783270239135103,
    7.788437617315903,
    8.750020568343894,
    8.743995554005087,
    8.72619301303036,
    9.450603535129572,
    8.9378974480194,
    8.851001565833867,
    8.599316475331944,
    8.773040433337261,
    8.732558696990179,
    8.886363230210211,
    8.995055012673062,
    8.943892078278576,
    8.944732061976167,
    8.88944096279038,
    8.990600931822298,
    9.66098104412714,
    9.777806059816792,
    10.144375187863405,
    10.240863886847157,
    10.089587763789597,
    10.424255644856284,
    10.33853479145417,
    9.87486221609199,
    10.037451740073932,
    9.968194655231425,
    10.082690417511577,
    10.282017883813245,
    10.458910581451178,
    10.45590869324952,
    10.715363374605078,
    10.715481302469616,
    10.671915661672436,
    10.845395707374017,
    11.08281628234309,
    11.999999999999993,
    11.999999999999993,
    11.999999999999996,
    11.999999999999996,
    11.999999999999996,
    11.999999999999996,
    12.0,
    12.0,
    10.0,
    10.0,
    10.0,
    9.999999999999993,
    10.000000000000007,
    10.0,
    9.999999999999993,
    9.999999999999993,
    10.0,
    10.0,
    10.999999999999996,
    10.999999999999996,
    8.39608348521488,
    7.996493021185044,
    8.165952175991617,
    8.00388451323911,
    8.116146555878863,
    8.245115561283262,
    8.911119746478452,
    9.113217959612431,
    8.95661717962758,
    8.858732917287593,
    9.01677153766046,
    8.940321344806964,
    9.188233322930438,
    9.412167434207781,
    9.297314181763927,
    9.267776506640747,
    9.249711873256668,
    8.768604228007488,
    8.619952928303679,
    8.662576890166285,
    10.119471724227067,
    9.931023805331945,
    10.140000603129716,
    9.90786517292066,
    10.246788803592297,
    10.316588504967722,
    10.461427160569157,
    10.168366424323532,
    9.777631383656749,
    9.852673498350258,
    11.680480443072677,
    11.285153901612562,
    10.937922817694322,
    10.937922817694322,
    11.472249747114825,
    11.436249807623735,
    11.462549043578488,
    10.894997206240495,
    10.871542527469407,
    10.903786556493362,
    10.198814093696917,
    10.768577193846898,
    10.164355661833198,
    10.152745470937884,
    10.164010640329934,
    9.70160659295269,
    10.049853048545014,
    9.375593398292242,
    9.375593398292242,
    9.38651578111788
  ],
  "disconnected": false
}