{
  "scenario_id": 69,
  "scenario_type": "grid",
  "initial_lambda2": 29.999999999999943,
  "final_lambda2": 1.9999999999999991,
  "lambda2_reduction_pct": 93.33333333333333,
  "total_reward": 188.43116636860043,
  "steps": 200,
  "lambda2_trajectory": [
    29.999999999999943,
    1.1551711794025399,
    1.440980106654021,
    1.443093787785032,
    1.291871440247879,
    1.291871440247879,
    1.6050657215363724,
    1.7135844817141583,
    1.732650382085002,
    1.9239960555728697,
    2.00163588844719,
    2.0925450593911137,
    1.8661914497544791,
    2.0512735765188035,
    2.2392953891622285,
    2.392005795235475,
    2.4444101785749943,
    2.3336330970449586,
    1.861567886717369,
    1.8616961120577122,
    1.8480483184141345,
    1.8654442360628822,
    1.8604214400252443,
    1.8569329400463583,
    0.9438649378974937,
    2.7120675914234316e-15,
    0.9514519267257567,
    1.7938096122771348,
    1.7549361895807747,
    1.8221538614862454,
    1.840756153736312,
    2.3611936394540702,
    2.4174125370801853,
    2.3417010100484843,
    1.8257799781255528,
    1.8290674183654057,
    1.8297559577127147,
    1.8387623931471344,
    2.583142792889091,
    2.3789032159680237,
    2.3585789788047786,
    2.03660834253645,
    1.8662178278063464,
    1.8708627389216717,
    1.8590717732656954,
    1.891230617804522,
    1.8956953329602126,
    1.9127702712052637,
    1.9214685690784705,
    1.9214676043230567,
    1.921306697909996,
    1.9247689111169253,
    0.9725402819796318,
    0.9723532019801883,
    0.9724270785542819,
    0.9674801505602386,
    0.9611541699559352,
    0.9609401133168576,
    0.9535154488744806,
    0.9519897441753626,
    0.9492083825509392,
    1.2969349320366312,
    1.298713079497372,
    1.423050331733438,
    1.4240807021665316,
    0.912980850779805,
    0.9129264698656842,
    0.8894599272796597,
    0.8840610600738235,
    0.8129029816624866,
    0.8527122156469333,
    0.8271276447537842,
    2.4833131315117805e-15,
    2.67538354163632e-15,
    -4.525373022797606e-16,
    -3.9795971269710263e-16,
    -6.911235546548537e-16,
    -1.5586593907748007e-16,
    4.733001763792164e-16,
    -1.0215399327556302e-15,
    2.0824225213872513e-15,
    0.0,
    -1.3245661358867229e-15,
    0.0,
    -5.599799582920433e-17,
    1.5388732676397967e-16,
    7.43273272206565e-16,
    5.152983028281347,
    5.394431091658979,
    5.341371823144564,
    5.364437203515002,
    10.411498892801305,
    11.003583520120984,
    10.98495206782842,
    10.982709711700629,
    10.96945637625663,
    11.114369640725794,
    11.171339390429463,
    10.366044215397826,
    10.419375451410463,
    10.418962588286178,
    10.475062382117958,
    10.439410200699399,
    10.465965521898495,
    10.465971966864032,
    12.09477896448613,
    12.391998141743176,
    13.16059186700254,
    13.146974459430027,
    13.779934014180682,
    13.774827823940068,
    9.124142687133894,
    10.465360119052733,
    10.336519554487742,
    10.336519554487742,
    10.443660238491017,
    10.374122438400905,
    10.2776194856635,
    10.276438972254725,
    10.136429755260533,
    10.136429755260533,
    10.567986189897946,
    10.531830136002998,
    11.103101324098635,
    10.994215504430993,
    10.96320197443582,
    10.873282121821283,
    10.64971466567633,
    10.62160407391697,
    9.20676217426266,
    9.09503254535725,
    8.248151120240822,
    7.28067121269939,
    7.197711184117077,
    7.222452854561634,
    7.621692928593809,
    7.398937304501864,
    7.1473362906064555,
    7.076847240670679,
    7.0024248508206615,
    6.48706319984065,
    5.416927788475046,
    5.270070206172495,
    5.329643442931003,
    5.23696563827994,
    5.43531237986151,
    5.593796350511236,
    5.614294276933085,
    5.4561225285457295,
    5.790411211472555,
    5.818408693691371,
    10.150809692729318,
    10.355122729888599,
    10.951760647449486,
    11.448201032421357,
    11.04867444229998,
    6.171569054113721,
    6.10840062102813,
    5.899502081661405,
    5.907657319047967,
    5.993800022259876,
    6.136829840428334,
    6.228763232669346,
    6.334295854914544,
    5.895589557643762,
    5.952921949848141,
    6.552300774238981,
    6.540639247394321,
    6.506619794810787,
    6.724729102780762,
    6.724729102780762,
    6.216297997097749,
    6.226879986158789,
    6.224121962212623,
    6.251506325585071,
    6.300823625440998,
    6.3913776078639515,
    6.391380560902476,
    6.4165277375922525,
    6.428634586318154,
    6.428634586318154,
    6.285322398963313,
    6.372239060529623,
    6.968976097043012,
    7.007831185818997,
    7.668082483690236,
    7.839468109006873,
    7.482180522281816,
    7.5086809972075805,
    7.507760934012712,
    7.613374757272032,
    1.99583766818508,
    1.9958380370250075,
    1.9958408216757775,
    2.8316834482870448,
    2.0000000000000027,
    1.9999999999999971,
    2.0000000000000036,
    1.9999999999999978,
    1.999999999999997,
    1.9999999999999991
  ],
  "disconnected": false
}