{
  "scenario_id": 75,
  "scenario_type": "grid",
  "initial_lambda2": 29.999999999999943,
  "final_lambda2": 7.262867658075079,
  "lambda2_reduction_pct": 75.79044113974969,
  "total_reward": 100.24335226144859,
  "steps": 200,
  "lambda2_trajectory": [
    29.999999999999943,
    13.982534329638316,
    13.982550329787145,
    14.979181975929935,
    15.9745547521343,
    16.968353706103603,
    17.957940969864545,
    17.957940969864545,
    18.931922684408097,
    18.854345386736217,
    19.378943767381646,
    29.999999999999943,
    29.999999999999943,
    29.999999999999943,
    29.999999999999943,
    29.999999999999943,
    29.999999999999943,
    29.999999999999943,
    29.999999999999943,
    29.999999999999943,
    29.999999999999943,
    29.999999999999943,
    29.999999999999943,
    29.999999999999943,
    29.999999999999943,
    29.999999999999943,
    29.999999999999943,
    29.999999999999943,
    29.999999999999943,
    29.999999999999943,
    29.999999999999943,
    29.999999999999943,
    29.999999999999943,
    29.999999999999943,
    29.999999999999943,
    29.999999999999943,
    29.999999999999943,
    29.999999999999943,
    29.999999999999943,
    29.999999999999943,
    29.999999999999943,
    11.21861569567637,
    11.654518448789394,
    11.498022175370995,
    11.568962306828169,
    11.648156327952908,
    12.083288107234727,
    12.452620827635501,
    12.580245318635036,
    12.584663019735187,
    12.578706382585253,
    12.593863206464984,
    12.597222554977165,
    13.012497921564977,
    13.52433506115504,
    13.52433506115504,
    13.624432037254468,
    13.722719849191321,
    14.161181769655713,
    14.467628920707835,
    14.78223306891061,
    9.887554687813735,
    6.221833848711092,
    6.028196817923748,
    5.917679138458735,
    6.01382080750474,
    6.1398947541340405,
    6.281076219758853,
    6.277495060998072,
    6.279880153691913,
    6.1775204416368075,
    6.1775204416368075,
    6.370004842287653,
    6.633528690496969,
    6.614001006000818,
    6.794072601134978,
    6.794072601134978,
    6.840982993978485,
    6.600958563287289,
    6.545207015999567,
    6.7485033047635765,
    11.014908884019373,
    11.199267005015567,
    11.284202625923184,
    11.436480326465848,
    11.407935420738612,
    11.338639461743595,
    11.262459506777375,
    10.840704363958825,
    10.840704363958825,
    10.811332607694037,
    11.001549436729329,
    11.12057563107728,
    11.099281625920021,
    11.147480169039211,
    11.396029515290252,
    11.422612299372291,
    11.422612299372291,
    11.422612299372291,
    11.2509188666486,
    11.459779584176779,
    11.258670676174626,
    11.343277323169506,
    11.343674232039374,
    10.550794101995557,
    10.882395821624453,
    11.126849982153495,
    11.275981990813236,
    11.589327699004187,
    11.589327699004187,
    11.545928925319675,
    29.999999999999943,
    29.999999999999943,
    29.999999999999943,
    29.999999999999943,
    29.999999999999943,
    29.999999999999943,
    29.999999999999943,
    29.999999999999943,
    29.999999999999943,
    29.999999999999943,
    12.433473716298138,
    12.50396526464379,
    12.39664023832691,
    12.291049563052336,
    12.183754359912259,
    12.219898145600748,
    12.527085702707039,
    12.128239718562877,
    11.931241640769493,
    12.546205355099232,
    11.756140020254911,
    12.201880705471376,
    12.201880705471376,
    12.35963159214566,
    12.446889398260701,
    12.76010678738296,
    12.391354199161782,
    12.497540226821354,
    12.495646160509434,
    12.615330479200312,
    12.535857319660465,
    12.504695525293407,
    12.812758950775894,
    12.90292745465041,
    12.366026065123066,
    12.487121774701258,
    12.706404941196215,
    12.81704454379609,
    12.56306581240889,
    12.568717854856521,
    12.000091014285566,
    11.943761528603424,
    11.891609918325837,
    11.891609918325837,
    11.131395754034,
    11.058815181289404,
    11.04975076526894,
    11.04975076526894,
    11.04973862402603,
    10.324979918594536,
    9.423028848978138,
    9.425238138130833,
    10.296482409396026,
    11.05451008739584,
    10.309554982261172,
    10.29725171853648,
    10.330548161978797,
    10.330553428385976,
    10.214038163790114,
    10.214773874782782,
    11.31115347884276,
    11.287132837501396,
    11.246529402403656,
    12.034516993167529,
    11.497161880214522,
    11.504895121199215,
    11.3669653159037,
    11.26483232534605,
    11.33557614361299,
    11.603684160139473,
    10.019884794890324,
    10.196719058716488,
    9.083569442400368,
    8.914497198042735,
    8.820792524354715,
    8.820792524354715,
    8.381156858467218,
    9.108828125597931,
    9.276106534649879,
    9.276106534649879,
    8.711659239440035,
    8.711659239440035,
    8.711659239440035,
    8.708907650408246,
    8.710050598708062,
    8.025658179922083,
    8.026687068054763,
    8.671553594843306,
    7.262867658075079,
    7.262867658075079
  ],
  "disconnected": false
}