{
  "scenario_id": 12,
  "scenario_type": "random",
  "initial_lambda2": 29.999999999999943,
  "final_lambda2": 6.353026328680491,
  "lambda2_reduction_pct": 78.82324557106499,
  "total_reward": 124.41341173403879,
  "steps": 200,
  "lambda2_trajectory": [
    29.999999999999943,
    17.35586785809499,
    17.54944154166162,
    17.54944154166162,
    17.54944154166162,
    17.54944154166162,
    17.37331956742104,
    17.584473745904518,
    17.49196757582246,
    17.471595903805625,
    17.32541768253767,
    7.952232530108583,
    8.013142713828763,
    8.320338023624942,
    8.590320341090822,
    8.48113675772196,
    8.424374029763468,
    8.210256676340434,
    8.62902234445792,
    8.745182012161758,
    8.837803883799106,
    29.999999999999943,
    29.999999999999943,
    29.999999999999943,
    29.999999999999943,
    29.999999999999943,
    29.999999999999943,
    29.999999999999943,
    29.999999999999943,
    29.999999999999943,
    29.999999999999943,
    11.945754130048226,
    12.103233681202727,
    12.331847661386783,
    12.715968353683628,
    12.670180627626625,
    13.36550632495818,
    13.763475332892444,
    14.009057438891311,
    14.058674069845907,
    13.743497337308877,
    9.595051983333313,
    9.55184424545559,
    10.239505204488891,
    10.162354244499262,
    10.426967090853747,
    10.230445275642541,
    10.396121519571981,
    10.63633807662967,
    10.322828391038382,
    10.258543323516715,
    9.342480807787478,
    9.454574317887246,
    8.459101026950112,
    8.414949615355933,
    8.341425149994754,
    8.272552685612327,
    7.697366890966434,
    6.783851464089267,
    6.783851464089267,
    7.6919149525573065,
    7.707144367988864,
    5.8218283852560955,
    5.811914767015427,
    5.805154245540404,
    5.792424089007174,
    5.8003100880858085,
    5.813309678889743,
    7.6097985846083755,
    7.60533983761608,
    7.61190600584092,
    7.612113704232581,
    8.1907886573826,
    8.473748677893393,
    8.408780250006883,
    8.409062971844433,
    8.43467458651613,
    8.480051556280937,
    8.523071691401029,
    11.79558780313595,
    11.893641042706971,
    10.504992265762507,
    10.110264892253415,
    9.992634852106814,
    10.127901465310932,
    9.944918846027406,
    9.944918846027406,
    9.942082030552694,
    10.065878965591146,
    9.974640379853545,
    9.661745158234414,
    14.459967545909016,
    14.420988546607504,
    14.420988546607504,
    14.521769154635088,
    14.489201450391803,
    14.418765917371143,
    14.543121196798904,
    14.577415488344894,
    14.667321906721899,
    14.577924239674367,
    14.509433545180741,
    14.407080892587473,
    14.173936744619704,
    14.193993237791537,
    14.193993237791537,
    14.192598740630913,
    14.277059249847465,
    14.169610218589916,
    14.229866253611672,
    13.93131842036583,
    8.56646985320658,
    8.575604614515402,
    8.54861250893264,
    8.54861250893264,
    9.064232366487524,
    9.227048459561562,
    9.188690838789691,
    9.27629563718336,
    8.930165663860212,
    8.83699862108028,
    8.679128665671218,
    7.994210299051661,
    8.275120154604899,
    8.303393317958818,
    8.220292519358402,
    8.220292519358402,
    8.024528861750266,
    7.798481121796228,
    7.748695232014183,
    7.748695232014183,
    8.248638786561862,
    8.14211970739057,
    8.307074419819923,
    7.976039560647238,
    7.841292136259361,
    7.6192129371859325,
    7.486936373192299,
    6.666704310385077,
    6.649767645175825,
    6.649767645175825,
    6.550683373537588,
    6.64290477042477,
    6.316525035169532,
    6.256935926884743,
    6.224826223268247,
    6.224826223268247,
    6.145336753818786,
    6.176360096675668,
    5.997669468668679,
    5.961194950091093,
    10.22375377070236,
    10.22375377070236,
    9.412900199379724,
    9.353935350412264,
    9.385204211003574,
    9.323706999561871,
    9.241011941593332,
    9.117121986232412,
    9.15553148773688,
    9.20400966810249,
    14.913474052265148,
    14.902030062774639,
    15.863349244409509,
    16.794132717108322,
    17.509370339622368,
    17.72684920243517,
    17.72684920243517,
    17.72684920243517,
    17.69018431968787,
    16.82736894622106,
    16.544639199488266,
    16.47388807755455,
    16.52356617855011,
    16.529215201229217,
    16.565499977158026,
    16.565499977158026,
    16.565499977158026,
    16.643008993789493,
    16.666692121706465,
    16.666692121706465,
    23.000000000000004,
    24.000000000000025,
    24.000000000000025,
    24.000000000000025,
    24.000000000000025,
    24.000000000000025,
    24.000000000000025,
    24.000000000000025,
    24.485863070664703,
    24.485863070664703,
    8.950924991090835,
    8.833420944061498,
    8.812412010507877,
    8.810315774191427,
    8.609586581087402,
    8.93737855672195,
    8.945458080123727,
    6.17978002180761,
    9.533193767838663,
    6.353026328680491
  ],
  "disconnected": false
}