{
  "scenario_id": 88,
  "scenario_type": "line",
  "initial_lambda2": 29.999999999999943,
  "final_lambda2": 11.065884520105241,
  "lambda2_reduction_pct": 63.1137182663158,
  "total_reward": 82.22053313470037,
  "steps": 200,
  "lambda2_trajectory": [
    29.999999999999943,
    4.41826352065438,
    0.9160907685678146,
    4.688312768221552,
    0.9442549278738335,
    4.766381991809949,
    0.9462764351283515,
    4.344884692272695,
    0.9134110395154491,
    3.902033931977974,
    0.9132331750560754,
    29.999999999999943,
    29.999999999999943,
    29.999999999999943,
    29.999999999999943,
    29.999999999999943,
    29.999999999999943,
    29.999999999999943,
    29.999999999999943,
    29.999999999999943,
    29.999999999999943,
    29.999999999999943,
    29.999999999999943,
    29.999999999999943,
    29.999999999999943,
    29.999999999999943,
    29.999999999999943,
    29.999999999999943,
    29.999999999999943,
    29.999999999999943,
    29.999999999999943,
    3.391074120117371,
    3.6777592095806053,
    3.657834038581232,
    3.7739519313865966,
    3.76735436471687,
    3.7798633713164826,
    3.829825292555311,
    3.698689234815655,
    3.7425651645350007,
    3.743584043450709,
    8.26381291848142,
    8.496142173727598,
    8.556721000307295,
    8.59097449784269,
    9.043280142045266,
    8.793414613230027,
    8.769088521158448,
    8.823190352406556,
    8.759216315303675,
    8.796969524112797,
    29.999999999999943,
    29.999999999999943,
    29.999999999999943,
    29.999999999999943,
    29.999999999999943,
    29.999999999999943,
    29.999999999999943,
    29.999999999999943,
    29.999999999999943,
    29.999999999999943,
    12.942107636484375,
    12.942107636484375,
    12.942107636484375,
    12.942099065138434,
    13.941460312445233,
    13.930345458713376,
    14.913706859262186,
    14.880106195189175,
    14.882109626587189,
    14.882109626587189,
    12.787093263913292,
    12.773431534486344,
    12.708414331360498,
    12.736635812771082,
    12.729888575786843,
    12.74021409687227,
    12.720042717288871,
    12.720042717288871,
    12.719211926124576,
    12.732852638061967,
    13.707667489334497,
    13.707667489334497,
    13.662366672798182,
    13.666589406415818,
    14.497557643917617,
    14.464937094379401,
    14.464937094379401,
    14.462477061577987,
    15.12160347737908,
    15.12160347737908,
    15.12160347737908,
    15.227625403213272,
    15.253282783928299,
    15.216590496902967,
    15.536554776134114,
    15.536554776134114,
    15.567247729796694,
    16.261701672398196,
    15.662108531342787,
    15.662108531342787,
    9.692048126045425,
    9.691128566545714,
    9.689801332080513,
    9.689801332080513,
    9.798354282488091,
    9.798354282488091,
    9.839476465180237,
    9.779072426331151,
    9.779072426331151,
    9.824581012928991,
    9.761988231415092,
    9.761988219265284,
    9.761987396698483,
    9.824401988865677,
    9.824398537852861,
    9.992099052139189,
    9.992374352829302,
    8.99353763157837,
    8.99353763157837,
    8.993663874677203,
    17.527499636501428,
    17.036905292016588,
    17.036905292016588,
    17.072782358058422,
    17.109038590041543,
    17.135673318906857,
    17.135673318906857,
    16.572641182674904,
    16.53559764878429,
    16.53559764878429,
    7.990458416577512,
    15.604200866537987,
    8.843499461491955,
    16.33391889502091,
    8.865296154162845,
    16.360990067696097,
    8.868434655124052,
    16.389803820898447,
    8.827209092059693,
    16.274577423924836,
    29.999999999999943,
    29.999999999999943,
    29.999999999999943,
    29.999999999999943,
    29.999999999999943,
    29.999999999999943,
    29.999999999999943,
    29.999999999999943,
    29.999999999999943,
    29.999999999999943,
    29.999999999999943,
    29.999999999999943,
    29.999999999999943,
    29.999999999999943,
    29.999999999999943,
    19.106214957192723,
    29.999999999999943,
    18.75204297726748,
    29.999999999999943,
    19.00238529843919,
    19.028582669858242,
    19.028582669858242,
    19.028582669858242,
    19.028582669858242,
    19.05767434839497,
    19.05767434839497,
    18.693392272824074,
    18.693392272824074,
    18.693392272824074,
    18.704730931050886,
    18.784807985325756,
    19.063886578251076,
    19.063886578251076,
    18.70376235527985,
    18.70376235527985,
    18.77071918457155,
    18.813753299985425,
    18.798022399904394,
    18.50107749114875,
    19.05286395582328,
    19.033886565817372,
    19.033886565817372,
    19.03508850081239,
    18.983608308282236,
    18.984587393134444,
    19.171356081026158,
    19.273019402522067,
    19.273019402522067,
    18.48786986235434,
    18.48786986235434,
    10.046044576949571,
    9.975445846403108,
    9.996993081442135,
    10.711735471243593,
    10.71238162393131,
    10.775446030682039,
    10.774305931796087,
    11.139128329704686,
    10.3555025036104,
    11.065884520105241
  ],
  "disconnected": false
}