{
  "scenario_id": 96,
  "scenario_type": "edge",
  "initial_lambda2": 29.999999999999943,
  "final_lambda2": 9.800056891619395,
  "lambda2_reduction_pct": 67.33314369460194,
  "total_reward": 87.04361886756747,
  "steps": 200,
  "lambda2_trajectory": [
    29.999999999999943,
    16.99071633460564,
    16.99071633460564,
    16.000000000000004,
    15.999999999999996,
    16.999999999999996,
    17.00000000000001,
    16.999999999999996,
    16.999999999999996,
    16.999999999999996,
    17.000000000000004,
    16.991222305581356,
    16.991213933178027,
    16.991213933178027,
    16.991213933178027,
    16.991213867112545,
    16.99119235389374,
    16.91245559374372,
    16.772273135451965,
    15.879731718184239,
    15.89230939100922,
    15.89230939100922,
    15.892264851793009,
    15.793283829549395,
    15.80921654574973,
    15.808603484858548,
    14.909395755717128,
    14.909395755717128,
    14.688254806474205,
    12.872477107134983,
    12.872477107134983,
    29.999999999999943,
    29.999999999999943,
    29.999999999999943,
    29.999999999999943,
    29.999999999999943,
    29.999999999999943,
    29.999999999999943,
    29.999999999999943,
    29.999999999999943,
    29.999999999999943,
    16.681431480363727,
    29.999999999999943,
    15.741937480355162,
    29.999999999999943,
    16.637683797388792,
    29.999999999999943,
    16.636561448279043,
    29.999999999999943,
    16.636561448279043,
    29.999999999999943,
    29.999999999999943,
    29.999999999999943,
    29.999999999999943,
    29.999999999999943,
    29.999999999999943,
    29.999999999999943,
    29.999999999999943,
    29.999999999999943,
    29.999999999999943,
    29.999999999999943,
    7.4035860941890945,
    8.858388032572998,
    7.4901894719793845,
    8.668122947311412,
    7.157924106598719,
    9.111192200414324,
    7.022637323688306,
    9.087653002661414,
    6.696130827535599,
    8.816394783922139,
    9.19345996813715,
    9.015921577172847,
    9.216074425040482,
    9.278461977283154,
    9.548323604864589,
    9.737805900118442,
    9.77316176530368,
    9.77316176530368,
    9.452358259341011,
    9.307993236566157,
    5.990102813321675,
    5.8707887270373105,
    5.760382440946874,
    6.116934336553206,
    6.4724439455521905,
    6.452523458111298,
    6.299404845594938,
    6.48738356458362,
    6.6291551392400265,
    6.869841654650868,
    29.999999999999943,
    29.999999999999943,
    29.999999999999943,
    29.999999999999943,
    29.999999999999943,
    29.999999999999943,
    29.999999999999943,
    29.999999999999943,
    29.999999999999943,
    29.999999999999943,
    29.999999999999943,
    29.999999999999943,
    29.999999999999943,
    29.999999999999943,
    29.999999999999943,
    29.999999999999943,
    29.999999999999943,
    29.999999999999943,
    29.999999999999943,
    29.999999999999943,
    29.999999999999943,
    29.999999999999943,
    29.999999999999943,
    29.999999999999943,
    29.999999999999943,
    29.999999999999943,
    29.999999999999943,
    29.999999999999943,
    29.999999999999943,
    29.999999999999943,
    29.999999999999943,
    29.999999999999943,
    29.999999999999943,
    29.999999999999943,
    29.999999999999943,
    29.999999999999943,
    29.999999999999943,
    29.999999999999943,
    29.999999999999943,
    29.999999999999943,
    15.438342632498511,
    15.369985286123015,
    14.941716528483195,
    14.930656875302418,
    14.8276630391716,
    14.8276630391716,
    15.337257128343527,
    15.317923930574736,
    15.317923930574736,
    14.22480700636554,
    9.905502909244321,
    9.690898714090148,
    9.65796512361929,
    9.921398175414934,
    10.096433243658234,
    10.135470776346917,
    10.015083948132592,
    9.983291691473182,
    10.277569597129874,
    10.145698772007167,
    9.636761200164553,
    9.636761200164553,
    9.069989741695043,
    9.012559392924167,
    9.054954409654485,
    8.544161298837693,
    8.498072366286259,
    8.498072366286259,
    8.533595198833702,
    8.69123405958107,
    5.913983459369839,
    5.942973030601256,
    6.2533683838519325,
    6.246854199959906,
    6.245999988216552,
    6.0037838727346164,
    5.705155609412921,
    5.732430855232001,
    5.697030896932527,
    5.672127701434844,
    8.104335762589336,
    8.803388455059805,
    8.82326037592344,
    8.834706083818713,
    8.872718636710491,
    8.368590447407422,
    8.407667160984715,
    8.407670932215535,
    9.202988767270355,
    9.204667093144147,
    9.39337475096281,
    9.449422974377782,
    9.45855946272789,
    9.60902706065086,
    9.609997656980239,
    10.521600920559731,
    11.333109391705323,
    11.348678541764338,
    11.395846636919755,
    11.527797933310888,
    9.638292123994916,
    9.696091030759128,
    9.740674231232479,
    9.741332784366382,
    9.741129060953414,
    9.78034903535678,
    9.805522570041527,
    9.800193805577551,
    9.800193805577551,
    9.800056891619395
  ],
  "disconnected": false
}