{
  "scenario_id": 91,
  "scenario_type": "edge",
  "initial_lambda2": 29.999999999999943,
  "final_lambda2": -1.6553157552922186e-15,
  "lambda2_reduction_pct": 100.0,
  "total_reward": 143.10025458113586,
  "steps": 200,
  "lambda2_trajectory": [
    29.999999999999943,
    0.0,
    0.0,
    0.0,
    0.0,
    0.0,
    0.0,
    0.0,
    0.0,
    0.0,
    0.0,
    0.0,
    0.0,
    0.0,
    0.0,
    0.0,
    0.0,
    0.0,
    0.0,
    0.0,
    0.0,
    0.0,
    0.0,
    0.0,
    0.0,
    0.0,
    0.0,
    -9.413640746948613e-16,
    0.0,
    -9.413640746948633e-16,
    0.0,
    0.0,
    0.0,
    0.0,
    -1.0496144933003036e-15,
    0.0,
    0.0,
    0.0,
    0.0,
    0.0,
    0.0,
    0.0,
    0.0,
    0.0,
    0.0,
    0.0,
    0.0,
    0.0,
    0.0,
    0.0,
    -1.5883172103341724e-15,
    0.0,
    0.0,
    -1.2990991740002966e-15,
    -1.2990991740002966e-15,
    -1.2990991740002966e-15,
    -8.833942102617832e-16,
    0.0,
    -1.327057004194943e-15,
    -1.327057004194943e-15,
    -1.327057004194943e-15,
    0.0,
    0.0,
    -1.8781443958303575e-15,
    0.0,
    0.0,
    0.0,
    0.0,
    -1.937278910469462e-15,
    -1.937278910469462e-15,
    0.0,
    29.999999999999943,
    29.999999999999943,
    29.999999999999943,
    29.999999999999943,
    29.999999999999943,
    29.999999999999943,
    29.999999999999943,
    29.999999999999943,
    29.999999999999943,
    29.999999999999943,
    -1.1143393651040989e-15,
    -1.1143393651040989e-15,
    0.0,
    0.0,
    0.0,
    0.0,
    0.0,
    0.0,
    0.0,
    0.0,
    -1.2234010332072443e-15,
    -1.5749878141045839e-15,
    0.0,
    0.0,
    -1.2099313715155713e-15,
    -1.2099313715155713e-15,
    -1.2099313715155713e-15,
    0.0,
    0.0,
    0.0,
    -3.958357972397287e-15,
    -3.958357972397287e-15,
    1.5544010548282251e-16,
    1.5544010548282251e-16,
    -2.1903221270005044e-15,
    -1.6419734544509886e-16,
    4.210737061334644e-15,
    -6.330121567876593e-15,
    -6.330121567876593e-15,
    -2.464137043688985e-15,
    29.999999999999943,
    29.999999999999943,
    29.999999999999943,
    29.999999999999943,
    29.999999999999943,
    29.999999999999943,
    29.999999999999943,
    29.999999999999943,
    29.999999999999943,
    29.999999999999943,
    29.999999999999943,
    29.999999999999943,
    29.999999999999943,
    29.999999999999943,
    29.999999999999943,
    29.999999999999943,
    29.999999999999943,
    29.999999999999943,
    29.999999999999943,
    29.999999999999943,
    0.0,
    29.999999999999943,
    0.0,
    29.999999999999943,
    0.0,
    29.999999999999943,
    0.0,
    29.999999999999943,
    0.0,
    29.999999999999943,
    0.0,
    29.999999999999943,
    -2.1843653673593604e-15,
    29.999999999999943,
    -2.639848197626855e-15,
    29.999999999999943,
    1.2222128270395112e-16,
    29.999999999999943,
    0.0,
    29.999999999999943,
    -1.2962611164968096e-15,
    -1.2962611164968096e-15,
    0.0,
    0.0,
    0.0,
    0.0,
    0.0,
    0.0,
    0.0,
    0.0,
    4.30536702619607e-17,
    0.0,
    -1.1187772670869642e-15,
    0.0,
    -1.2156079367656961e-15,
    -1.4480386119674927e-15,
    -6.991952984413945e-16,
    -1.5817240596027812e-15,
    -1.585635006337946e-15,
    -2.092203634893341e-15,
    0.0,
    0.0,
    0.0,
    0.0,
    0.0,
    -1.1874242652519037e-15,
    -1.1874242652519037e-15,
    -1.1874242652519037e-15,
    -1.1874242652519037e-15,
    0.0,
    -1.7495100586956965e-15,
    -1.0723498322548252e-15,
    -1.0723498322548224e-15,
    5.683160577085987e-16,
    -3.8560667447470685e-15,
    -6.408076856090287e-16,
    -1.853875846246035e-15,
    -1.853875846246035e-15,
    -1.853875846246035e-15,
    -4.13729725939163e-15,
    -6.641002846245243e-16,
    -7.661844534700488e-16,
    -9.279691335777805e-16,
    -3.330162915681382e-15,
    -2.9079272247491655e-15,
    -2.9079272247491655e-15,
    -1.6553157552922186e-15,
    -1.6553157552922186e-15,
    -1.6553157552922186e-15,
    -1.6553157552922186e-15
  ],
  "disconnected": true
}