{
  "scenario_id": 89,
  "scenario_type": "line",
  "initial_lambda2": 29.999999999999943,
  "final_lambda2": 5.358460382023887,
  "lambda2_reduction_pct": 82.13846539325368,
  "total_reward": 132.3714882931855,
  "steps": 200,
  "lambda2_trajectory": [
    29.999999999999943,
    13.99490812480063,
    13.994910961425834,
    13.999999999999996,
    14.0,
    14.0,
    14.0,
    13.999999999999988,
    13.999999999999993,
    12.999999999999996,
    12.999999999999996,
    11.999999999999996,
    11.99999999999999,
    11.99999999999999,
    11.999999999999991,
    11.00000000000001,
    11.00000000000001,
    10.999999999999979,
    10.999999999999993,
    10.999999999999993,
    10.999999999999993,
    13.994078886890463,
    13.994078847081148,
    13.994078847081148,
    13.994078847081148,
    13.994445987960031,
    13.994437536029142,
    13.988645705146352,
    13.988571469075616,
    13.988586192636603,
    13.988494546578448,
    13.988494546578448,
    13.978659661102295,
    14.939226945323206,
    14.939202083290233,
    14.950384569296602,
    14.954861008775971,
    14.954861008775971,
    14.93145855934392,
    14.931150930157646,
    14.928156039718921,
    10.961501342847798,
    11.07565170549026,
    11.48222956528591,
    11.599735643075197,
    11.543080811493514,
    11.62907202006548,
    11.402115469226635,
    11.065836364478052,
    11.44299974485972,
    11.523811094233267,
    3.9340415898966272,
    3.9477908696041464,
    3.9587372520087047,
    3.958996004956707,
    3.956513734132938,
    5.215876555640477,
    7.4616666079799625,
    5.353964784339729,
    7.547413541912076,
    5.38273785854391,
    2.9309764300085845,
    2.941048479537396,
    2.943666498703289,
    3.655593766394733,
    3.726176643630377,
    3.820601252298246,
    3.812994926605467,
    3.812994926605467,
    3.8243245891167703,
    3.765785571319303,
    9.542787232362318,
    6.0334353626013355,
    9.51653091802038,
    6.020631094153895,
    9.132794554989054,
    6.365330794589014,
    9.212406370885198,
    6.4711475263486635,
    9.30483835029133,
    6.59862950803094,
    9.229641239998749,
    7.110478683473284,
    9.149084747559037,
    7.292342476637165,
    9.014777771370323,
    7.032010261157213,
    9.303148677244085,
    7.087207587869547,
    9.537284731581384,
    7.114464582410334,
    29.999999999999943,
    17.89534548356833,
    29.999999999999943,
    29.999999999999943,
    29.999999999999943,
    29.999999999999943,
    29.999999999999943,
    29.999999999999943,
    29.999999999999943,
    29.999999999999943,
    18.213488653038223,
    17.924134547376458,
    17.903136819029722,
    18.273172481607794,
    18.228825702611434,
    18.228825702611434,
    18.228825702611434,
    18.228825702611434,
    17.968118536632257,
    17.69999486508949,
    5.012268398641444,
    5.008575855067065,
    5.18931835507057,
    5.341455473512875,
    5.236297935055541,
    5.171343899734387,
    5.203138822225823,
    5.00573501414816,
    4.977261805572873,
    5.249038572083174,
    5.225149760985426,
    5.225149760985426,
    5.238291112757903,
    5.101235816689698,
    5.241354228021226,
    5.380438804057702,
    5.310370518780768,
    5.750734542181561,
    5.847205038684626,
    5.766983573937394,
    5.766983573937394,
    5.676460608609391,
    5.485933238101966,
    5.512566331168534,
    5.466812759996383,
    5.206508706102724,
    5.858021741922743,
    5.789274840367446,
    5.951300783501361,
    5.951448707738535,
    29.999999999999943,
    29.999999999999943,
    29.999999999999943,
    29.999999999999943,
    29.999999999999943,
    29.999999999999943,
    29.999999999999943,
    29.999999999999943,
    29.999999999999943,
    29.999999999999943,
    29.999999999999943,
    29.999999999999943,
    29.999999999999943,
    29.999999999999943,
    29.999999999999943,
    29.999999999999943,
    29.999999999999943,
    29.999999999999943,
    29.999999999999943,
    29.999999999999943,
    5.4490540261025195,
    5.5378059228442496,
    5.266329498022561,
    5.085888787074322,
    5.320942593254853,
    5.655630478398353,
    5.5445858879882355,
    5.23466291668565,
    5.137657484657499,
    5.324893704975807,
    3.5683488868820543,
    3.732905398572396,
    3.7007995692034186,
    3.537902115639418,
    3.587464797643416,
    3.4150188273458806,
    3.4187977914589673,
    3.418804112459241,
    3.0619047921371854,
    3.149927583597939,
    6.258348228547515,
    6.258348228547515,
    6.247022900491639,
    6.239460528242272,
    6.443300344727591,
    6.453561769192496,
    6.483525048851494,
    5.898875324161221,
    5.876494107818321,
    5.985748843650764,
    5.985748843650764,
    5.662007853330412,
    5.10677867015327,
    4.8937143588813115,
    5.372813629822367,
    5.5010383296280025,
    5.773806409324907,
    5.4201308534294865,
    5.516249861283799,
    5.358460382023887
  ],
  "disconnected": false
}