{
  "scenario_id": 73,
  "scenario_type": "grid",
  "initial_lambda2": 29.999999999999943,
  "final_lambda2": 8.593160738289996e-15,
  "lambda2_reduction_pct": 99.99999999999997,
  "total_reward": 174.64649087225166,
  "steps": 200,
  "lambda2_trajectory": [
    29.999999999999943,
    0.0,
    -4.058592471228348e-15,
    -1.7532642002573693e-15,
    0.0,
    0.0,
    0.0,
    -2.4346939537010023e-15,
    -2.4346939537010023e-15,
    -2.5438400793992958e-15,
    0.0,
    -3.030202311182867e-16,
    -3.030202311182867e-16,
    -3.030202311182867e-16,
    -3.030202311182867e-16,
    -3.030202311182867e-16,
    0.0,
    0.0,
    0.0,
    0.0,
    0.0,
    0.0,
    0.0,
    0.0,
    0.0,
    0.0,
    -3.923615321646204e-16,
    -3.923615321646204e-16,
    -3.923615321646204e-16,
    -4.434286728276447e-16,
    -4.434286728276447e-16,
    0.0,
    0.0,
    0.0,
    0.0,
    -2.7611537430201532e-15,
    0.0,
    0.0,
    0.0,
    0.0,
    0.0,
    -2.3777768721300995e-15,
    0.0,
    -3.05417210355971e-15,
    0.0,
    -2.414926443321198e-15,
    0.0,
    -1.6032955826397053e-15,
    0.0,
    7.163424123966058e-16,
    0.0,
    -1.9283316526788435e-15,
    0.0,
    -2.9233366581688966e-15,
    0.0,
    -3.1361181397352817e-15,
    -4.507191358928589e-16,
    -1.0818414646049378e-15,
    -5.87838167740498e-16,
    -1.3841283937434041e-15,
    0.0,
    -3.9412664892227575e-16,
    -9.209747643453945e-16,
    -2.1478964178619814e-15,
    -1.8608382425624277e-16,
    -2.1478964178619814e-15,
    7.357020796379541e-16,
    7.357020796379541e-16,
    -2.5242498776814695e-15,
    7.357020796379541e-16,
    -2.589737798681874e-15,
    0.0,
    0.0,
    0.0,
    0.0,
    0.0,
    0.0,
    -7.019570273162192e-16,
    0.0,
    0.0,
    0.0,
    -3.649095809041263e-15,
    29.999999999999943,
    -3.755711286902901e-15,
    29.999999999999943,
    -1.6606753902951685e-15,
    29.999999999999943,
    -3.554210901122352e-15,
    29.999999999999943,
    -3.554210901122352e-15,
    29.999999999999943,
    -2.509001984744222e-15,
    -2.9146762801134348e-15,
    -2.509001984744222e-15,
    -2.9146762801134348e-15,
    -2.509001984744222e-15,
    3.5398771458165984e-16,
    -2.5350181846194384e-16,
    -3.1313723362304256e-15,
    -1.3738807136634517e-15,
    -3.1313723362304256e-15,
    -4.1523572970719633e-16,
    0.0,
    0.0,
    0.0,
    0.0,
    0.0,
    0.0,
    -9.62898803503387e-16,
    -9.62898803503387e-16,
    -1.2191537699354639e-15,
    -2.845551696201886e-15,
    -1.8662874156936173e-15,
    -1.8662874156936173e-15,
    0.0,
    0.0,
    -2.6953415784474703e-15,
    -3.9521970762596195e-15,
    -3.9521970762596195e-15,
    -3.9521970762596195e-15,
    -1.8597228076445446e-15,
    0.982060049463509,
    0.9818931658563794,
    0.9825398166114689,
    0.9825398166114689,
    1.2368143782282572e-14,
    6.6368462640285435e-15,
    1.0547736662194132e-14,
    0.9797684468101422,
    1.9999999999999996,
    1.8593478299976538,
    -1.6332777217916524e-15,
    0.9973740399487532,
    -1.6332777217916524e-15,
    0.9973706378735521,
    -1.9349601286295346e-15,
    0.9973652892513083,
    -1.6332777217916524e-15,
    0.9973651205784686,
    -2.1898976332824258e-15,
    0.9973636237026173,
    0.9973685319190977,
    0.997368531919097,
    0.9945974178781227,
    -1.7493359136284082e-15,
    0.932775147963059,
    -1.7081248459642022e-15,
    0.932773468855379,
    0.0,
    0.0,
    0.0,
    1.000000000000001,
    0.9999999999999929,
    0.999999999999995,
    0.9999999999999938,
    0.9999999999999982,
    0.9999999999999991,
    1.0000000000000022,
    1.0000000000000013,
    1.0000000000000004,
    0.9999999999999948,
    0.0,
    1.0,
    0.0,
    1.0000000000000013,
    0.0,
    1.999999999999993,
    -2.5625732712709756e-15,
    1.0000000000000004,
    0.0,
    1.0,
    0.0,
    0.0,
    0.0,
    -1.6514757680851442e-15,
    0.9999999999999973,
    0.0,
    3.8894637749012465e-15,
    -1.4817737959086233e-15,
    9.202356291314552e-16,
    -1.4817737959086233e-15,
    -9.672159752259054e-16,
    29.999999999999943,
    3.387801133266516e-17,
    29.999999999999943,
    -1.2150469326173143e-16,
    29.999999999999943,
    -3.827734839863967e-15,
    29.999999999999943,
    -7.759038959698187e-15,
    29.999999999999943,
    6.7905278599151595e-15,
    -3.2904870155541354e-16,
    1.7301393568761367e-15,
    5.795857596683598e-15,
    2.617876563028683e-15,
    6.049642510007692e-15,
    2.172186728997672e-15,
    -3.4509564266664847e-16,
    2.8024353879994877e-15,
    8.593160738289996e-15
  ],
  "disconnected": true
}