{
  "scenario_id": 5,
  "scenario_type": "random",
  "initial_lambda2": 29.999999999999943,
  "final_lambda2": 0.0,
  "lambda2_reduction_pct": 100.0,
  "total_reward": 170.21434254826988,
  "steps": 200,
  "lambda2_trajectory": [
    29.999999999999943,
    29.999999999999943,
    29.999999999999943,
    29.999999999999943,
    29.999999999999943,
    29.999999999999943,
    29.999999999999943,
    29.999999999999943,
    29.999999999999943,
    29.999999999999943,
    29.999999999999943,
    0.0,
    0.0,
    0.0,
    0.0,
    0.0,
    0.0,
    0.0,
    0.0,
    0.0,
    0.0,
    0.0,
    0.0,
    0.0,
    0.0,
    0.0,
    -6.767743565017094e-16,
    0.0,
    0.0,
    0.0,
    0.0,
    0.0,
    0.0,
    0.0,
    0.0,
    0.0,
    -3.768392271320197e-16,
    -3.5710124615933804e-16,
    -3.5710124615933804e-16,
    -3.5710124615933804e-16,
    -3.5710124615933804e-16,
    0.0,
    0.0,
    0.0,
    0.0,
    0.0,
    0.0,
    0.0,
    -3.327512724468383e-15,
    -1.5511558850681326e-15,
    -1.6629891569147423e-15,
    0.0,
    0.0,
    -3.587267372221504e-16,
    0.0,
    -2.413897773810467e-15,
    -3.624305664116298e-15,
    -1.504015531692323e-15,
    -1.1997966425026288e-15,
    -1.397704843202563e-15,
    -1.1997966425026288e-15,
    -1.815720467828543e-15,
    -2.6454159890345315e-15,
    -1.1245820692878501e-16,
    -2.662466759742533e-15,
    -2.2575641766196825e-15,
    -1.3975014573484068e-15,
    0.0,
    -1.8039385996577102e-15,
    0.0,
    -1.785259199300429e-15,
    0.0,
    -1.5410072816490286e-15,
    -8.823893710408023e-16,
    -2.126365563541583e-15,
    -8.823893710408023e-16,
    -1.6136673515382539e-15,
    -3.1883491922943445e-16,
    -2.615306216686518e-15,
    -1.3837639217281644e-16,
    -1.5422761870288138e-15,
    0.0,
    0.0,
    0.0,
    -7.755702027071579e-16,
    -1.6645415647840532e-16,
    -1.6645415647840532e-16,
    -1.6645415647840532e-16,
    -1.6645415647840532e-16,
    -1.6645415647840532e-16,
    -1.6645415647840532e-16,
    -3.1719432217875594e-15,
    -3.1719432217875594e-15,
    -1.5517571751377194e-15,
    -1.4125369081180467e-15,
    -1.4125369081180467e-15,
    -2.2543282510188407e-15,
    -2.2543282510188407e-15,
    3.0753023894657176e-17,
    3.0753023894657176e-17,
    -1.344473479706436e-15,
    -1.7616828953421084e-15,
    -2.210201355713729e-15,
    -2.276679607532656e-15,
    -1.8920864540874435e-15,
    -2.9060024068944067e-15,
    -1.834819039817995e-15,
    -1.834819039817995e-15,
    -2.6758391738972125e-15,
    -2.021048770295087e-15,
    -4.439156133591358e-16,
    -1.9855534145616658e-15,
    -1.708271788395779e-15,
    -2.5716501769343282e-15,
    29.999999999999943,
    -1.8226845399107663e-15,
    29.999999999999943,
    -2.6283424521969707e-16,
    29.999999999999943,
    -2.6283424521969707e-16,
    29.999999999999943,
    1.9999999999999984,
    29.999999999999943,
    2.000000000000003,
    29.999999999999943,
    1.999999999999996,
    29.999999999999943,
    2.000000000000005,
    29.999999999999943,
    2.0000000000000004,
    29.999999999999943,
    -2.527961795305819e-15,
    -2.527961795305819e-15,
    -1.785180459668308e-15,
    -1.785180459668308e-15,
    2.9516123189305537e-16,
    -2.1486282891149307e-15,
    -2.903184466158612e-15,
    -2.7932389612257374e-15,
    -2.7932389612257374e-15,
    -9.889457951152401e-16,
    0.0,
    3.000000000000001,
    0.0,
    2.999999999999999,
    0.0,
    2.9999999999999964,
    0.0,
    2.999999999999991,
    0.0,
    2.999999999999991,
    2.9999999999999982,
    2.9999999999999982,
    3.0,
    3.0000000000000018,
    2.9999999999999982,
    3.000000000000001,
    2.9999999999999982,
    2.999999999999994,
    2.9999999999999876,
    2.9999999999999876,
    -1.4828749881296515e-15,
    -1.6441028717469921e-15,
    -1.6441028717469921e-15,
    -1.6441028717469921e-15,
    -1.6176339404799569e-15,
    -2.074857177087997e-15,
    -1.2026558582416277e-15,
    2.575388307436326e-16,
    -2.966534327926786e-16,
    -2.966534327926786e-16,
    0.0,
    0.0,
    0.0,
    0.0,
    0.0,
    0.0,
    0.0,
    0.0,
    0.0,
    0.0,
    0.0,
    0.0,
    0.0,
    0.0,
    0.0,
    0.0,
    0.0,
    0.0,
    0.0,
    0.0,
    -1.805171951653689e-15,
    -1.805171951653689e-15,
    -1.805171951653689e-15,
    0.0,
    -2.2540777279458162e-15,
    0.0,
    0.0,
    0.0,
    0.0,
    0.0
  ],
  "disconnected": true
}