{
  "scenario_id": 10,
  "scenario_type": "random",
  "initial_lambda2": 29.999999999999943,
  "final_lambda2": -1.2636423100298333e-15,
  "lambda2_reduction_pct": 100.0,
  "total_reward": 147.76776408993172,
  "steps": 200,
  "lambda2_trajectory": [
    29.999999999999943,
    0.0,
    -9.760104944777407e-16,
    -9.760104944777407e-16,
    -9.760104944777407e-16,
    0.0,
    0.0,
    -1.6951572930791442e-15,
    -1.6951572930791442e-15,
    -1.6951572930791442e-15,
    0.0,
    0.0,
    0.0,
    0.0,
    0.0,
    0.0,
    0.0,
    0.0,
    0.0,
    0.0,
    0.0,
    0.0,
    0.0,
    0.0,
    0.0,
    0.0,
    0.0,
    0.0,
    0.0,
    0.0,
    0.0,
    0.0,
    0.0,
    0.0,
    0.0,
    0.0,
    0.0,
    0.0,
    0.0,
    0.0,
    0.0,
    29.999999999999943,
    29.999999999999943,
    29.999999999999943,
    29.999999999999943,
    29.999999999999943,
    29.999999999999943,
    29.999999999999943,
    29.999999999999943,
    29.999999999999943,
    29.999999999999943,
    -1.716402133274341e-15,
    0.0,
    -3.48931164185509e-15,
    -3.48931164185509e-15,
    -2.390441738718132e-15,
    0.0,
    -3.830170621478883e-15,
    0.0,
    -3.5799894007873425e-15,
    0.0,
    29.999999999999943,
    -1.5114386922588484e-15,
    29.999999999999943,
    0.0,
    29.999999999999943,
    -2.233083051390178e-15,
    29.999999999999943,
    0.0,
    29.999999999999943,
    -2.1611655054772265e-15,
    29.999999999999943,
    0.0,
    29.999999999999943,
    -3.3650801265713074e-15,
    29.999999999999943,
    -1.855026587815481e-15,
    29.999999999999943,
    -2.2334854059461006e-15,
    -2.2334854059461006e-15,
    -1.686723494938324e-15,
    29.999999999999943,
    29.999999999999943,
    29.999999999999943,
    29.999999999999943,
    29.999999999999943,
    29.999999999999943,
    29.999999999999943,
    29.999999999999943,
    -1.279653481210155e-15,
    29.999999999999943,
    0.0,
    -9.102536926633107e-16,
    0.0,
    -1.1904077688994735e-15,
    0.0,
    -1.1904077688994735e-15,
    0.0,
    -9.630184559738102e-16,
    0.0,
    -9.630184559738102e-16,
    -2.170517914603089e-15,
    -4.275980848440623e-15,
    -3.854654683268544e-15,
    -3.704365681084019e-15,
    -4.5339044330205356e-15,
    -4.442890662160782e-15,
    -1.4123800567303984e-15,
    -1.871756326893336e-15,
    0.0,
    0.0,
    0.0,
    0.0,
    0.0,
    0.0,
    0.0,
    0.0,
    0.0,
    0.0,
    0.0,
    0.0,
    -1.0071295899639283e-15,
    -3.3524979433872227e-16,
    -1.6271747265012363e-15,
    -5.164971049787847e-16,
    -1.8651624049071425e-15,
    -2.4396110909684613e-15,
    -7.411782573572218e-16,
    -1.6707029696438742e-15,
    3.5674992407698673e-17,
    -2.2587245513707406e-16,
    0.0,
    -4.089221981108475e-15,
    0.0,
    -4.089221981108475e-15,
    0.0,
    -2.2587245513707406e-16,
    0.0,
    -2.2587245513707406e-16,
    0.0,
    -4.089221981108475e-15,
    29.999999999999943,
    29.999999999999943,
    29.999999999999943,
    29.999999999999943,
    29.999999999999943,
    29.999999999999943,
    29.999999999999943,
    29.999999999999943,
    29.999999999999943,
    29.999999999999943,
    -2.7030204578241502e-15,
    -1.6343067304766603e-15,
    -4.313146652604847e-16,
    -2.3256604638390767e-15,
    -3.1060125200303507e-15,
    -1.1165292513539389e-15,
    6.618323611243611e-16,
    -2.951725414697059e-15,
    -2.0817519905233666e-15,
    29.999999999999943,
    -3.4230881663333817e-15,
    -3.4230881663333817e-15,
    -3.4230881663333817e-15,
    -3.4230881663333817e-15,
    -2.2587245513707406e-16,
    1.437454077912433e-15,
    -2.904098756558116e-15,
    -2.904098756558116e-15,
    -2.904098756558116e-15,
    -3.6697774531093575e-15,
    0.0,
    0.0,
    0.0,
    0.0,
    0.0,
    0.0,
    0.0,
    0.0,
    0.0,
    0.0,
    -4.672746696132305e-16,
    -4.672746696132305e-16,
    -1.4372864880784853e-15,
    5.073789316877793e-16,
    -1.340931827888556e-15,
    -5.1977483563361375e-16,
    -2.8862841531795063e-15,
    -7.274288481897714e-16,
    -7.274288481897714e-16,
    -1.419876591354972e-15,
    -1.7785077935414792e-15,
    -3.0330650520526606e-15,
    6.75265304249571e-16,
    6.75265304249571e-16,
    1.6618355023190748e-16,
    6.440661010428693e-17,
    -2.170886106234043e-15,
    -1.6612520608394939e-15,
    -1.851873792390046e-15,
    -1.2636423100298333e-15
  ],
  "disconnected": true
}