{
  "scenario_id": 19,
  "scenario_type": "random",
  "initial_lambda2": 29.999999999999943,
  "final_lambda2": 4.287280198282682,
  "lambda2_reduction_pct": 85.70906600572437,
  "total_reward": 167.02859454331792,
  "steps": 200,
  "lambda2_trajectory": [
    29.999999999999943,
    6.19985107928658,
    4.537258264502157,
    6.388856800085589,
    4.403290082133916,
    6.550459963918095,
    5.719165091663868,
    11.986672728066425,
    6.018321913030861,
    11.98682294943583,
    6.166316659579302,
    11.99161141924655,
    12.990295728185815,
    12.990295728185815,
    12.990295728185815,
    12.99544760010177,
    12.99544760010177,
    13.99467391153086,
    13.994819341919612,
    13.994820434865169,
    12.99554019990913,
    13.000000000000002,
    13.000000000000002,
    14.000000000000004,
    13.999999999999986,
    13.999999999999995,
    13.999999999999995,
    15.951308023414356,
    15.951324001767087,
    15.951324001767087,
    15.951324001767087,
    15.951324001767087,
    15.951324001767087,
    16.90167303209029,
    16.90167303209029,
    17.87402068438737,
    18.832279917780976,
    19.764649258840034,
    19.764649258840034,
    21.404472816469077,
    21.404472816469077,
    7.244444798465272,
    7.082066569279178,
    6.98078389325458,
    7.128684921905121,
    7.411382436486377,
    7.315228791169689,
    7.093720834700713,
    7.300474941669899,
    7.181470291107511,
    7.215356972560116,
    7.796324067654179,
    7.796324067654179,
    7.92728537445891,
    8.108914680140773,
    8.175262610439267,
    7.946965898350099,
    7.879808475444392,
    7.928741396220802,
    8.057884710520495,
    7.960298490694164,
    8.000455054319916,
    7.941576896052826,
    8.074590097591477,
    8.262170523249262,
    8.349413037673665,
    8.349413037673665,
    8.57242388581417,
    8.522807793594216,
    8.723587850245623,
    8.894815207399425,
    9.036796704621642,
    9.15759401402377,
    9.158793755032088,
    9.039092545013508,
    9.046823422646812,
    9.365781631150783,
    9.522766345872276,
    9.414787618062318,
    9.327232780500148,
    9.371214947411884,
    9.277785035141301,
    9.347211974078535,
    9.502098914960742,
    9.235491191503264,
    9.21615781593968,
    9.283684499963707,
    9.3816966386823,
    9.745225178343528,
    9.79431013857677,
    9.83191383159788,
    10.099852685410243,
    9.859231313872703,
    9.767249948779826,
    9.725497400864418,
    9.709975516954865,
    10.100143445132618,
    10.293881976791278,
    10.255516594519984,
    10.434959212379994,
    10.448271590920175,
    10.582142842959845,
    10.126659533385995,
    10.052440393816617,
    9.788399301070587,
    9.808813548859078,
    9.808813548859078,
    9.65630386460116,
    9.541324398853812,
    9.488139684285011,
    9.55442523343974,
    9.306119507880384,
    9.347477905267127,
    9.346268943139494,
    9.312924028685932,
    9.271030170528057,
    8.774941797811648,
    8.455636067461302,
    8.613745592524836,
    8.970962881023366,
    8.970962881023366,
    8.72271498676754,
    8.501120448817725,
    8.512600391927881,
    8.2742218314088,
    8.298893639543467,
    8.334094492844644,
    8.631914159487966,
    8.741168521951385,
    8.735084690503728,
    8.58241729507173,
    8.569669121016195,
    8.569669121016195,
    8.566209707836807,
    8.549798267627144,
    8.320719528028414,
    8.445042700413387,
    8.511188740075154,
    8.393970636258242,
    8.795666533032632,
    8.653338180638828,
    9.996100414675098,
    9.950315614379617,
    9.815274165747338,
    9.589372896868067,
    9.400430139902825,
    9.471269683219278,
    9.41308912308252,
    9.347052053628907,
    9.375214250739505,
    9.459653098613101,
    9.10699707138924,
    9.063893894890095,
    8.42095229867269,
    8.41692192801799,
    7.980225188775332,
    7.820852733011018,
    7.7889177733847905,
    7.7889177733847905,
    7.440251679432024,
    7.186243490789847,
    5.225547977714936,
    5.1859340395265825,
    5.103042471325256,
    4.680853339253156,
    4.623127196627232,
    4.67880428465683,
    4.678891682224601,
    4.757762865808789,
    4.760425624931975,
    4.750991175836203,
    7.700317591117265,
    7.3982554192954915,
    7.297045568399501,
    7.37008108169135,
    7.541268922025598,
    7.530492670202884,
    7.434974376133955,
    7.298154330349789,
    7.3540506584980285,
    7.603190400962884,
    5.653926042979965,
    5.6646968509085855,
    5.365133844782636,
    5.867390838883788,
    5.216954146065148,
    5.199845749887875,
    5.293444887212761,
    5.2739622400472586,
    5.272885719752689,
    5.290990912029519,
    7.983996302031855,
    5.171430112959833,
    8.208394459582577,
    5.210230103229935,
    8.220565240931718,
    5.18716997625654,
    8.393994239972145,
    4.8852062001468886,
    8.004595346642645,
    4.287280198282682
  ],
  "disconnected": false
}