{
  "scenario_id": 37,
  "scenario_type": "clustered",
  "initial_lambda2": 29.999999999999943,
  "final_lambda2": 29.999999999999943,
  "lambda2_reduction_pct": 0.0,
  "total_reward": 166.80003775149726,
  "steps": 200,
  "lambda2_trajectory": [
    29.999999999999943,
    -2.253932503813319e-15,
    -2.253932503813319e-15,
    -1.7946989317542554e-15,
    -1.7946989317542554e-15,
    -6.083963498376621e-17,
    -6.083963498376621e-17,
    -2.0516247160740948e-15,
    -2.0516247160740948e-15,
    -2.0516247160740948e-15,
    -2.0516247160740948e-15,
    0.0,
    0.0,
    0.0,
    0.0,
    0.0,
    0.0,
    0.0,
    0.0,
    0.0,
    0.0,
    0.0,
    0.0,
    0.0,
    0.0,
    0.0,
    0.0,
    0.0,
    -1.1874242652519037e-15,
    -1.1874242652519037e-15,
    0.0,
    -1.4693396719637895e-15,
    -1.2024689044073412e-15,
    -1.2024689044073412e-15,
    0.0,
    0.0,
    0.0,
    -1.0125791749895085e-15,
    -1.1975725841474804e-15,
    -1.1975725841474804e-15,
    -1.1975725841474804e-15,
    -1.1975725841474804e-15,
    -1.1158039866064142e-15,
    -1.1158039866064142e-15,
    -1.1158039866064142e-15,
    -1.9324570420202598e-15,
    -1.7061878897123778e-15,
    -1.7061878897123778e-15,
    -1.7061878897123778e-15,
    -1.7061878897123778e-15,
    -1.0453656652198483e-15,
    -1.9759201748480107e-16,
    -1.9759201748480107e-16,
    -1.9759201748480107e-16,
    -4.220420149127137e-16,
    -1.827235115623866e-15,
    -1.4081254088217823e-15,
    -1.4081254088217823e-15,
    -1.4081254088217823e-15,
    -1.4081254088217823e-15,
    -1.4081254088217823e-15,
    0.0,
    0.0,
    0.0,
    0.0,
    0.0,
    0.0,
    0.0,
    0.0,
    0.0,
    0.0,
    0.0,
    -2.5721056105279163e-15,
    3.4205366781505945e-15,
    0.0,
    -2.3293136668896426e-15,
    1.391148201698619e-15,
    1.391148201698619e-15,
    -3.536819053815733e-15,
    0.0,
    -2.488352895966732e-15,
    0.0,
    0.0,
    0.0,
    0.0,
    0.0,
    0.0,
    0.0,
    0.0,
    -1.1798857328329144e-15,
    0.0,
    -1.7223610161707815e-15,
    -1.7223610161707815e-15,
    -1.7223610161707815e-15,
    0.0,
    -2.1380629276039866e-15,
    -2.1380629276039866e-15,
    0.0,
    0.0,
    0.0,
    0.0,
    3.013012529928988e-16,
    -1.228903578037999e-15,
    -1.701856379099722e-15,
    -5.2034259039740235e-15,
    -5.2034259039740235e-15,
    -2.575203388105997e-15,
    -1.935688329229316e-15,
    -1.935688329229316e-15,
    -1.9337728432152655e-15,
    -1.9337728432152655e-15,
    -1.5617409832159434e-15,
    -2.027389561903647e-15,
    -3.058354004651839e-15,
    -3.2005782474997274e-15,
    -3.238758939093933e-16,
    -2.9368709412320494e-15,
    -1.190766528541713e-17,
    4.129161330337174e-17,
    -8.606534751905165e-16,
    -1.4754469643703126e-15,
    -1.0400890414809007e-16,
    -3.018443461883349e-15,
    -3.2671678445508567e-15,
    -1.0512545128078132e-15,
    -1.0512545128078132e-15,
    -1.0512545128078132e-15,
    -2.6098733004358134e-15,
    -3.0323273599980734e-15,
    -5.074779307078641e-16,
    -2.7737813117968883e-15,
    -2.7737813117968883e-15,
    -7.925540428549563e-16,
    -7.925540428549563e-16,
    -2.1734322496755895e-15,
    -2.356245570971712e-15,
    -2.528708838105987e-15,
    -2.528708838105987e-15,
    -1.7091816016883692e-15,
    -3.787234660618252e-15,
    -3.787234660618252e-15,
    -1.412637175486522e-15,
    -1.5266171856437723e-15,
    -2.846783279752305e-15,
    -1.3344682405980298e-15,
    -2.5393731180031086e-15,
    -1.915609244172435e-15,
    -6.970454828317614e-16,
    -6.970454828317614e-16,
    -3.591023596863941e-15,
    -2.612043294558801e-15,
    -3.6219010161764825e-15,
    -2.8115633102958497e-15,
    -2.8115633102958497e-15,
    -2.8115633102958497e-15,
    -2.9967412299133354e-15,
    -1.864147596052642e-15,
    -3.7902856494432254e-15,
    -3.0123513133751074e-15,
    -1.795547397470877e-15,
    -1.795547397470877e-15,
    -1.1739753794245445e-15,
    -5.904971639652148e-16,
    -1.834388170842644e-15,
    -4.007742259917585e-16,
    1.352753142530319e-16,
    -1.1144137523548818e-15,
    -3.0265986015059853e-15,
    -2.832106071219387e-15,
    -7.132783092139456e-16,
    -2.114666907967716e-15,
    29.999999999999943,
    -2.114666907967716e-15,
    29.999999999999943,
    -3.6315597939751133e-16,
    29.999999999999943,
    -3.5441906391772595e-16,
    29.999999999999943,
    -2.2341038442136168e-15,
    29.999999999999943,
    -1.6266142862836276e-15,
    29.999999999999943,
    29.999999999999943,
    29.999999999999943,
    29.999999999999943,
    29.999999999999943,
    29.999999999999943,
    29.999999999999943,
    29.999999999999943,
    29.999999999999943,
    29.999999999999943,
    29.999999999999943,
    29.999999999999943,
    29.999999999999943,
    29.999999999999943,
    29.999999999999943,
    29.999999999999943,
    29.999999999999943,
    29.999999999999943,
    29.999999999999943,
    29.999999999999943
  ],
  "disconnected": false
}