{
  "scenario_id": 1,
  "scenario_type": "random",
  "initial_lambda2": 29.999999999999943,
  "final_lambda2": 29.999999999999943,
  "lambda2_reduction_pct": 0.0,
  "total_reward": 18.42144219065636,
  "steps": 200,
  "lambda2_trajectory": [
    29.999999999999943,
    29.999999999999943,
    29.999999999999943,
    29.999999999999943,
    29.999999999999943,
    29.999999999999943,
    29.999999999999943,
    29.999999999999943,
    29.999999999999943,
    29.999999999999943,
    29.999999999999943,
    29.999999999999943,
    29.999999999999943,
    29.999999999999943,
    29.999999999999943,
    29.999999999999943,
    29.999999999999943,
    29.999999999999943,
    29.999999999999943,
    29.999999999999943,
    29.999999999999943,
    29.999999999999943,
    29.999999999999943,
    29.999999999999943,
    29.999999999999943,
    29.999999999999943,
    29.999999999999943,
    29.999999999999943,
    29.999999999999943,
    29.999999999999943,
    29.999999999999943,
    22.579327887959476,
    29.999999999999943,
    22.62036578047554,
    29.999999999999943,
    23.017470466846508,
    29.999999999999943,
    23.43923536522127,
    29.999999999999943,
    23.46661608747241,
    29.999999999999943,
    23.580798298687682,
    29.999999999999943,
    23.580798298687682,
    29.999999999999943,
    23.580798298687682,
    29.999999999999943,
    23.96885756286319,
    29.999999999999943,
    25.771671784053357,
    29.999999999999943,
    29.999999999999943,
    29.999999999999943,
    29.999999999999943,
    29.999999999999943,
    29.999999999999943,
    24.58578643762688,
    29.999999999999943,
    24.58578643762688,
    29.999999999999943,
    24.585786437626897,
    25.657076917222835,
    29.999999999999943,
    25.224287144263794,
    29.999999999999943,
    29.999999999999943,
    29.999999999999943,
    29.999999999999943,
    24.31866935639502,
    29.999999999999943,
    29.999999999999943,
    24.763932022500196,
    29.999999999999943,
    24.763932022500196,
    29.999999999999943,
    24.763932022500196,
    29.999999999999943,
    24.76393202250021,
    29.999999999999943,
    25.438447187191173,
    29.999999999999943,
    29.999999999999943,
    29.999999999999943,
    29.999999999999943,
    29.999999999999943,
    29.999999999999943,
    29.999999999999943,
    29.999999999999943,
    29.999999999999943,
    29.999999999999943,
    29.999999999999943,
    24.79771118290154,
    29.999999999999943,
    24.67549930532652,
    29.999999999999943,
    24.82680215922082,
    29.999999999999943,
    25.50913638463897,
    29.999999999999943,
    24.795000503054727,
    29.999999999999943,
    23.292993400695888,
    29.999999999999943,
    22.994004473832565,
    29.999999999999943,
    22.443756667670197,
    29.999999999999943,
    23.14479979113405,
    29.999999999999943,
    22.787928364180903,
    29.999999999999943,
    20.828176415758893,
    29.999999999999943,
    20.439291236048707,
    29.999999999999943,
    20.916977672027034,
    29.999999999999943,
    20.282522770430727,
    29.999999999999943,
    20.59928955922013,
    29.999999999999943,
    23.556844904291903,
    29.999999999999943,
    23.667440295463347,
    29.999999999999943,
    23.48288676816159,
    29.999999999999943,
    23.38542265128574,
    29.999999999999943,
    23.38542265128574,
    29.999999999999943,
    24.453704988281498,
    29.999999999999943,
    24.534937281603657,
    29.999999999999943,
    24.67659572391352,
    29.999999999999943,
    25.518805695907997,
    29.999999999999943,
    24.67206600324185,
    29.999999999999943,
    29.999999999999943,
    29.999999999999943,
    29.999999999999943,
    29.999999999999943,
    29.999999999999943,
    29.999999999999943,
    29.999999999999943,
    29.999999999999943,
    29.999999999999943,
    29.999999999999943,
    25.66579946845707,
    29.999999999999943,
    25.697224362268006,
    29.999999999999943,
    29.999999999999943,
    26.585786437626897,
    29.999999999999943,
    29.999999999999943,
    29.999999999999943,
    29.999999999999943,
    29.999999999999943,
    29.999999999999943,
    29.999999999999943,
    29.999999999999943,
    29.999999999999943,
    29.999999999999943,
    29.999999999999943,
    29.999999999999943,
    29.999999999999943,
    29.999999999999943,
    29.999999999999943,
    29.999999999999943,
    29.999999999999943,
    29.999999999999943,
    29.999999999999943,
    29.999999999999943,
    29.999999999999943,
    29.999999999999943,
    29.999999999999943,
    29.999999999999943,
    25.186393497351663,
    29.999999999999943,
    25.186393497351663,
    29.999999999999943,
    26.585786437626904,
    29.999999999999943,
    26.585786437626904,
    29.999999999999943,
    25.999999999999982,
    29.999999999999943,
    25.999999999999996,
    29.999999999999943,
    25.999999999999996,
    29.999999999999943,
    25.999999999999996,
    29.999999999999943,
    25.999999999999975,
    29.999999999999943,
    26.00000000000001,
    29.999999999999943
  ],
  "disconnected": false
}