{
  "scenario_id": 30,
  "scenario_type": "clustered",
  "initial_lambda2": 29.999999999999943,
  "final_lambda2": 11.91493030381484,
  "lambda2_reduction_pct": 60.283565653950454,
  "total_reward": 176.87005684033406,
  "steps": 200,
  "lambda2_trajectory": [
    29.999999999999943,
    6.4811696331896735,
    6.409824449143438,
    6.271954540956398,
    5.767468317264932,
    5.84369782356871,
    5.9334721907479215,
    6.004829371609036,
    6.054258879629676,
    6.055789389726038,
    6.090393000760339,
    5.974375741885996,
    5.987971146574875,
    5.79039967081942,
    5.842715552061316,
    5.79861392168675,
    6.162169811209722,
    6.6513568631297675,
    6.634603001815638,
    6.449901804976637,
    6.431812191762527,
    6.4410229035539714,
    6.446464241014015,
    6.686182265735159,
    6.937384148037625,
    7.050038244172609,
    6.951656537921339,
    6.8509114583818125,
    6.956499840462957,
    7.154947026999406,
    6.951593912417224,
    6.491052114021383,
    6.476899069644692,
    6.80240470335275,
    6.807180321987792,
    6.8525977601250485,
    6.635475899642378,
    6.05193507299677,
    5.436824926331213,
    5.338131183734916,
    5.386993092864454,
    5.324100108340392,
    5.530609581835237,
    6.265262465408142,
    6.272253378881475,
    6.2629214339120205,
    6.086760333816371,
    5.792251701669567,
    5.78160661352616,
    6.0791681347989,
    6.43738644918302,
    6.703930057309007,
    6.73230898583985,
    7.132803148019196,
    7.503789409893223,
    7.692692364818744,
    6.994403838173576,
    6.977907539211741,
    7.116400823755237,
    7.070058193642333,
    7.021337558280387,
    7.02751257378698,
    7.012119506141053,
    6.951046736399813,
    6.985226774773034,
    6.992769661903975,
    7.098289158552553,
    7.360873430429021,
    7.308847909983003,
    7.351696149494215,
    7.469678396678532,
    3.987011896655753,
    3.986861041633783,
    3.986861600676238,
    3.9868627067265026,
    3.9868805071386415,
    3.98673436353433,
    3.9867357760033624,
    4.973917941706451,
    4.973921333045654,
    4.974326215976307,
    5.965679988699621,
    5.965680288255403,
    6.9395637439470885,
    6.915724632132893,
    7.538081757527756,
    7.538081757527756,
    8.447600073089369,
    8.46585877646773,
    9.54233483027161,
    9.34354727151445,
    9.614526769464536,
    9.60829367736402,
    9.792820851307077,
    9.791217080128305,
    9.791366337789718,
    8.900625088620561,
    8.938559292589087,
    7.9804388272586895,
    7.983562749860084,
    7.986321261537057,
    7.986321109870671,
    7.986321101019271,
    9.975901558648175,
    9.975974887431931,
    9.975974887431931,
    9.975960011375328,
    10.938446844761494,
    10.938446844761494,
    11.931929558552579,
    11.941281539892127,
    7.88032310992002,
    7.888490770032579,
    7.890329103361765,
    8.851292270888992,
    8.847217360301169,
    8.678610065219328,
    8.686034983839715,
    8.686034983839715,
    8.684888805240089,
    8.72031758643099,
    8.735417201713013,
    8.771755996142073,
    6.921907852612719,
    6.923035504272445,
    6.923035504272445,
    5.955880153337246,
    5.951641696914887,
    3.975124456540649,
    3.9752436414632784,
    4.983170997709241,
    4.983170997709241,
    4.983170997709248,
    4.98343839254834,
    4.98343839254834,
    4.983447627220023,
    4.983447627220023,
    3.996082338581205,
    3.9960827778651016,
    3.996082385866126,
    3.9959928935501847,
    3.9959930328954485,
    4.992536774938207,
    4.992535385070315,
    7.910165485327093,
    7.910165485327093,
    7.910165485327093,
    7.923291130628497,
    6.983441260623595,
    16.901375877177347,
    16.928425714212164,
    16.928425714212164,
    16.928425714212164,
    15.961807182885675,
    15.961888877488192,
    15.961888877488192,
    15.938928811339036,
    15.946196735204033,
    15.946196735204033,
    15.964415313076117,
    15.964415313076117,
    9.9084736834314,
    10.630330323344356,
    10.855608301979704,
    10.634635394392937,
    10.898438360501544,
    11.785661877043857,
    11.781247985109635,
    11.78051960567081,
    12.768556270393422,
    12.76880823177558,
    8.890666881360197,
    8.88324919951565,
    8.88325199148462,
    9.800667558968406,
    9.802166511777315,
    9.800667558968406,
    9.871762350538916,
    8.959391128416847,
    8.966787647076444,
    8.966788884136847,
    9.9160875772832,
    12.916980663031183,
    11.9398605851005,
    11.931050492927547,
    11.92949611970679,
    11.929832289589676,
    10.98348162660725,
    11.98033602022696,
    11.984668538138614,
    11.984600304926037,
    11.990160483875368,
    11.990180794262615,
    11.990213117929855,
    11.990213117929855,
    11.990078737550792,
    11.990078737550792,
    11.990072342421545,
    13.70079208505107,
    12.892513598483948,
    11.91493030381484
  ],
  "disconnected": false
}