{
  "scenario_id": 93,
  "scenario_type": "edge",
  "initial_lambda2": 29.999999999999943,
  "final_lambda2": 29.999999999999943,
  "lambda2_reduction_pct": 0.0,
  "total_reward": 124.09352365927242,
  "steps": 200,
  "lambda2_trajectory": [
    29.999999999999943,
    0.0,
    0.0,
    0.0,
    0.0,
    0.0,
    0.0,
    0.0,
    0.0,
    0.0,
    0.0,
    -3.7683922713201524e-16,
    -2.795049326286077e-16,
    -2.795049326286077e-16,
    -2.795049326286077e-16,
    -2.795049326286077e-16,
    2.840015808116922e-16,
    -1.123131775445363e-16,
    -3.7760624390077205e-16,
    -8.851285492747002e-16,
    -1.578227941662297e-16,
    2.2419577049291584e-16,
    -2.3287217552730133e-16,
    -2.3287217552730133e-16,
    -2.3287217552730133e-16,
    -1.3483843047239648e-15,
    -4.763990879060065e-16,
    -4.763990879060065e-16,
    -9.54099514288803e-16,
    -9.54099514288803e-16,
    -9.878637624333134e-16,
    -9.878637624333134e-16,
    -9.878637624333134e-16,
    -9.878637624333134e-16,
    -9.878637624333134e-16,
    -3.1349583781322385e-16,
    -3.7858486979592015e-16,
    -3.7858486979592015e-16,
    -3.7858486979592015e-16,
    -3.7858486979592015e-16,
    -9.948246246591971e-16,
    -4.616492887520034e-16,
    -4.616492887520034e-16,
    -9.680105919817724e-17,
    -9.680105919817724e-17,
    -6.554269303253499e-16,
    -3.438493978668919e-16,
    -3.438493978668919e-16,
    -8.648779886216942e-16,
    -1.8323169452927198e-15,
    -1.3925790855297645e-15,
    -8.074180935926703e-16,
    -8.074180935926703e-16,
    -8.074180935926703e-16,
    -8.074180935926703e-16,
    -8.074180935926703e-16,
    -8.074180935926703e-16,
    0.0,
    0.0,
    0.0,
    0.0,
    -1.5410089211122731e-15,
    -1.5853839232619876e-15,
    -6.50807058892812e-16,
    -6.50807058892812e-16,
    -4.3470494157050164e-15,
    -2.9060641317999914e-16,
    1.1105419351356787e-16,
    -1.3881213600778595e-15,
    3.524807398476136e-16,
    -2.2401333931222998e-15,
    -1.3456801349676165e-15,
    6.710347892252334e-16,
    -1.7351467133564355e-16,
    6.646040943375604e-16,
    -1.286824679109184e-15,
    -1.0614879396538778e-15,
    -2.748264630184386e-17,
    -2.3352131053407463e-15,
    6.075837890211276e-16,
    -8.965922634909152e-16,
    29.999999999999943,
    29.999999999999943,
    29.999999999999943,
    29.999999999999943,
    29.999999999999943,
    29.999999999999943,
    29.999999999999943,
    29.999999999999943,
    29.999999999999943,
    29.999999999999943,
    2.254863288884241e-16,
    0.0,
    0.0,
    0.0,
    0.0,
    -2.0895720515866862e-15,
    -2.0895720515866862e-15,
    0.0,
    0.0,
    0.0,
    -2.224546624185702e-15,
    0.0,
    0.0,
    0.0,
    -2.7999644237809344e-15,
    -2.7999644237809344e-15,
    -2.7999644237809344e-15,
    -2.7999644237809344e-15,
    0.0,
    0.0,
    0.0,
    0.0,
    3.323508674942223e-16,
    -2.7200788593989484e-15,
    0.0,
    0.0,
    0.0,
    0.0,
    0.0,
    0.0,
    0.0,
    0.0,
    0.0,
    8.12826166754156e-16,
    -2.019013553885886e-15,
    1.11017707268959e-16,
    1.11017707268959e-16,
    -2.736498874770531e-15,
    -2.736498874770531e-15,
    -2.736498874770531e-15,
    29.999999999999943,
    29.999999999999943,
    29.999999999999943,
    29.999999999999943,
    29.999999999999943,
    29.999999999999943,
    29.999999999999943,
    29.999999999999943,
    29.999999999999943,
    29.999999999999943,
    -3.599421779122921e-15,
    29.999999999999943,
    1.7287134540316308e-16,
    29.999999999999943,
    0.0,
    29.999999999999943,
    -2.133053229830366e-15,
    29.999999999999943,
    0.0,
    29.999999999999943,
    29.999999999999943,
    29.999999999999943,
    29.999999999999943,
    29.999999999999943,
    29.999999999999943,
    29.999999999999943,
    29.999999999999943,
    29.999999999999943,
    29.999999999999943,
    29.999999999999943,
    -3.2832237395353134e-15,
    -2.25445659718605e-15,
    0.0,
    0.0,
    0.0,
    0.0,
    -4.54629783319118e-15,
    -4.54629783319118e-15,
    -2.341568116069851e-15,
    -3.1516609418348718e-15,
    29.999999999999943,
    29.999999999999943,
    29.999999999999943,
    29.999999999999943,
    29.999999999999943,
    29.999999999999943,
    29.999999999999943,
    29.999999999999943,
    29.999999999999943,
    29.999999999999943,
    29.999999999999943,
    29.999999999999943,
    29.999999999999943,
    29.999999999999943,
    29.999999999999943,
    29.999999999999943,
    29.999999999999943,
    29.999999999999943,
    29.999999999999943,
    29.999999999999943,
    29.999999999999943,
    29.999999999999943,
    29.999999999999943,
    29.999999999999943,
    29.999999999999943,
    29.999999999999943,
    29.999999999999943,
    29.999999999999943,
    29.999999999999943,
    29.999999999999943
  ],
  "disconnected": false
}