{
  "scenario_id": 72,
  "scenario_type": "grid",
  "initial_lambda2": 29.999999999999943,
  "final_lambda2": 5.38960478402483,
  "lambda2_reduction_pct": 82.0346507199172,
  "total_reward": 134.5559458310854,
  "steps": 200,
  "lambda2_trajectory": [
    29.999999999999943,
    29.999999999999943,
    29.999999999999943,
    29.999999999999943,
    29.999999999999943,
    29.999999999999943,
    29.999999999999943,
    29.999999999999943,
    29.999999999999943,
    29.999999999999943,
    29.999999999999943,
    3.94019947125458,
    3.7634518264200763,
    4.15216653386392,
    4.530784108392322,
    4.954629703062908,
    5.150458182516643,
    5.211751405844409,
    5.211751405844409,
    5.580524785734112,
    5.592770356357908,
    5.755422473399777,
    6.018606677813024,
    5.934128573928788,
    6.082177159219112,
    6.568520195449987,
    6.707692936436312,
    7.0095056788655,
    7.180469040305649,
    7.162773902297046,
    7.376037621005812,
    5.1519693148078245,
    4.975369935552308,
    5.2803791321374325,
    5.551755218467769,
    5.791460598688225,
    5.993858805098302,
    6.068335429762342,
    6.25884219496393,
    6.102836285423858,
    6.207005209671028,
    6.289229588673664,
    6.444751202136227,
    6.437515143254796,
    6.550640576580103,
    6.593234250445552,
    6.672433603183916,
    6.626503861046413,
    6.775974349404646,
    6.93476143231288,
    7.002003323839177,
    6.979857896617184,
    7.1539589942342365,
    7.139854897829431,
    7.201066108923276,
    7.494198490683863,
    7.555786468170221,
    7.49779966067189,
    7.6243628020143985,
    7.579121848215947,
    7.550773646228422,
    7.562264156834044,
    7.5144076313647306,
    7.520832119865905,
    7.755010601568905,
    8.413738205790578,
    8.265754434949814,
    8.409237279434924,
    8.154984889022831,
    8.154984889022831,
    8.290218059260585,
    8.444452197430378,
    8.769747452262786,
    8.917706310616461,
    8.917706310616461,
    8.894434293696895,
    8.894434293696895,
    9.068762574929975,
    8.509990274745261,
    8.249193641762735,
    8.360276580492966,
    8.418036273346548,
    8.418036273346548,
    8.609525849567627,
    8.56676459500615,
    8.567632006810612,
    8.762243597210112,
    8.868937020381443,
    8.93723987619889,
    8.804558671054243,
    8.763987049198805,
    8.40685106703943,
    8.548025991129048,
    8.36300708962308,
    8.359683700381142,
    8.253861520137397,
    8.218713308462286,
    8.29320141823901,
    8.26600162908235,
    8.393792561854957,
    8.407586439124447,
    8.342026976010963,
    8.31725859969989,
    8.118945451504077,
    8.037907418745228,
    8.037907418745228,
    7.993170462875482,
    8.330250858980511,
    8.372621298993995,
    8.434170492012248,
    8.482099231986625,
    9.02953815246815,
    8.863663683070625,
    8.864703203988933,
    8.816179942892523,
    8.573909386896654,
    8.217767301819256,
    8.15559469157134,
    7.972189131489538,
    8.056229519452307,
    8.2634632030548,
    8.437638730868974,
    8.326617668802983,
    7.942605110505067,
    8.015614368822241,
    7.865110438291611,
    7.711981205500692,
    7.738165669712499,
    7.543417873417987,
    7.543417873417987,
    7.204026843849769,
    7.0136930014640235,
    6.8761064166689465,
    6.874251612628216,
    6.5790777276532,
    6.734371795852574,
    6.844364172108795,
    6.695834650631445,
    6.632768627673624,
    6.697564986089301,
    6.613182902213522,
    6.469449629726147,
    6.69343537315561,
    6.689546434098656,
    6.566836930371652,
    6.358653492890084,
    6.3474740880907135,
    6.344716746735077,
    6.38182302808174,
    6.28135281879245,
    6.364975515132271,
    8.674246678843517,
    8.67658441384383,
    8.523113020161874,
    8.51140407145626,
    8.670502496413574,
    8.509077209032311,
    8.175157595230283,
    8.154140209707021,
    8.25911517298371,
    8.207403416370058,
    29.999999999999943,
    29.999999999999943,
    29.999999999999943,
    29.999999999999943,
    29.999999999999943,
    29.999999999999943,
    29.999999999999943,
    29.999999999999943,
    29.999999999999943,
    29.999999999999943,
    29.999999999999943,
    29.999999999999943,
    29.999999999999943,
    29.999999999999943,
    29.999999999999943,
    29.999999999999943,
    29.999999999999943,
    29.999999999999943,
    29.999999999999943,
    29.999999999999943,
    9.799662132111985,
    9.74871693166592,
    9.45427950107066,
    9.669287774411972,
    9.404196069707115,
    9.485707147526513,
    9.519303860885778,
    9.304340230800882,
    9.29997931067207,
    9.144853100900631,
    5.696081163151191,
    5.484108791831246,
    5.493799850624705,
    5.524684916634155,
    5.639000299521451,
    5.573577562315357,
    5.643574121227496,
    5.347248405995884,
    5.30980825473055,
    5.38960478402483
  ],
  "disconnected": false
}