{
  "scenario_id": 84,
  "scenario_type": "line",
  "initial_lambda2": 29.999999999999943,
  "final_lambda2": 29.999999999999943,
  "lambda2_reduction_pct": 0.0,
  "total_reward": 44.39131404528936,
  "steps": 200,
  "lambda2_trajectory": [
    29.999999999999943,
    29.999999999999943,
    29.999999999999943,
    29.999999999999943,
    29.999999999999943,
    29.999999999999943,
    29.999999999999943,
    29.999999999999943,
    29.999999999999943,
    29.999999999999943,
    29.999999999999943,
    29.999999999999943,
    29.999999999999943,
    29.999999999999943,
    29.999999999999943,
    29.999999999999943,
    29.999999999999943,
    29.999999999999943,
    29.999999999999943,
    29.999999999999943,
    29.999999999999943,
    29.999999999999943,
    29.999999999999943,
    29.999999999999943,
    29.999999999999943,
    29.999999999999943,
    29.999999999999943,
    29.999999999999943,
    29.999999999999943,
    29.999999999999943,
    29.999999999999943,
    29.999999999999943,
    29.999999999999943,
    29.999999999999943,
    29.999999999999943,
    29.999999999999943,
    29.999999999999943,
    29.999999999999943,
    29.999999999999943,
    29.999999999999943,
    29.999999999999943,
    29.999999999999943,
    29.999999999999943,
    29.999999999999943,
    29.999999999999943,
    29.999999999999943,
    29.999999999999943,
    29.999999999999943,
    29.999999999999943,
    29.999999999999943,
    29.999999999999943,
    6.404832217372688,
    29.999999999999943,
    6.835746556997925,
    29.999999999999943,
    6.96816410486723,
    29.999999999999943,
    7.154286225742106,
    29.999999999999943,
    7.45018688666707,
    29.999999999999943,
    7.4174164370505595,
    7.530572749282799,
    7.383022246706033,
    7.027929845261029,
    7.074929015122396,
    7.219294691206411,
    7.268658941371431,
    7.0305135457043075,
    6.941283726759899,
    6.8860274249763345,
    6.922345919178315,
    6.6105978745722815,
    6.6105978745722815,
    6.6105978745722815,
    6.205022968863111,
    6.24389556046971,
    6.504279504094008,
    6.242081224625849,
    6.130087859494448,
    5.995651887751363,
    6.653252813642082,
    6.540463665310959,
    6.625320368223248,
    6.671131872010198,
    6.203689679823661,
    5.942314325663514,
    5.947336349878709,
    6.27460694160904,
    6.275390718275723,
    6.268288240923781,
    6.630270240024197,
    6.692807560402745,
    6.502816850044846,
    6.928930281804803,
    6.928930281804803,
    7.131615781254354,
    7.041257535094301,
    6.82972660527137,
    6.830770088608304,
    6.830770088608304,
    7.7677698690964885,
    7.948282595897188,
    7.8714836996245,
    7.895693708548572,
    7.83789088167029,
    8.063432572345281,
    8.155406778285332,
    8.155406778285332,
    8.155406778285332,
    7.988716988527807,
    29.999999999999943,
    29.999999999999943,
    29.999999999999943,
    29.999999999999943,
    29.999999999999943,
    29.999999999999943,
    29.999999999999943,
    29.999999999999943,
    29.999999999999943,
    29.999999999999943,
    29.999999999999943,
    29.999999999999943,
    29.999999999999943,
    29.999999999999943,
    29.999999999999943,
    29.999999999999943,
    29.999999999999943,
    29.999999999999943,
    29.999999999999943,
    29.999999999999943,
    29.999999999999943,
    29.999999999999943,
    29.999999999999943,
    29.999999999999943,
    29.999999999999943,
    29.999999999999943,
    29.999999999999943,
    29.999999999999943,
    29.999999999999943,
    29.999999999999943,
    8.801315603520937,
    8.786885784842681,
    9.071258016722307,
    9.359361339819971,
    9.443149495393675,
    9.52589789281608,
    9.302522757454625,
    9.362910405416674,
    9.608372551661464,
    9.615925056875927,
    9.643273444317881,
    9.619047324789168,
    9.494775433369794,
    9.494775433369794,
    9.494775433369794,
    9.712458257152438,
    9.712458257152438,
    9.58483786825764,
    9.745244077596455,
    9.991622232296745,
    10.040638668860506,
    10.172594978901415,
    9.856944223928764,
    9.580109881315593,
    9.419160975104118,
    9.379275770191605,
    9.35594709060536,
    9.42375691805027,
    9.308183166273402,
    8.99567472450313,
    29.999999999999943,
    29.999999999999943,
    29.999999999999943,
    29.999999999999943,
    29.999999999999943,
    29.999999999999943,
    29.999999999999943,
    29.999999999999943,
    29.999999999999943,
    29.999999999999943,
    29.999999999999943,
    29.999999999999943,
    29.999999999999943,
    29.999999999999943,
    29.999999999999943,
    29.999999999999943,
    29.999999999999943,
    29.999999999999943,
    29.999999999999943,
    29.999999999999943,
    29.999999999999943,
    29.999999999999943,
    29.999999999999943,
    29.999999999999943,
    29.999999999999943,
    29.999999999999943,
    29.999999999999943,
    29.999999999999943,
    29.999999999999943,
    29.999999999999943
  ],
  "disconnected": false
}