{
  "scenario_id": 90,
  "scenario_type": "edge",
  "initial_lambda2": 29.999999999999943,
  "final_lambda2": 1.5393451631594997,
  "lambda2_reduction_pct": 94.868849456135,
  "total_reward": 183.63403299424508,
  "steps": 200,
  "lambda2_trajectory": [
    29.999999999999943,
    5.7326049139910085,
    23.000000000000007,
    5.72266056890242,
    21.999999999999996,
    6.659241319302684,
    20.99999999999999,
    6.633356331312793,
    20.99999999999999,
    6.661005452325398,
    19.99999999999999,
    19.999999999999996,
    19.99999999999999,
    18.999999999999993,
    18.999999999999993,
    18.999999999999993,
    18.999999999999993,
    18.894473751511782,
    18.885283453483723,
    18.885283453483723,
    18.00000000000001,
    8.768089517052344,
    8.986740259026087,
    8.957784161882008,
    9.474511129075077,
    9.429703384235694,
    9.819129945148818,
    10.130544286062703,
    10.230888251995358,
    9.631853667856657,
    9.394389573286716,
    16.936392435377368,
    16.936392435377368,
    17.84479135391285,
    18.106999601074367,
    18.106880186650233,
    18.122540540406,
    18.122540540406,
    18.122540540406,
    16.489936319620423,
    16.48993631962038,
    15.560629182857145,
    29.999999999999943,
    15.560629182857145,
    29.999999999999943,
    15.757806321699782,
    29.999999999999943,
    15.817316486018417,
    29.999999999999943,
    16.574939954184895,
    29.999999999999943,
    10.056369242077967,
    13.641260768864255,
    10.126144288648728,
    13.70951505082962,
    10.043081066886085,
    10.265436045076587,
    10.144569447487306,
    10.181093278037654,
    10.199447191460013,
    10.200249627066402,
    4.051004532054581,
    4.076253156763025,
    4.1712717280125595,
    4.326043031261445,
    4.423251844832592,
    4.6125681112068975,
    4.712066035534161,
    4.804605039028205,
    4.738688113082981,
    4.623493316391446,
    4.80982309587133,
    4.842115754160577,
    5.698326053573259,
    5.64262493053525,
    5.558855036916242,
    5.936767144452933,
    6.195817079560176,
    6.230997866676614,
    6.085714389905571,
    6.171234263340912,
    6.150851901055608,
    5.978458076579916,
    6.066660349713844,
    5.777961098087889,
    5.5894881270701084,
    5.509382337984887,
    5.585006715298729,
    5.653966200974862,
    5.710334238897159,
    5.560538018827561,
    5.56677792161226,
    5.701258503520176,
    5.893966905822646,
    5.681507018058948,
    5.739160955742934,
    5.190677911307924,
    5.219661870531619,
    5.733026860132011,
    5.614955900403265,
    5.614955900403265,
    3.969570597277751,
    4.042369303952583,
    3.9461239883735155,
    3.9530251034917354,
    3.838480090070206,
    3.836160262916435,
    3.7863126204867754,
    4.00328480690321,
    3.8647015802938816,
    4.042484684848537,
    4.098353279293592,
    3.9559889636061403,
    3.9809063441200543,
    3.9947686303090864,
    4.052513321153018,
    3.8114847028449343,
    3.747078417013684,
    3.779582875749675,
    3.7805573855808863,
    3.8026042801424067,
    4.12187648695002,
    4.072626399132773,
    3.833062900392968,
    3.817942000624951,
    3.3369230210476335,
    3.3408598042976356,
    3.313145133196336,
    3.259050150501037,
    3.256237587574163,
    3.236704696171114,
    3.5657812966815716,
    3.2536222908240013,
    3.291472834857433,
    3.106778349904925,
    2.5758804162540754,
    2.6050445959670383,
    2.6168478048459187,
    2.4450263414442155,
    2.4350999668268845,
    2.3900905276707682,
    2.3567025729097786,
    2.3102817505927855,
    2.2877571786500086,
    2.2971503543640606,
    2.036437756924513,
    2.135046443382604,
    2.293501149612158,
    2.403793002500462,
    2.5378115134630064,
    2.486500040280065,
    2.5313951848089613,
    2.6588579259000396,
    4.82615975277106,
    4.655394192973756,
    4.6673942191269395,
    4.932840250568389,
    4.910015485878275,
    4.851693461751174,
    4.6826653887832945,
    4.637180227009041,
    2.4625988839004336,
    2.461585698824064,
    2.449291145390102,
    2.2986722588707185,
    2.054827046985001,
    1.8896311129292958,
    1.6957803973674017,
    1.6982574712580636,
    1.7131663657853253,
    1.8021793810987075,
    1.5512515691086017,
    1.4788178742454203,
    1.2510483232421332,
    1.0247085076102873,
    1.1821665984483563,
    1.1746623464389119,
    1.1736634676224604,
    1.4635558715018118,
    1.1766944100014494,
    1.2145910763150969,
    1.2158134793185482,
    1.144214661452536,
    1.130927537175738,
    1.1230176652576855,
    1.1344138193457558,
    1.0661013605348713,
    1.0701778362791956,
    1.2906950736606768,
    1.4453842769011673,
    1.4324910379041496,
    1.3606729779994007,
    1.519089358050511,
    1.6067264178423986,
    1.6103913404540313,
    1.6478532163341997,
    1.417905109549333,
    1.4083477357165766,
    1.3056607465966898,
    1.3138263252362141,
    1.5393451631594997
  ],
  "disconnected": false
}