{
  "scenario_id": 98,
  "scenario_type": "edge",
  "initial_lambda2": 29.999999999999943,
  "final_lambda2": 0.0,
  "lambda2_reduction_pct": 100.0,
  "total_reward": 114.19189978073604,
  "steps": 200,
  "lambda2_trajectory": [
    29.999999999999943,
    0.0,
    0.0,
    0.0,
    0.0,
    0.0,
    0.0,
    0.0,
    0.0,
    0.0,
    0.0,
    0.0,
    0.0,
    0.0,
    0.0,
    0.0,
    0.0,
    0.0,
    0.0,
    0.0,
    0.0,
    0.0,
    0.0,
    0.0,
    0.0,
    0.0,
    0.0,
    0.0,
    0.0,
    0.0,
    0.0,
    0.0,
    0.0,
    0.0,
    0.0,
    0.0,
    0.0,
    0.0,
    0.0,
    0.0,
    0.0,
    0.0,
    0.0,
    0.0,
    0.0,
    0.0,
    0.0,
    0.0,
    0.0,
    -1.6264243279562822e-15,
    0.0,
    0.0,
    0.0,
    -9.508835900463597e-16,
    0.0,
    0.0,
    0.0,
    -9.541043047106141e-16,
    0.0,
    0.0,
    -2.071875920953388e-15,
    0.0,
    29.999999999999943,
    0.0,
    29.999999999999943,
    0.0,
    29.999999999999943,
    -2.732183690877528e-15,
    29.999999999999943,
    0.0,
    29.999999999999943,
    29.999999999999943,
    29.999999999999943,
    29.999999999999943,
    29.999999999999943,
    29.999999999999943,
    29.999999999999943,
    29.999999999999943,
    29.999999999999943,
    29.999999999999943,
    29.999999999999943,
    29.999999999999943,
    29.999999999999943,
    29.999999999999943,
    29.999999999999943,
    29.999999999999943,
    29.999999999999943,
    29.999999999999943,
    29.999999999999943,
    29.999999999999943,
    29.999999999999943,
    29.999999999999943,
    29.999999999999943,
    29.999999999999943,
    29.999999999999943,
    29.999999999999943,
    29.999999999999943,
    29.999999999999943,
    29.999999999999943,
    29.999999999999943,
    29.999999999999943,
    -2.091702733049237e-15,
    -2.015934682127724e-15,
    -1.7735240656748109e-15,
    -3.2489534937598103e-15,
    -1.1433230125093049e-15,
    -1.6574330860579712e-15,
    -2.4020094242515716e-15,
    -1.7653399676670076e-15,
    -1.7653399676670076e-15,
    -1.4308324234097347e-15,
    29.999999999999943,
    29.999999999999943,
    29.999999999999943,
    29.999999999999943,
    29.999999999999943,
    29.999999999999943,
    29.999999999999943,
    29.999999999999943,
    29.999999999999943,
    29.999999999999943,
    29.999999999999943,
    29.999999999999943,
    29.999999999999943,
    29.999999999999943,
    29.999999999999943,
    29.999999999999943,
    29.999999999999943,
    29.999999999999943,
    29.999999999999943,
    29.999999999999943,
    -5.87872970507295e-16,
    29.999999999999943,
    -2.1782904485303968e-15,
    29.999999999999943,
    -3.3896479886070295e-15,
    29.999999999999943,
    -5.210481978737412e-16,
    29.999999999999943,
    -4.202637420413526e-15,
    29.999999999999943,
    1.5424576592146768e-15,
    29.999999999999943,
    3.93473330353914e-16,
    29.999999999999943,
    -2.3706822437231167e-15,
    29.999999999999943,
    -2.820753623572124e-15,
    29.999999999999943,
    29.999999999999943,
    29.999999999999943,
    -4.81327355252757e-15,
    -8.663800588510938e-16,
    -3.514308546701162e-15,
    -7.282065291365305e-16,
    -1.0173199795232558e-15,
    -1.0173199795232558e-15,
    -1.6622709101473509e-15,
    -3.2967576425769747e-15,
    29.999999999999943,
    29.999999999999943,
    -5.223418081875712e-16,
    -1.5869085632996413e-15,
    -1.4994558928257523e-15,
    -3.4548321331143106e-15,
    -2.7753302403016987e-15,
    -3.1573974991388203e-15,
    -2.464342186077275e-15,
    -3.0819329564766757e-15,
    -3.0819329564766757e-15,
    -3.2780986406890187e-15,
    -1.0826756645006278e-15,
    0.0,
    0.0,
    0.0,
    0.0,
    0.0,
    0.0,
    0.0,
    -3.1122764953818028e-15,
    -1.6081590596486779e-15,
    -4.35539095736073e-15,
    -3.2896911180535427e-15,
    -2.700005723580648e-15,
    0.0,
    -3.245094674181117e-15,
    0.0,
    -3.0965582920589383e-15,
    -3.3156211454005455e-15,
    -2.0667110846020755e-15,
    -2.069903525661714e-15,
    -3.58544257538178e-15,
    -3.6687522950705185e-15,
    -4.634299312279405e-15,
    -3.116468504050242e-15,
    -3.116468504050242e-15,
    -3.116468504050242e-15,
    -3.032048076877657e-15,
    -3.798454006725184e-15,
    0.0,
    0.0
  ],
  "disconnected": true
}