{
  "scenario_id": 35,
  "scenario_type": "clustered",
  "initial_lambda2": 29.999999999999943,
  "final_lambda2": -2.8058306763315747e-15,
  "lambda2_reduction_pct": 100.0,
  "total_reward": 159.11453438053846,
  "steps": 200,
  "lambda2_trajectory": [
    29.999999999999943,
    0.0,
    0.0,
    0.0,
    0.0,
    -1.3315481179051829e-15,
    0.0,
    0.0,
    0.0,
    0.0,
    0.0,
    0.0,
    0.0,
    0.0,
    0.0,
    0.0,
    0.0,
    0.0,
    0.0,
    0.0,
    0.0,
    0.0,
    0.0,
    0.0,
    0.0,
    0.0,
    0.0,
    0.0,
    0.0,
    0.0,
    0.0,
    2.4714717799375386e-16,
    2.4714717799375386e-16,
    -1.197517110178485e-15,
    -1.197517110178485e-15,
    -1.197517110178485e-15,
    -1.197517110178485e-15,
    -3.6648393743066176e-16,
    -2.9738739495787353e-15,
    7.760527241940085e-17,
    7.760527241940085e-17,
    -6.153847046497981e-16,
    -6.153847046497981e-16,
    -6.153847046497981e-16,
    -6.153847046497981e-16,
    -6.153847046497981e-16,
    -6.153847046497981e-16,
    -1.2125724312189523e-15,
    -1.9101146003963124e-15,
    -1.2125724312189523e-15,
    4.565666867378469e-16,
    29.999999999999943,
    29.999999999999943,
    29.999999999999943,
    29.999999999999943,
    29.999999999999943,
    29.999999999999943,
    29.999999999999943,
    29.999999999999943,
    29.999999999999943,
    29.999999999999943,
    1.9632277129140425,
    1.9632277129140425,
    2.8473102749269983,
    2.845090511612835,
    2.845090511612835,
    2.8406776385865715,
    2.8454913163180646,
    2.9219823262244753,
    0.0,
    2.9161034173626263,
    -1.4080436523355346e-15,
    -1.2581093662144697e-15,
    -1.2581093662144697e-15,
    -9.173911073789326e-16,
    -9.173911073789326e-16,
    -7.51007169891474e-16,
    0.0,
    0.0,
    -1.6154565249008308e-15,
    -1.6154565249008308e-15,
    29.999999999999943,
    29.999999999999943,
    29.999999999999943,
    29.999999999999943,
    29.999999999999943,
    29.999999999999943,
    29.999999999999943,
    29.999999999999943,
    29.999999999999943,
    29.999999999999943,
    -5.5308759168230615e-16,
    29.999999999999943,
    -1.1082016110676838e-15,
    29.999999999999943,
    -3.5515728978786585e-15,
    29.999999999999943,
    -9.429143892964958e-16,
    29.999999999999943,
    29.999999999999943,
    29.999999999999943,
    -1.0995771521922795e-15,
    29.999999999999943,
    -2.040381670592297e-15,
    29.999999999999943,
    -4.282822403515393e-15,
    29.999999999999943,
    -2.717554492534489e-15,
    29.999999999999943,
    -3.1328969071748274e-15,
    -5.338732700516287e-16,
    -2.6046553116151908e-15,
    -2.6046553116151908e-15,
    -1.6170454771115907e-15,
    -1.6170454771115907e-15,
    -1.6170454771115907e-15,
    -9.547427075216839e-17,
    -9.547427075216839e-17,
    -2.453347545246362e-15,
    -2.453347545246362e-15,
    -2.453347545246362e-15,
    -1.4016644841776568e-15,
    -3.6675539508329246e-15,
    -3.6675539508329246e-15,
    0.0,
    -2.1047436149099883e-15,
    0.0,
    -1.2743171599274931e-15,
    0.0,
    -1.2743171599274931e-15,
    0.0,
    29.999999999999943,
    0.0,
    29.999999999999943,
    0.0,
    29.999999999999943,
    0.0,
    29.999999999999943,
    0.0,
    29.999999999999943,
    -2.5432070811575614e-15,
    2.952038327855271,
    2.9514799142808443,
    1.9963994605218789,
    1.996399460521882,
    1.9964010316532121,
    1.9964010316532121,
    1.9964032943160133,
    1.9964032943160066,
    2.985904671052587,
    2.9848691244472367,
    -1.344397204857801e-15,
    -4.809085040328884e-15,
    -2.46938518614732e-15,
    0.0,
    -3.5235437427832983e-15,
    0.0,
    -3.5235437427832983e-15,
    0.0,
    -2.253481641596654e-15,
    -1.9927028100384764e-15,
    -2.177624791868986e-15,
    -6.726759607975479e-17,
    -8.45260064152343e-16,
    -1.7753414753713035e-15,
    -1.7753414753713035e-15,
    -1.7753414753713035e-15,
    1.1189034753266137e-16,
    6.606203551604691e-16,
    -7.326275608950085e-16,
    -7.326275608950085e-16,
    -2.5213100060554114e-15,
    -2.124601415779057e-15,
    -2.5213100060554114e-15,
    -1.6383885538868897e-15,
    -1.0131489470160799e-15,
    -2.322841922185735e-15,
    -9.186427001678637e-16,
    -1.7688265851372267e-15,
    -9.186427001678637e-16,
    -1.7688265851372267e-15,
    -1.7688265851372267e-15,
    -1.7688265851372267e-15,
    -2.717465419103808e-15,
    -2.717465419103808e-15,
    -1.683965133056455e-15,
    -1.3286291630361943e-15,
    -1.3286291630361943e-15,
    -1.3286291630361943e-15,
    -1.1725040501982816e-15,
    -3.405912352284497e-15,
    -1.7545859471853612e-15,
    -1.7545859471853612e-15,
    -1.7545859471853612e-15,
    -3.0536774883112417e-16,
    -3.0536774883112417e-16,
    -5.235987906437804e-16,
    -5.235987906437804e-16,
    3.6505826910408966e-16,
    -2.8058306763315747e-15,
    -2.8058306763315747e-15
  ],
  "disconnected": true
}