{
  "scenario_id": 36,
  "scenario_type": "clustered",
  "initial_lambda2": 29.999999999999943,
  "final_lambda2": 9.191347356114491,
  "lambda2_reduction_pct": 69.3621754796183,
  "total_reward": 134.7813149229742,
  "steps": 200,
  "lambda2_trajectory": [
    29.999999999999943,
    12.000000000000004,
    11.999999999999995,
    11.0,
    11.0,
    10.000000000000004,
    9.000000000000007,
    9.000000000000007,
    9.000000000000007,
    6.9999999999999964,
    6.0000000000000036,
    29.999999999999943,
    29.999999999999943,
    29.999999999999943,
    29.999999999999943,
    29.999999999999943,
    29.999999999999943,
    29.999999999999943,
    29.999999999999943,
    29.999999999999943,
    29.999999999999943,
    8.889927799712371,
    15.948838996485438,
    8.65887855204949,
    15.92183862819947,
    8.116739263627586,
    15.896119403774623,
    8.085043482527535,
    15.784552571279747,
    7.644374625845125,
    15.740374481332964,
    8.343453472572957,
    16.17815712455541,
    8.123793426778079,
    16.072307084035703,
    7.7932646871119555,
    16.18456539647784,
    7.901771068768551,
    16.106146167561764,
    8.352728326014361,
    15.715514013637666,
    8.917453565174293,
    9.10828949925219,
    9.210147782302844,
    9.088913649043207,
    8.771293777159627,
    8.745741024444516,
    8.559979807129885,
    8.875223240160015,
    8.82017762279009,
    8.852832238800653,
    6.811132463372614,
    6.811132463372614,
    6.811062353095631,
    6.829890273545848,
    7.782986996647793,
    7.783158011258969,
    7.7711973425648395,
    6.825756119763021,
    6.844961559230647,
    6.844982804683125,
    6.8552988496673954,
    6.8552472695227,
    7.817513004222153,
    7.812729297415867,
    6.85039331839671,
    6.850398969915085,
    7.820343955536224,
    9.688067020901068,
    9.688067020901068,
    9.666926779523084,
    8.725692509190651,
    8.746949829771268,
    8.74628174583938,
    8.721902133479912,
    9.67937660439847,
    9.723850792848612,
    10.68132941406494,
    10.682920487953055,
    10.546311191153066,
    10.546311191153066,
    10.542967767598604,
    10.419334282021609,
    10.419334282021609,
    10.4696812172984,
    11.25181465504904,
    11.48177914086872,
    11.018206083765971,
    11.018206083765971,
    11.416906455591503,
    11.977060028694503,
    17.883075530391007,
    17.9225600528064,
    17.9225600528064,
    17.9225600528064,
    17.9225600528064,
    17.7651861342482,
    17.989157910254637,
    17.989157910254637,
    18.587332634295855,
    18.587332634295855,
    18.48589656525312,
    18.48589656525312,
    18.617969783578932,
    17.800551475536043,
    17.853153222037683,
    17.912409076819625,
    17.947084961111575,
    17.947084961111575,
    17.947084961111575,
    17.947084961111575,
    8.377736283316318,
    10.22928982980042,
    7.80289088190878,
    9.93637583616044,
    9.979260551063092,
    9.946789165142167,
    9.763508110400583,
    9.748559382547846,
    9.394648047986044,
    9.823884223736187,
    7.942810881465739,
    7.887721448753981,
    8.090428780847708,
    7.85316819529309,
    7.932293583781194,
    8.044445412939147,
    7.530646679959274,
    7.619487931790468,
    7.724772003700172,
    7.981077830073298,
    9.955273527305295,
    7.468936940864481,
    10.059932555853885,
    10.126989943077877,
    10.485883710427593,
    10.699095964198726,
    10.652522132180263,
    10.85940556612921,
    11.078181058997412,
    11.318090256055736,
    11.909862059557074,
    11.734955040675008,
    11.740156152675901,
    11.740156152675901,
    11.907070723070479,
    11.907070723070479,
    12.240817352814586,
    12.027702822910982,
    11.985370551514574,
    11.806901757600954,
    8.931870104782542,
    8.916665293787005,
    8.633640739530865,
    8.614870686471406,
    8.627441708636546,
    8.470990329749377,
    8.498387638534691,
    8.439088610511208,
    8.575130224126536,
    9.070459099057171,
    14.13908219251989,
    14.13908219251989,
    14.13908219251989,
    14.055877215590147,
    14.041949189667285,
    13.822759292855707,
    13.463309444843087,
    13.461018012508937,
    13.647330115935613,
    13.600991190509541,
    10.41948966291081,
    10.629290514764007,
    10.961103619557806,
    11.125704688899054,
    11.44913496608282,
    11.229197756877165,
    11.229197756877165,
    11.177347204156188,
    11.220115001264364,
    11.337214779382045,
    12.197078250675833,
    12.39403915799171,
    12.344075903125695,
    12.217521970738481,
    12.064197490069638,
    12.375568385645618,
    12.516364624124112,
    12.05572767880934,
    11.947770511926713,
    11.880513747872936,
    10.38728100496321,
    10.065980805444191,
    10.040976859934752,
    9.910743368727195,
    9.887435552809357,
    9.732624306386658,
    9.84393416044733,
    9.919730082543882,
    9.20366716434663,
    9.191347356114491
  ],
  "disconnected": false
}