{
  "scenario_id": 0,
  "scenario_type": "random",
  "initial_lambda2": 29.999999999999943,
  "final_lambda2": 3.4091331645876783,
  "lambda2_reduction_pct": 88.63622278470771,
  "total_reward": 217.48888589105707,
  "steps": 200,
  "lambda2_trajectory": [
    29.999999999999943,
    7.1952019296870215,
    6.9114094142115,
    6.321058289663934,
    4.562195077573467,
    4.562195077573467,
    4.5576627999939685,
    6.13960497774288,
    5.826609873193044,
    4.333929888317009,
    4.562378028880925,
    4.545425923754115,
    4.52852930006218,
    4.467851501802965,
    4.4050995846260665,
    3.7500587139266512,
    3.812209751975999,
    3.8119728591107025,
    4.372474228630896,
    4.559615432677909,
    4.637736458358644,
    4.5770974567648555,
    4.362397866608978,
    4.327906494791092,
    4.420902465702854,
    4.430687944997658,
    4.373249281575369,
    4.4770141679826105,
    3.8517767993988246,
    3.8676779694817656,
    3.779428205192527,
    2.910130935674917,
    3.569102476219528,
    2.9107998113668847,
    1.9946785059385617,
    1.994683998939112,
    1.9947332976575567,
    2.963126044909095,
    2.9632332031742554,
    3.7657046902765763,
    3.838191043709721,
    4.659411899226967,
    4.541730119361912,
    4.372916887885017,
    4.373273188388891,
    4.038862322390086,
    3.94221873382392,
    4.007372624193344,
    3.9853098723657236,
    4.132245181318085,
    4.209579843054424,
    4.251882714629726,
    4.217730865273754,
    4.11875436692039,
    4.25050876275802,
    4.276965436194894,
    4.5576655962811135,
    4.4159064295175625,
    4.118551583195805,
    4.021129380754044,
    3.615966412235008,
    3.615837637338405,
    3.6075535903341738,
    3.5988592406161786,
    3.371680225802937,
    2.8580815351680897,
    3.687709116521737,
    3.6962172770825896,
    3.7444868688213306,
    4.262606392243873,
    4.603846190317922,
    4.765988650328225,
    4.994641255419355,
    4.72649092931829,
    4.456030659184725,
    4.589185591483252,
    4.443265783656567,
    4.228166372412812,
    3.7929127903965525,
    3.494913547717191,
    3.3943473799692345,
    3.377877389391261,
    3.2433620265183216,
    2.7742769644054457,
    2.8001053631154837,
    2.800898575296663,
    2.6714997633052686,
    2.672417974035093,
    2.791401092561883,
    2.7695772912699503,
    2.5282384866462593,
    2.36975907962956,
    2.375572378172577,
    2.514147789515466,
    2.38588377753704,
    2.3895286032420264,
    2.3912842287589022,
    3.1568788051170342,
    3.15973928043955,
    3.1302610754344014,
    3.322640771772077,
    3.3045588142130393,
    3.296284980274142,
    3.1739961721581036,
    3.173304595677494,
    3.0312311282430153,
    3.030602288672039,
    3.0290826022060298,
    3.0307279691309015,
    3.6926787262321144,
    3.978536162430683,
    4.530555834688734,
    4.525845180270165,
    4.522675582644851,
    4.5223981775406745,
    4.513267645097249,
    4.511624392096271,
    4.878356446848926,
    4.891076632858644,
    5.011993251230443,
    5.039595400856084,
    4.868227430126961,
    5.158407450885902,
    5.333200164614661,
    5.39581697492085,
    4.503245982673096,
    4.934888096704759,
    4.617655712668954,
    4.660474989356013,
    4.660286983423317,
    5.599771271703977,
    5.484485704831833,
    5.394083770735421,
    4.793230982490815,
    4.7955427726091955,
    4.787920665909423,
    4.8128583084963665,
    4.724223219864287,
    4.7140536903553905,
    4.843609133756015,
    3.8769323650694245,
    4.646286728144288,
    4.406931602886054,
    4.545678301786372,
    4.963697365138676,
    5.273399170900845,
    5.241053252353428,
    5.582938323486487,
    5.604343509284593,
    5.766775877784824,
    5.582874659737513,
    5.582874659737513,
    5.624426515151545,
    5.379375160409574,
    5.523207466596184,
    5.17949148711258,
    5.108730022939928,
    4.9761147632025375,
    5.06586529477579,
    4.9312096813382125,
    5.056381802761426,
    4.9618167324171285,
    5.210764823549188,
    4.809452816678487,
    4.768439439973177,
    4.712499997400567,
    4.369642742168033,
    4.362745222991883,
    4.665352739932482,
    4.676658721938731,
    4.646956600543659,
    4.4639091548714624,
    4.497110658977109,
    4.545461575288332,
    4.545405110415354,
    4.412127147370747,
    3.7574949006635494,
    3.8027455314939225,
    4.027327933583431,
    4.007534990277323,
    4.028650852786548,
    3.8779491311466776,
    3.727255527194642,
    3.7191890679534554,
    3.7078162215790806,
    3.629266121326978,
    3.402357005131403,
    3.41551366479208,
    3.3090354819377534,
    3.451838242831168,
    3.3618407218535715,
    3.3669206457938374,
    3.2468738173093863,
    3.209710333806406,
    3.058750521793411,
    3.321362004131502,
    3.2994708656599974,
    3.2128599996086873,
    3.2429854401797398,
    3.123330604399019,
    3.4091331645876783
  ],
  "disconnected": false
}