{
  "scenario_id": 68,
  "scenario_type": "grid",
  "initial_lambda2": 29.999999999999943,
  "final_lambda2": 0.0,
  "lambda2_reduction_pct": 100.0,
  "total_reward": 120.19906620723816,
  "steps": 200,
  "lambda2_trajectory": [
    29.999999999999943,
    29.999999999999943,
    29.999999999999943,
    29.999999999999943,
    29.999999999999943,
    29.999999999999943,
    29.999999999999943,
    29.999999999999943,
    29.999999999999943,
    29.999999999999943,
    29.999999999999943,
    29.999999999999943,
    29.999999999999943,
    29.999999999999943,
    29.999999999999943,
    29.999999999999943,
    29.999999999999943,
    29.999999999999943,
    29.999999999999943,
    29.999999999999943,
    29.999999999999943,
    0.0,
    29.999999999999943,
    0.0,
    29.999999999999943,
    0.0,
    29.999999999999943,
    0.0,
    29.999999999999943,
    0.0,
    29.999999999999943,
    0.0,
    0.0,
    0.0,
    0.0,
    0.0,
    0.0,
    0.0,
    0.0,
    0.0,
    0.0,
    0.0,
    0.0,
    0.0,
    0.0,
    0.0,
    0.0,
    0.0,
    0.0,
    0.0,
    0.0,
    0.0,
    0.0,
    0.0,
    0.0,
    0.0,
    0.0,
    0.0,
    0.0,
    0.0,
    0.0,
    0.0,
    0.0,
    0.0,
    0.0,
    0.0,
    0.0,
    0.0,
    0.0,
    0.0,
    0.0,
    0.0,
    0.0,
    0.0,
    0.0,
    0.0,
    0.0,
    0.0,
    0.0,
    0.0,
    0.0,
    0.0,
    0.0,
    0.0,
    0.0,
    0.0,
    0.0,
    0.0,
    0.0,
    0.0,
    0.0,
    0.0,
    0.0,
    0.0,
    0.0,
    0.0,
    0.0,
    0.0,
    0.0,
    0.0,
    0.0,
    0.0,
    0.0,
    0.0,
    0.0,
    0.0,
    0.0,
    0.0,
    0.0,
    0.0,
    0.0,
    0.0,
    0.0,
    0.0,
    0.0,
    0.0,
    0.0,
    0.0,
    0.0,
    0.0,
    0.0,
    0.0,
    0.0,
    0.0,
    0.0,
    0.0,
    0.0,
    0.0,
    0.0,
    0.0,
    0.0,
    29.999999999999943,
    29.999999999999943,
    29.999999999999943,
    29.999999999999943,
    29.999999999999943,
    29.999999999999943,
    29.999999999999943,
    29.999999999999943,
    29.999999999999943,
    29.999999999999943,
    -3.03020231118279e-16,
    -3.03020231118279e-16,
    -3.03020231118279e-16,
    -3.03020231118279e-16,
    -3.03020231118279e-16,
    -3.03020231118279e-16,
    -3.03020231118279e-16,
    -3.03020231118279e-16,
    -3.03020231118279e-16,
    -3.03020231118279e-16,
    -3.03020231118279e-16,
    -3.03020231118279e-16,
    -3.03020231118279e-16,
    -3.03020231118279e-16,
    -3.03020231118279e-16,
    -3.03020231118279e-16,
    -3.03020231118279e-16,
    -3.03020231118279e-16,
    -3.03020231118279e-16,
    -3.03020231118279e-16,
    29.999999999999943,
    29.999999999999943,
    29.999999999999943,
    29.999999999999943,
    29.999999999999943,
    29.999999999999943,
    29.999999999999943,
    29.999999999999943,
    29.999999999999943,
    29.999999999999943,
    29.999999999999943,
    29.999999999999943,
    29.999999999999943,
    29.999999999999943,
    29.999999999999943,
    29.999999999999943,
    29.999999999999943,
    29.999999999999943,
    29.999999999999943,
    29.999999999999943,
    0.0,
    29.999999999999943,
    0.0,
    29.999999999999943,
    0.0,
    29.999999999999943,
    0.0,
    29.999999999999943,
    0.0,
    29.999999999999943,
    0.0,
    0.0,
    0.0,
    0.0,
    0.0,
    0.0,
    0.0,
    0.0,
    0.0,
    0.0
  ],
  "disconnected": true
}