{
  "scenario_id": 15,
  "scenario_type": "random",
  "initial_lambda2": 29.999999999999943,
  "final_lambda2": 2.839420211463067,
  "lambda2_reduction_pct": 90.53526596178976,
  "total_reward": 180.59035329227754,
  "steps": 200,
  "lambda2_trajectory": [
    29.999999999999943,
    3.843912812863011,
    4.020465276421904,
    3.349240498925159,
    3.3460975064803593,
    3.5030380829312473,
    3.129111596503128,
    3.15525437494817,
    2.967919828329266,
    2.9412739075449523,
    3.535247958807358,
    3.520931628512443,
    3.61449184527161,
    3.4362114920388667,
    3.433816405236142,
    3.4090343863312143,
    3.431735645056771,
    2.911816179653847,
    3.0157312306034108,
    3.0157312306034108,
    2.9386720089468676,
    2.906697028609177,
    2.8970516906776425,
    2.897460304957261,
    2.8890429277065035,
    3.0419910474783753,
    3.0615639244800583,
    3.059163820649146,
    3.138893667165192,
    3.2251965157612386,
    3.182116566809313,
    3.2503840098412287,
    3.2380917290866025,
    3.7049045154578364,
    3.808874966257675,
    3.174309588812733,
    3.9444200103041265,
    4.020446618562424,
    4.283106864309746,
    3.9894746592886117,
    3.9885829986398385,
    4.669170557977976,
    4.547923245793678,
    4.65694265332848,
    4.695875129347877,
    4.855933541916855,
    4.97340009154361,
    4.817664064305172,
    4.880734071779209,
    4.999291545364759,
    4.967289096852616,
    5.0285935775134964,
    4.958647674147697,
    5.158459960560723,
    5.255791531194076,
    5.2697707722419125,
    5.213521391515986,
    5.224294061070977,
    5.530075994118202,
    5.6029050404459735,
    5.501324396679751,
    5.636631205340733,
    5.825401562844154,
    5.90502562597282,
    5.711705193699742,
    5.754618875563094,
    5.6200050574855664,
    5.645261136208684,
    5.5738357943833865,
    5.622146899748485,
    5.621527981325567,
    5.8259493327783956,
    6.185201391358205,
    8.719924185338073,
    8.982363007331184,
    9.050545513857216,
    9.458541138577967,
    9.414974340615228,
    9.033461799379658,
    9.031556485665089,
    9.057064463724444,
    9.803249034115007,
    9.803472839647124,
    9.804155148958486,
    10.786879267245137,
    10.818389976309625,
    10.823746996524239,
    11.802935038662516,
    11.817524298323136,
    11.82399141241234,
    10.849606933451469,
    10.856242329834505,
    11.821582776353733,
    11.821829445075743,
    11.857212892779165,
    11.881749454219038,
    12.857116162691133,
    12.857116162691133,
    14.666079257009343,
    15.62311401824131,
    15.65054891952955,
    15.650801527534558,
    15.726879521666987,
    15.801439532817792,
    15.801439532817792,
    15.82755071272166,
    15.8278284506736,
    15.827946699768827,
    15.830058824314104,
    15.830058824314104,
    16.62432690637527,
    12.60175842195324,
    11.95207122926813,
    11.533047922953832,
    11.35282242013053,
    10.98078430498905,
    11.01407980688547,
    11.51770024089902,
    11.591097420497327,
    11.533777632472878,
    11.330365212869168,
    11.053547973852137,
    11.062693042396035,
    11.062693042396035,
    10.73359612131672,
    10.808178299356246,
    10.490400259565018,
    10.23395437491319,
    9.999629459205444,
    9.999598798074189,
    10.010250766707028,
    10.010955290628145,
    9.792254556231178,
    9.651685375210281,
    9.511649400092763,
    9.613671077325828,
    9.345447888016249,
    9.202632686611707,
    9.114886477030252,
    9.097218481922702,
    8.903184733417241,
    8.640673559007471,
    8.497319872905342,
    8.223368852567418,
    8.382994269803874,
    8.362625517671589,
    8.37170737104888,
    8.076816463814463,
    7.897318174763724,
    7.685114821149432,
    7.602386824620357,
    7.602386824620357,
    7.322432914998837,
    7.203434369366846,
    7.011870001694184,
    6.732138727860432,
    6.948781509612257,
    6.948781509612257,
    6.760630562593274,
    6.821539577612947,
    6.542856194509513,
    5.675843095717575,
    5.604735145190704,
    5.710248096697338,
    5.5742777955415175,
    5.576392201673645,
    5.836391247238412,
    5.836391247238412,
    5.556559874247773,
    5.7720355148627025,
    5.906869162557431,
    2.1588998484854436,
    2.068495272929389,
    2.186159832745319,
    2.186159832745319,
    2.2441129308335963,
    2.5134538551826413,
    2.2948528647490125,
    2.4209824010445855,
    2.2673661532016247,
    2.682316754473722,
    2.7074175836613623,
    2.814361926976267,
    2.8557152457400607,
    3.0447323373966975,
    3.058251575600918,
    3.047633038625917,
    2.8035809902235025,
    2.9202300821539944,
    2.5403471382466236,
    3.1455568029476737,
    1.8623626990820623,
    1.8538244705382758,
    1.915903473332114,
    2.2426115950168493,
    1.924058739633049,
    1.9470568275006235,
    2.733211957922122,
    2.752338975037441,
    2.8094688702281045,
    2.839420211463067
  ],
  "disconnected": false
}