{
  "scenario_id": 85,
  "scenario_type": "line",
  "initial_lambda2": 29.999999999999943,
  "final_lambda2": 29.999999999999943,
  "lambda2_reduction_pct": 0.0,
  "total_reward": 97.68933236524113,
  "steps": 200,
  "lambda2_trajectory": [
    29.999999999999943,
    0.0,
    0.0,
    0.0,
    0.0,
    0.0,
    0.0,
    0.0,
    0.0,
    0.0,
    0.0,
    0.0,
    0.0,
    0.0,
    0.0,
    0.0,
    0.0,
    0.0,
    0.0,
    0.0,
    0.0,
    0.0,
    0.0,
    0.0,
    0.0,
    0.0,
    0.0,
    0.0,
    0.0,
    0.0,
    0.0,
    0.0,
    -2.4767765671739017e-15,
    0.0,
    -1.6497733492371376e-15,
    0.0,
    0.0,
    0.0,
    0.0,
    0.0,
    0.0,
    0.0,
    0.0,
    0.0,
    0.0,
    0.0,
    0.0,
    0.0,
    0.0,
    0.0,
    0.0,
    0.0,
    -5.040360264364955e-16,
    0.0,
    -1.3569903906408494e-15,
    0.0,
    4.271814883711675e-16,
    0.0,
    -8.367617970547843e-16,
    0.0,
    -5.037730576737505e-16,
    -1.2769150945503855e-16,
    -1.7410218895383697e-15,
    3.971939892292275e-16,
    -1.4690584034227917e-15,
    -6.814475173919114e-16,
    -4.985838684688851e-16,
    -3.67831790001981e-16,
    -1.8856965731850642e-15,
    -8.771010139292255e-16,
    -3.0338929148570307e-16,
    29.999999999999943,
    29.999999999999943,
    29.999999999999943,
    29.999999999999943,
    29.999999999999943,
    29.999999999999943,
    29.999999999999943,
    29.999999999999943,
    29.999999999999943,
    29.999999999999943,
    -3.857936823473711e-15,
    -4.606707349136143e-15,
    -1.7872604919251335e-15,
    -2.563215706799721e-15,
    -2.678152410055351e-15,
    -2.678152410055351e-15,
    -1.5606479422638888e-15,
    0.0,
    -1.4334380412958626e-15,
    -2.510494960482175e-15,
    -2.9631099510019336e-15,
    -2.779668950653802e-15,
    -1.1785796474575906e-15,
    -1.7350451834419257e-15,
    -1.7350451834419257e-15,
    -1.7350451834419257e-15,
    -1.7300283489118953e-15,
    -2.479270764590327e-15,
    -2.479270764590327e-15,
    -1.788926191465629e-15,
    29.999999999999943,
    29.999999999999943,
    29.999999999999943,
    29.999999999999943,
    29.999999999999943,
    29.999999999999943,
    29.999999999999943,
    29.999999999999943,
    29.999999999999943,
    29.999999999999943,
    -1.5634932961904433e-15,
    -2.664958293890829e-15,
    -1.9116224631427607e-15,
    -2.664958293890829e-15,
    -1.666282087545317e-15,
    -1.1971684215128492e-15,
    -2.809871202077362e-15,
    1.9505502594677505e-16,
    -2.0806586871975854e-15,
    -4.576138128431438e-16,
    29.999999999999943,
    29.999999999999943,
    29.999999999999943,
    29.999999999999943,
    29.999999999999943,
    29.999999999999943,
    29.999999999999943,
    29.999999999999943,
    29.999999999999943,
    29.999999999999943,
    29.999999999999943,
    29.999999999999943,
    29.999999999999943,
    29.999999999999943,
    29.999999999999943,
    29.999999999999943,
    29.999999999999943,
    29.999999999999943,
    29.999999999999943,
    29.999999999999943,
    29.999999999999943,
    29.999999999999943,
    29.999999999999943,
    29.999999999999943,
    29.999999999999943,
    29.999999999999943,
    29.999999999999943,
    29.999999999999943,
    29.999999999999943,
    29.999999999999943,
    -6.175415661648457e-17,
    -3.4720428680707414e-15,
    -3.718797185253095e-15,
    -3.0927969855639096e-15,
    -6.202984759810419e-16,
    -2.777408132619206e-16,
    -1.0056416466529803e-15,
    -1.0056416466529803e-15,
    -1.7238475787303576e-15,
    -5.957417345239197e-16,
    29.999999999999943,
    29.999999999999943,
    29.999999999999943,
    29.999999999999943,
    29.999999999999943,
    29.999999999999943,
    29.999999999999943,
    29.999999999999943,
    29.999999999999943,
    29.999999999999943,
    -6.871471080651422e-16,
    29.999999999999943,
    -1.1782269851001841e-15,
    29.999999999999943,
    -2.0563377784531532e-15,
    29.999999999999943,
    4.401012592571676e-16,
    29.999999999999943,
    -1.883393167899636e-15,
    29.999999999999943,
    29.999999999999943,
    29.999999999999943,
    29.999999999999943,
    29.999999999999943,
    29.999999999999943,
    29.999999999999943,
    29.999999999999943,
    29.999999999999943,
    29.999999999999943,
    29.999999999999943,
    29.999999999999943,
    29.999999999999943,
    29.999999999999943,
    29.999999999999943,
    29.999999999999943,
    29.999999999999943,
    29.999999999999943,
    29.999999999999943,
    29.999999999999943,
    29.999999999999943
  ],
  "disconnected": false
}