{
  "scenario_id": 4,
  "scenario_type": "random",
  "initial_lambda2": 29.999999999999943,
  "final_lambda2": 29.999999999999943,
  "lambda2_reduction_pct": 0.0,
  "total_reward": 177.8848840393959,
  "steps": 200,
  "lambda2_trajectory": [
    29.999999999999943,
    0.0,
    0.0,
    0.0,
    -9.251287921946895e-16,
    0.0,
    0.0,
    0.0,
    0.0,
    0.0,
    0.0,
    0.0,
    0.0,
    0.0,
    0.0,
    0.0,
    0.0,
    0.0,
    0.0,
    0.0,
    0.0,
    0.0,
    0.0,
    0.0,
    0.0,
    0.0,
    0.0,
    0.0,
    0.0,
    0.0,
    0.0,
    0.0,
    0.0,
    0.0,
    0.0,
    0.0,
    0.0,
    0.0,
    0.0,
    0.0,
    0.0,
    0.0,
    0.0,
    0.0,
    0.0,
    -5.701653517486268e-16,
    -1.2495921809358869e-15,
    -1.2495921809358869e-15,
    -1.2495921809358869e-15,
    0.0,
    0.0,
    0.0,
    0.0,
    0.0,
    0.0,
    0.0,
    0.0,
    0.0,
    0.0,
    0.0,
    0.0,
    -1.2783384329727147e-15,
    -1.2783384329727147e-15,
    -2.311504271824622e-15,
    -2.311504271824622e-15,
    -2.611831616080668e-15,
    0.0,
    0.0,
    0.0,
    0.0,
    0.0,
    -3.905870516015649e-15,
    29.999999999999943,
    3.636899309452739e-16,
    29.999999999999943,
    -5.870075763144916e-16,
    29.999999999999943,
    -7.177198279361566e-16,
    29.999999999999943,
    -4.345849104821618e-15,
    29.999999999999943,
    0.0,
    0.0,
    0.0,
    0.0,
    0.0,
    0.0,
    0.0,
    -8.14225779471597e-16,
    -8.14225779471597e-16,
    -8.14225779471597e-16,
    -9.12652416902334e-16,
    -9.12652416902334e-16,
    -9.12652416902334e-16,
    -9.12652416902334e-16,
    -9.12652416902334e-16,
    0.0,
    0.0,
    0.0,
    0.0,
    0.0,
    29.999999999999943,
    -2.0842780325113675e-15,
    29.999999999999943,
    -1.5487789410542178e-15,
    29.999999999999943,
    0.0,
    29.999999999999943,
    -1.6343301480104297e-15,
    29.999999999999943,
    0.0,
    0.0,
    0.0,
    0.0,
    -1.5951527421531083e-15,
    -1.912401734043749e-15,
    -1.912401734043749e-15,
    0.0,
    0.0,
    0.0,
    0.0,
    0.0,
    0.0,
    0.0,
    0.0,
    0.0,
    0.0,
    0.0,
    -7.864548447475582e-16,
    -7.864548447475582e-16,
    0.0,
    0.0,
    0.0,
    0.0,
    -1.663700422060686e-15,
    -1.663700422060686e-15,
    -1.663700422060686e-15,
    -1.663700422060686e-15,
    -1.942379854228628e-15,
    0.0,
    0.0,
    0.0,
    -8.920007339266401e-16,
    -8.920007339266401e-16,
    -1.4691331840489255e-15,
    0.0,
    0.0,
    0.0,
    0.0,
    0.0,
    0.0,
    -1.3483843047239573e-15,
    0.0,
    0.0,
    -1.391531182459552e-15,
    -1.0564976519299462e-15,
    0.0,
    0.0,
    -7.368642516280326e-16,
    0.0,
    0.0,
    0.0,
    -9.05388740352733e-16,
    0.0,
    -1.3229451210277004e-15,
    -1.4590712342604163e-15,
    -1.4590712342604163e-15,
    -1.4590712342604163e-15,
    -1.4590712342604163e-15,
    -1.5449897259527317e-15,
    0.0,
    -8.127079206041087e-16,
    -8.127079206041087e-16,
    0.0,
    -1.1768110660297357e-15,
    0.0,
    0.0,
    -1.1348443807074896e-15,
    -1.484546296820819e-15,
    -1.484546296820819e-15,
    -9.97196210478034e-16,
    0.0,
    -9.625041065470622e-16,
    -9.625041065470622e-16,
    -6.513278266002929e-16,
    -6.513278266002929e-16,
    -6.513278266002929e-16,
    -6.513278266002929e-16,
    -6.513278266002929e-16,
    -3.557145694799146e-16,
    -5.736055115131081e-16,
    29.999999999999943,
    29.999999999999943,
    29.999999999999943,
    29.999999999999943,
    29.999999999999943,
    29.999999999999943,
    29.999999999999943,
    29.999999999999943,
    29.999999999999943,
    29.999999999999943
  ],
  "disconnected": false
}