{
  "scenario_id": 11,
  "scenario_type": "random",
  "initial_lambda2": 29.999999999999943,
  "final_lambda2": 5.442371112722767,
  "lambda2_reduction_pct": 81.85876295759074,
  "total_reward": 93.05145369729358,
  "steps": 200,
  "lambda2_trajectory": [
    29.999999999999943,
    21.335172303519197,
    21.335172303519197,
    21.583236740481784,
    22.57747946679581,
    22.57747946679581,
    22.57747946679581,
    22.494296320337636,
    22.494296320337636,
    22.494296320337636,
    22.59771471114797,
    22.59771471114797,
    22.95457755095512,
    22.88719293471279,
    21.96795393887032,
    20.979027292854465,
    20.979027292854465,
    20.979027292854465,
    20.979150020165147,
    20.979150020165147,
    20.88231820269066,
    20.88231820269066,
    20.882318202690644,
    19.9437132264615,
    19.9437132264615,
    19.963466068476553,
    19.963466068476553,
    19.963466068476553,
    19.963466068476553,
    19.963466068476553,
    19.963466068476553,
    20.949269835567275,
    20.949269835567275,
    20.94942176352114,
    20.94942176352114,
    20.94942176352114,
    20.94942176352114,
    20.94942176352114,
    20.94942176352114,
    21.815500857957982,
    21.815500857957982,
    21.815500857957982,
    21.815500857957982,
    21.73059905912336,
    21.789065706522788,
    21.789065706522788,
    21.789065706522788,
    21.75806860953048,
    21.75806860953048,
    21.75806860953048,
    21.75806860953048,
    21.75806860953048,
    22.605866896673113,
    22.605866896673113,
    22.741396320237538,
    22.741396320237538,
    22.741396320237538,
    22.646709844929564,
    22.646709844929564,
    22.646709844929564,
    22.661597420521478,
    22.661597420521478,
    22.48122739131649,
    22.01297353715466,
    21.430405508310745,
    21.430405508310745,
    21.430405508310745,
    20.617493818762366,
    20.617493818762366,
    20.615607977550173,
    20.615607977550173,
    20.615607977550173,
    20.615607977550173,
    20.476376841124033,
    18.770272812787614,
    18.820119991032534,
    19.79461618354784,
    19.79461618354784,
    19.79461618354784,
    19.79461618354784,
    19.79461618354784,
    19.79461618354784,
    19.79461618354784,
    19.757377104952184,
    19.716785627998757,
    19.716785627998757,
    19.716785627998757,
    20.497454958599118,
    20.434974989865957,
    20.434974989865957,
    20.434974989865957,
    20.511001608070966,
    20.511001608070966,
    20.511001608070966,
    20.511001608070966,
    20.511001608070966,
    20.941197128904832,
    20.941197128904832,
    20.94031026730193,
    20.93909630132484,
    20.93909630132484,
    20.93909630132484,
    20.7995434331383,
    21.11589268586179,
    20.461724412727225,
    20.461724412727225,
    20.461724412727225,
    20.461724412727225,
    20.461724412727225,
    20.461724412727225,
    20.55078201707418,
    20.55078201707418,
    20.550539726674916,
    20.550539726674916,
    19.9272871682607,
    19.905075475122512,
    19.905075475122512,
    19.905075475122512,
    19.626992031564843,
    19.706812595282617,
    19.706812595282617,
    19.706812595282617,
    19.783531622104224,
    19.77174959678567,
    19.77174959678567,
    19.77174959678567,
    19.750889432649284,
    18.877406078062723,
    18.877406078062723,
    18.87256206978238,
    18.897704376217217,
    17.902471041344633,
    17.902471041344633,
    16.93952227089948,
    17.706794297106995,
    16.73896290265687,
    16.737358860839112,
    16.779431933153866,
    16.778728847766967,
    16.817197221302475,
    16.835048270472456,
    16.875769752539053,
    16.875769752539053,
    16.875769752539053,
    16.894933225189494,
    17.856796239805764,
    18.74372153856954,
    18.74372153856954,
    19.085223283953564,
    19.085223283953564,
    19.085223283953564,
    19.085223283953564,
    19.161594862519276,
    18.948605050693722,
    18.948605050693722,
    19.050505086304508,
    19.054772637547767,
    19.16306538025053,
    19.16281205707546,
    19.16281205707546,
    19.706062038363395,
    19.445135626176988,
    19.55526899816594,
    19.55526899816594,
    18.3717385853187,
    18.43263100354132,
    18.43263100354132,
    18.434561410401717,
    18.434628116615297,
    17.665620847160607,
    17.664628592365478,
    6.5284954202211365,
    6.579588906756075,
    6.253965158625987,
    6.348382103730632,
    6.261292963144764,
    6.083061462181118,
    5.97377119012599,
    5.935632193776178,
    6.274844843595681,
    6.669406395706617,
    5.636616939917217,
    5.410729252631311,
    5.403728297991786,
    5.340418518216491,
    5.181326417864175,
    5.243541934868156,
    5.202025071851414,
    5.15558354975834,
    5.161766212551266,
    4.9053234703567,
    4.913067553386292,
    4.974679411514116,
    5.00508004209722,
    4.714132078347306,
    4.79432998535956,
    5.114321552114638,
    5.124314022025955,
    5.468984726514136,
    5.344800873094893,
    5.442371112722767
  ],
  "disconnected": false
}