{
  "scenario_id": 41,
  "scenario_type": "clustered",
  "initial_lambda2": 29.999999999999943,
  "final_lambda2": 10.039162221789617,
  "lambda2_reduction_pct": 66.53612592736789,
  "total_reward": 141.76150550235687,
  "steps": 200,
  "lambda2_trajectory": [
    29.999999999999943,
    11.995851606095208,
    11.995846778605546,
    10.989275259241165,
    10.989120371486383,
    10.989120371486376,
    11.973838438907766,
    11.832475060965123,
    11.876088554137848,
    11.836309002828383,
    11.77059658308087,
    11.770596583080867,
    11.758439909087041,
    12.538207456256877,
    12.538207456256877,
    12.538207456256877,
    12.539702453839656,
    12.07370628616483,
    12.07370628616483,
    12.07370628616483,
    12.07655096194584,
    12.07655096194584,
    12.62752802764355,
    12.40734664779264,
    11.941069446674017,
    11.941069446674017,
    11.674305750090195,
    11.070859442757314,
    11.25392295255649,
    11.25392295255649,
    11.25392295255649,
    11.253922952556483,
    11.253922952556483,
    11.544427790701063,
    11.803121709052576,
    11.803115905487493,
    11.053402341000524,
    11.053402341000524,
    11.053402341000524,
    11.053393483947097,
    11.237719504485538,
    11.237719504485538,
    11.237707140659731,
    10.470720999566481,
    10.527019886426604,
    9.646309329921886,
    9.642281951081852,
    9.641918474623239,
    9.593106679686398,
    9.588077543044598,
    9.588077543044598,
    9.581908102150255,
    9.581908102150255,
    9.581908102150255,
    10.462410208981863,
    10.462410208981854,
    10.446370484998939,
    10.529064033196972,
    11.268636142554033,
    11.267481360663457,
    11.267481360663457,
    10.983853208978225,
    11.003566516609489,
    11.003566516609489,
    11.021461327045182,
    11.398758603406618,
    11.402967659142877,
    10.568518687421259,
    10.562541661986653,
    10.377698873126764,
    10.37755173953846,
    21.975795856273773,
    21.00000000000001,
    21.00000000000001,
    19.999999999999996,
    19.999999999999996,
    19.999999999999996,
    19.999999999999996,
    21.000000000000004,
    21.000000000000004,
    21.000000000000004,
    29.999999999999943,
    29.999999999999943,
    29.999999999999943,
    29.999999999999943,
    29.999999999999943,
    29.999999999999943,
    29.999999999999943,
    29.999999999999943,
    29.999999999999943,
    29.999999999999943,
    8.020523476106462,
    8.020523476106462,
    7.9520615965604025,
    7.943606354291134,
    7.950722706192134,
    7.997462495173369,
    8.046054769559337,
    8.88170982979303,
    8.876437278931093,
    8.876138069651622,
    5.695466424324182,
    8.94992478775251,
    5.873117077002415,
    8.976385510243029,
    6.372309175790544,
    9.055582182827498,
    6.016656282870659,
    9.508353210113345,
    5.856508680635153,
    9.516274709828346,
    5.952786592793755,
    9.4108523907199,
    5.844626180753044,
    9.268445501538677,
    6.028604078370508,
    9.623118394526562,
    6.088213268862786,
    10.228236149719914,
    6.394481588598305,
    10.318351251429496,
    11.663074556584622,
    12.868438505036849,
    11.76668468938509,
    13.144773224872846,
    11.745140811443646,
    13.535220847648606,
    11.837919878234965,
    13.6989431400802,
    12.435453628330091,
    12.713948130620729,
    9.279881525029253,
    12.259117476662054,
    9.33945649925814,
    12.248601377089813,
    9.641245354508504,
    12.28012960486285,
    9.946487942747131,
    9.922365530175137,
    10.103083523014842,
    10.105672385100284,
    10.16771753816657,
    8.783256692968145,
    10.143276596243554,
    8.486989434326905,
    9.950375384966312,
    8.402765643570081,
    9.926461682173368,
    7.791349872683994,
    9.761903841519953,
    7.757896639008465,
    7.484535822426394,
    6.107407723120204,
    7.384601952194321,
    5.848408812920409,
    7.491063953496992,
    5.643483717146761,
    6.894556502496877,
    5.623962283920859,
    6.777807589193041,
    5.659873207147699,
    5.759520331658415,
    5.747739673610051,
    5.665325037598356,
    5.691455665375548,
    5.779394719248044,
    5.876463365407629,
    6.140830161295206,
    5.872224592226992,
    5.641421030595097,
    5.3921867911747,
    5.36497320464221,
    5.402177881658405,
    5.251608173937974,
    4.759479201681479,
    4.538574531106139,
    4.940215478886589,
    5.1694130890004555,
    5.204320746885729,
    5.562706201486545,
    5.736804849550321,
    5.862565955874405,
    6.093253952157653,
    6.345835837904158,
    7.1887828297049685,
    7.18452451021688,
    7.1822705912899645,
    7.549739061451423,
    7.407543456010072,
    7.374468567316728,
    7.394394966970997,
    7.43038379056621,
    7.5320551389265695,
    8.48463309874958,
    8.556487825766787,
    8.497067076359528,
    8.519074044272475,
    8.575689706845981,
    9.416703821267973,
    9.459256363146135,
    10.039162221789617
  ],
  "disconnected": false
}