{
  "scenario_id": 56,
  "scenario_type": "clustered",
  "initial_lambda2": 29.999999999999943,
  "final_lambda2": 2.9999999999999973,
  "lambda2_reduction_pct": 89.99999999999999,
  "total_reward": 161.70291851149923,
  "steps": 200,
  "lambda2_trajectory": [
    29.999999999999943,
    -2.350043071468112e-15,
    -1.1578574494806007e-15,
    -2.3939286674829808e-15,
    -2.3939286674829808e-15,
    -1.9331957920922515e-15,
    -2.073705396796821e-15,
    -3.287409280437605e-15,
    -3.287409280437605e-15,
    -2.1655436405077852e-15,
    -6.534199366419321e-16,
    -1.968887753239876e-15,
    -2.152324400179264e-15,
    -1.2873670555198871e-15,
    -1.2873670555198871e-15,
    0.0,
    -1.4636611080933258e-15,
    -1.990761443755805e-15,
    -1.3385925488684162e-15,
    -9.093858932690918e-16,
    -1.2048196480866794e-15,
    0.0,
    0.0,
    0.0,
    0.0,
    0.0,
    0.0,
    0.0,
    0.0,
    0.0,
    0.0,
    0.0,
    0.0,
    0.0,
    0.0,
    -1.5606746029601993e-15,
    -1.5606746029601993e-15,
    -1.5606746029601993e-15,
    -1.5606746029601993e-15,
    -1.5606746029601993e-15,
    -1.5606746029601993e-15,
    -1.5606746029601993e-15,
    0.0,
    0.0,
    0.0,
    -4.310582615307627e-15,
    -4.310582615307627e-15,
    -4.310582615307627e-15,
    0.0,
    0.0,
    0.0,
    -4.005267476836988e-15,
    -1.030648453119208e-15,
    -8.272898237551151e-16,
    29.999999999999943,
    -2.1398423666225568e-15,
    29.999999999999943,
    -2.1362420246951374e-15,
    29.999999999999943,
    -1.5217823451199842e-15,
    29.999999999999943,
    29.999999999999943,
    29.999999999999943,
    29.999999999999943,
    29.999999999999943,
    29.999999999999943,
    29.999999999999943,
    29.999999999999943,
    29.999999999999943,
    29.999999999999943,
    29.999999999999943,
    0.0,
    0.0,
    0.0,
    0.0,
    0.0,
    0.0,
    0.0,
    0.0,
    0.0,
    0.0,
    0.0,
    0.0,
    0.0,
    -4.089221981108463e-15,
    0.0,
    0.0,
    0.0,
    -1.967399942415812e-15,
    -1.967399942415812e-15,
    0.0,
    0.0,
    0.0,
    0.0,
    0.0,
    0.0,
    0.0,
    0.0,
    0.0,
    0.0,
    0.0,
    0.0,
    9.853974157389675e-16,
    -1.685846398150127e-15,
    9.853974157389675e-16,
    -1.685846398150127e-15,
    6.395934099175845e-15,
    -1.7455337982973416e-15,
    5.108077392030644e-16,
    -1.3731762915583271e-15,
    2.658697283425966e-15,
    -2.486001464166596e-15,
    0.0,
    -2.2096896705155355e-15,
    -2.4862798614930998e-15,
    -2.4862798614930998e-15,
    -2.4862798614930998e-15,
    -2.991838173822444e-15,
    -2.991838173822444e-15,
    -2.198415667855165e-15,
    -2.825978765124128e-15,
    29.999999999999943,
    29.999999999999943,
    29.999999999999943,
    29.999999999999943,
    29.999999999999943,
    -2.0868927718483364e-15,
    29.999999999999943,
    29.999999999999943,
    29.999999999999943,
    29.999999999999943,
    0.0,
    -1.9428647270811087e-15,
    -1.444477974504092e-15,
    -1.9428647270811087e-15,
    -1.444477974504092e-15,
    -4.5372749809389775e-15,
    -1.4221482729293708e-15,
    -1.3877532147685296e-15,
    0.0,
    -1.8974863770964652e-16,
    5.4529335187261076e-17,
    0.0,
    -8.410646839176992e-16,
    0.0,
    0.0,
    0.0,
    0.0,
    0.0,
    0.0,
    0.0,
    -1.8320184266426814e-15,
    -1.313733696549476e-15,
    -1.313733696549476e-15,
    -2.9475103537189183e-16,
    2.0637187389856726e-16,
    -4.0220660847257626e-16,
    -4.555611078552751e-15,
    -3.910299768596798e-15,
    -1.1135195139776484e-15,
    -3.578584996758568e-15,
    0.0,
    -7.255212255778028e-15,
    0.0,
    -3.886834785002547e-15,
    -2.2432500026445086e-15,
    -3.4930362457824107e-15,
    -1.5560513869136524e-15,
    -2.335806922285871e-16,
    -3.009754027539524e-15,
    1.8497953103932427e-15,
    -2.7070157984078025e-15,
    9.731408849212465e-16,
    9.731408849212465e-16,
    1.5150882706454677e-15,
    -3.306178484271364e-15,
    -8.536041762156794e-16,
    -2.938820113010093e-16,
    0.0,
    4.1614216070084503e-16,
    0.0,
    -1.6927047270228464e-15,
    -4.318851080665148e-15,
    -1.1331924331639944e-15,
    -1.1331924331639944e-15,
    -6.167247399670621e-15,
    -6.167247399670621e-15,
    0.0,
    0.0,
    0.0,
    -6.681988608486329e-15,
    -4.806433212072445e-15,
    -2.4463028404576003e-15,
    -2.4463028404576003e-15,
    -2.4463028404576003e-15,
    -7.886187743431567e-16,
    2.9999999999999867,
    -2.7908248349198756e-15,
    2.9999999999999987,
    -2.230207497989084e-15,
    2.9999999999999973
  ],
  "disconnected": false
}