{
  "scenario_id": 77,
  "scenario_type": "grid",
  "initial_lambda2": 29.999999999999943,
  "final_lambda2": 25.829913513374,
  "lambda2_reduction_pct": 13.90028828875317,
  "total_reward": 138.98075113894197,
  "steps": 200,
  "lambda2_trajectory": [
    29.999999999999943,
    8.078533103370312,
    16.878200940328757,
    8.193200969981312,
    16.985727394653903,
    8.423437222957887,
    16.999999999999993,
    8.301168964686122,
    15.99999999999999,
    8.755039211039085,
    16.000000000000004,
    9.780826851317451,
    15.0,
    10.02680247364633,
    15.0,
    10.328077896402714,
    14.999999999999993,
    10.599078461037204,
    15.000000000000004,
    11.216907809804983,
    14.994262913387914,
    14.994262980912513,
    14.994262980912513,
    15.993242965368573,
    16.98152952001552,
    16.98152952001552,
    16.9815319548497,
    17.88893458332467,
    17.88893458332467,
    17.88893458332467,
    17.88893458332467,
    18.852090771220173,
    19.789809038455715,
    19.792415560243033,
    19.792415560243033,
    19.845411180287787,
    19.85654062616434,
    19.85654062616434,
    19.85654062616434,
    20.794355246624125,
    20.794355246624125,
    20.884223844560502,
    20.884223844560502,
    21.751525149133467,
    21.751525149133467,
    21.848997846067146,
    21.848997846067146,
    20.89531020814727,
    20.89531020814727,
    20.89531020814727,
    20.89531020814727,
    9.660265140651338,
    9.577080293864515,
    9.454229313879296,
    8.893380591864466,
    8.819616429130802,
    8.819616429130802,
    8.575982907614556,
    8.448278354820944,
    8.415694298333735,
    8.415694298333735,
    8.322294161059132,
    8.530788465618754,
    8.68303135933702,
    8.683689660581335,
    8.809067274297165,
    8.659012005305469,
    8.714887508862327,
    8.922379714301188,
    9.089977166200677,
    9.248268055033275,
    9.49836820460253,
    9.452773362019014,
    9.26175938402914,
    9.26175938402914,
    9.581920030255265,
    9.631060976343297,
    9.439078871787672,
    9.34659643295096,
    9.18091363256893,
    9.409064543570032,
    7.982196161842735,
    8.044920103991286,
    8.183921084635035,
    8.226463532389849,
    8.311778903336705,
    8.353692688409174,
    8.309648865595546,
    8.697851500668875,
    8.85420786215431,
    8.842299506405187,
    8.961958221645496,
    8.563964395634184,
    8.619132882799969,
    9.378480047756605,
    10.043633095924427,
    9.994741457516003,
    10.058308755140228,
    10.14228319353431,
    10.14228319353431,
    10.339632615595535,
    10.300133772269625,
    10.646847884577022,
    10.503334145677492,
    10.666290223018375,
    10.695199010456825,
    10.783408250126548,
    10.71776172303022,
    10.898308949940981,
    11.22084912641742,
    11.06818167868589,
    11.168412222855316,
    11.37208503725994,
    11.383591485223631,
    11.3069200190804,
    11.3069200190804,
    10.813025976802978,
    10.933478716069356,
    10.966806812008913,
    10.964457834660738,
    10.418819911802254,
    10.195076310117484,
    9.880844420165344,
    9.457649493396225,
    9.329260392724295,
    9.315530785119304,
    9.17063730939001,
    9.25130054518522,
    9.24100217704381,
    8.534017157341594,
    8.397533026328732,
    26.99999999999999,
    26.99999999999999,
    26.99999999999999,
    26.99999999999999,
    26.99999999999999,
    26.99999999999999,
    26.99999999999999,
    26.99999999999999,
    26.99999999999999,
    26.99999999999999,
    8.91261760924549,
    9.395728347229985,
    9.383328592462522,
    9.510032433713487,
    9.473635108954253,
    8.787952620576915,
    8.787952620576915,
    8.648271103774709,
    8.652791947005413,
    8.673818636673502,
    8.344728097058667,
    8.295382602070044,
    8.29713032806947,
    8.21711293751112,
    8.259129594005698,
    8.024580438257248,
    8.215367157660106,
    8.223765543254546,
    8.10160113526212,
    7.436870622422347,
    6.792935225616782,
    6.725981852999945,
    6.55660912990394,
    6.55660912990394,
    5.98258299277898,
    6.032020306547354,
    5.945752321981448,
    5.771860008851142,
    5.406069271982439,
    5.484577936936432,
    5.32447941081165,
    5.481806592954548,
    5.50184268964566,
    5.434391616690305,
    4.9748491120846525,
    4.973268431174572,
    4.98623411132234,
    5.657482784495744,
    6.225025801231222,
    5.988210311061176,
    25.000000000000004,
    25.000000000000004,
    25.000000000000004,
    25.000000000000004,
    25.000000000000004,
    25.000000000000004,
    25.999999999999996,
    25.999999999999996,
    25.999999999999996,
    25.999999999999996,
    25.999999999999996,
    25.999999999999996,
    25.829913513374,
    25.829913513374,
    25.829913513374,
    25.829913513374,
    25.829913513374,
    25.829913513374,
    25.829913513374,
    25.829913513374
  ],
  "disconnected": false
}