{
  "scenario_id": 49,
  "scenario_type": "clustered",
  "initial_lambda2": 29.999999999999943,
  "final_lambda2": 8.90460138668146,
  "lambda2_reduction_pct": 70.31799537772841,
  "total_reward": 213.0703760839686,
  "steps": 200,
  "lambda2_trajectory": [
    29.999999999999943,
    3.675258206996739,
    3.6090366598689414,
    3.49254988080867,
    3.4724886659337164,
    3.3534408549793198,
    3.3608124146585507,
    3.3757617851215627,
    3.312586430793479,
    3.3661295949749266,
    3.5397989309471236,
    3.612671955676285,
    3.373786566261672,
    3.313292434697801,
    3.244855574523298,
    3.0693741990770733,
    3.0927969924287115,
    2.908095888680291,
    3.1319147003442915,
    3.247122250352964,
    3.0667092335741972,
    3.416126438889978,
    3.405119884898227,
    3.715100598076127,
    3.5116975945780675,
    3.464286282887105,
    3.429383020262565,
    3.1002637694614474,
    2.8768855999561964,
    2.854425666012853,
    2.8343269071170933,
    2.981513098627267,
    2.927672256259579,
    2.9566450056108238,
    2.916894800192236,
    3.0748465496438175,
    3.0103920451468085,
    3.0171464950053304,
    3.036863038027776,
    3.1219175793589553,
    3.1984558824713787,
    3.1861645581539717,
    3.024530702852738,
    3.0313613842486546,
    3.046785132323296,
    3.1823742593631064,
    3.2871740473001383,
    3.2953149542980444,
    3.459970521474081,
    3.449357870262448,
    3.359887833686881,
    3.501769368261292,
    3.727966647364169,
    3.9856676845280505,
    3.8189943843836147,
    3.978064772530546,
    4.225537765787312,
    4.328394540941302,
    4.062029291283553,
    3.9607202368861962,
    3.935085256070052,
    3.7713963062030045,
    3.7764979226269366,
    3.8210151589824255,
    3.7983062654666027,
    4.2457944400285035,
    4.444827390041724,
    4.512565392563457,
    5.115075034323042,
    5.121548791906558,
    5.202835069647244,
    5.231723646594029,
    5.409738724280517,
    5.933464217952798,
    5.954458191374679,
    5.669516065484652,
    5.69415754287243,
    5.780791109896441,
    6.335036239235454,
    6.587431808356137,
    6.595703057585207,
    7.083362702074535,
    7.020955650767113,
    6.8055095163410195,
    6.7221302769795175,
    6.54952242399023,
    6.628147163573561,
    6.6786994751030955,
    6.9346457226481375,
    6.802975220705421,
    6.922013572233927,
    6.933427067593516,
    6.804846607868833,
    6.676978851726722,
    6.6825258159843335,
    6.975383712709491,
    7.250758368951177,
    7.089558178198357,
    6.703007321618183,
    7.016743632488354,
    7.153894460471982,
    6.870703339688039,
    6.987955731597416,
    6.734132388942185,
    6.46642723545463,
    6.360049669565211,
    5.7721317538587344,
    5.801619755029407,
    6.497171448961619,
    6.488687139883923,
    6.531698349197872,
    6.46921957686864,
    6.228684741496502,
    7.278843953133944,
    7.4206845291156585,
    7.8147534467571385,
    7.94386272324343,
    7.554667612262768,
    7.809410982377126,
    8.000319751231487,
    8.129621465130231,
    8.12046723801055,
    7.981327444532059,
    7.954673179260256,
    7.990485210068354,
    8.236003957872963,
    7.576318637363944,
    7.600634180629958,
    8.133842680943154,
    8.11015330005183,
    8.120055892109864,
    8.313420119953115,
    8.380038334379469,
    8.352243671052442,
    8.626948951608568,
    8.55791357545732,
    8.316760952048359,
    8.25038609721861,
    8.369528380232548,
    8.369872982671689,
    8.459962714437854,
    8.380843476011819,
    8.376037124357723,
    8.675191568109671,
    8.601546672882264,
    8.207394362138828,
    7.939229636931698,
    7.53232784704106,
    7.521155071561571,
    6.9678082986857195,
    6.974898583563983,
    7.167492647642495,
    6.554604883733705,
    6.5952187016845025,
    6.4501591148913215,
    6.736726078153949,
    6.642130725279814,
    6.619335865777251,
    6.740041356566676,
    6.541639173504441,
    6.225198896205209,
    5.503549175447331,
    5.5161317756085815,
    5.090634468891847,
    4.89179994095689,
    4.964334729474034,
    5.183603959512464,
    4.751252066503971,
    4.665614691404206,
    4.665614691404206,
    4.628751634890353,
    4.624671474992807,
    4.466237010670631,
    4.712771867636221,
    4.584907724409401,
    4.679857577783872,
    5.398878926155421,
    5.364276287343519,
    5.525683387711514,
    5.691979634353457,
    5.715708923593579,
    5.715708923593579,
    5.750531280677043,
    5.510304044726065,
    5.671873768409469,
    5.705636175671549,
    5.9092453368125195,
    6.417659359667387,
    6.578620436747366,
    6.5644055816121085,
    6.7135256938877905,
    7.602471695922046,
    7.856074057167943,
    7.849602854294131,
    8.200908702580215,
    8.176966593825508,
    8.335477834036295,
    8.746722071118427,
    8.927559053552734,
    8.984527105055708,
    8.90460138668146
  ],
  "disconnected": false
}