{
  "id": 26,
  "type": "random",
  "seed": 2626,
  "N": 30,
  "arena_size": 180,
  "enemy_positions": [
    [
      67.74111716556209,
      168.92763944199953
    ],
    [
      28.013596066745112,
      38.337494682805925
    ],
    [
      41.504119695176755,
      60.184308131509766
    ],
    [
      138.81362347208682,
      121.50244420307736
    ],
    [
      60.14502671433753,
      164.04004620024688
    ],
    [
      61.04126497622184,
      33.6808786649344
    ],
    [
      91.72985943913426,
      110.9709709138047
    ],
    [
      83.75313421046806,
      122.59296192988423
    ],
    [
      40.15829144421147,
      75.43279104667606
    ],
    [
      58.0509441698556,
      67.72522331393782
    ],
    [
      25.883291562629474,
      29.461840934705297
    ],
    [
      41.200719389706094,
      70.6601716806528
    ],
    [
      82.00864517413845,
      10.807597243818261
    ],
    [
      160.17727723228762,
      13.662712011574989
    ],
    [
      81.65645632510328,
      36.2726157126537
    ],
    [
      125.96173518080128,
      83.36089343046224
    ],
    [
      79.40570980758109,
      23.94948638703161
    ],
    [
      27.5966639786966,
      15.56184083597568
    ],
    [
      137.6887135128753,
      152.6393040371332
    ],
    [
      80.18949070814953,
      97.09910986619332
    ],
    [
      147.20349038318037,
      132.48419262284875
    ],
    [
      107.0381639335888,
      167.36238109121385
    ],
    [
      164.64302994029052,
      115.95862432839205
    ],
    [
      81.09414894336328,
      164.16965309090813
    ],
    [
      169.8341013761061,
      40.87891980910683
    ],
    [
      86.8939317255057,
      70.88857662722832
    ],
    [
      168.34966622812772,
      158.50103451261043
    ],
    [
      43.46173892327252,
      38.797579306468464
    ],
    [
      55.142813513758725,
      128.6157986330257
    ],
    [
      154.2951040809349,
      90.70978873017611
    ]
  ]
}