{
  "id": 80,
  "type": "line",
  "seed": 8000,
  "N": 30,
  "arena_size": 180,
  "enemy_positions": [
    [
      56.39082136040303,
      56.88415779764997
    ],
    [
      54.82934834493736,
      65.71143620671613
    ],
    [
      68.9409225781928,
      59.4540749518981
    ],
    [
      61.8322850659955,
      65.73113019777963
    ],
    [
      65.81431969803464,
      63.96872160551217
    ],
    [
      70.49258319439032,
      68.83708794883553
    ],
    [
      58.18112781263903,
      75.48559360592675
    ],
    [
      82.09682909859933,
      67.10686090749891
    ],
    [
      67.65686759406721,
      81.69155918205365
    ],
    [
      76.65403354359765,
      78.11473306462551
    ],
    [
      89.04034740022745,
      89.66904122955899
    ],
    [
      83.4840423242667,
      76.8881033800794
    ],
    [
      86.87841161227101,
      83.1577765681503
    ],
    [
      90.2589693275081,
      96.70155514589904
    ],
    [
      83.00866632378212,
      80.77548896008432
    ],
    [
      97.9863123576619,
      90.7774927628099
    ],
    [
      97.73919254071106,
      107.22021066465214
    ],
    [
      112.46290912801625,
      102.08786462032275
    ],
    [
      93.79959980493702,
      90.4107820537513
    ],
    [
      95.63886062609748,
      88.58730524850046
    ],
    [
      106.58271329984356,
      106.18972195540833
    ],
    [
      108.5771293234294,
      107.02375152135525
    ],
    [
      114.9691865427159,
      114.86097867437249
    ],
    [
      127.66234995127073,
      115.62333643035608
    ],
    [
      118.96701440327237,
      124.08669144912938
    ],
    [
      116.05689513199057,
      130.0611578796484
    ],
    [
      109.20567348281284,
      120.18079661419733
    ],
    [
      135.2647962815819,
      124.0711955312496
    ],
    [
      142.75598333703022,
      126.1382312763999
    ],
    [
      137.4075704682616,
      134.9542412165703
    ]
  ]
}