{
  "id": 32,
  "type": "clustered",
  "seed": 3202,
  "N": 30,
  "arena_size": 180,
  "enemy_positions": [
    [
      103.921715488455,
      67.8310222615042
    ],
    [
      97.7561435437559,
      119.76122756388888
    ],
    [
      42.47462707022288,
      117.48553546828937
    ],
    [
      109.21921817755079,
      161.48054096289113
    ],
    [
      73.01863544922554,
      125.0551377244938
    ],
    [
      82.23298309748331,
      77.79935770345358
    ],
    [
      62.7037169511153,
      123.27139544254527
    ],
    [
      24.480065217224208,
      125.34452338030242
    ],
    [
      165.88507029129485,
      156.18509994214153
    ],
    [
      70.0961453621364,
      121.94348609952272
    ],
    [
      125.8501284018197,
      44.88705289948773
    ],
    [
      84.9334950162845,
      158.46608977220225
    ],
    [
      53.83773665919979,
      109.46144491551084
    ],
    [
      151.24111044868684,
      161.79216899042248
    ],
    [
      80.36508753886791,
      132.42129742148106
    ],
    [
      99.20890889389756,
      44.465375810290446
    ],
    [
      81.33445063537805,
      114.15630506659271
    ],
    [
      37.792404551647394,
      99.26853575187306
    ],
    [
      145.60572224392251,
      146.77577532685225
    ],
    [
      58.4203158423811,
      136.62269695436598
    ],
    [
      121.13580595713145,
      80.91003795150564
    ],
    [
      96.51963893471907,
      149.15675530014073
    ],
    [
      15.089342381421279,
      134.16713896340278
    ],
    [
      144.5952232725335,
      139.51869138699317
    ],
    [
      22.2335932128207,
      147.54959383583343
    ],
    [
      77.88826234659382,
      77.3808571255718
    ],
    [
      75.82334039400496,
      117.22583871464272
    ],
    [
      30.56302660583435,
      127.92219236249424
    ],
    [
      157.7079229544264,
      140.12102645264792
    ],
    [
      45.90482849688364,
      154.65899788593745
    ]
  ]
}