{
  "id": 21,
  "type": "random",
  "seed": 2121,
  "N": 30,
  "arena_size": 180,
  "enemy_positions": [
    [
      50.71716763963947,
      166.93290532533698
    ],
    [
      141.42970986235557,
      154.91834360389097
    ],
    [
      109.09483940376322,
      99.77372347456964
    ],
    [
      55.842062394055496,
      147.16963792633396
    ],
    [
      60.85491471960893,
      159.87786089350712
    ],
    [
      103.93290290161673,
      18.883033888790948
    ],
    [
      135.13336528296998,
      153.85087525314847
    ],
    [
      78.82777155785433,
      85.71834970053467
    ],
    [
      142.07035297293956,
      10.222378663851881
    ],
    [
      120.08366154257203,
      49.94893702333858
    ],
    [
      50.72151834941938,
      65.55263173431905
    ],
    [
      133.96624862308514,
      92.20232747420266
    ],
    [
      114.2686382267832,
      70.05763860583608
    ],
    [
      19.74585021175905,
      125.87530020813404
    ],
    [
      88.22726845903105,
      45.696193349161206
    ],
    [
      38.83868087343668,
      34.225051855262016
    ],
    [
      52.40088838904857,
      20.01796680768047
    ],
    [
      87.89893022295283,
      40.06448241368609
    ],
    [
      65.60419675508201,
      148.21549812156408
    ],
    [
      46.97682274691017,
      60.822765790911205
    ],
    [
      71.13930883776959,
      119.84594120122787
    ],
    [
      38.88981316767725,
      166.61351848916243
    ],
    [
      41.55903303903747,
      53.175491275125566
    ],
    [
      151.05827940716037,
      78.15157843622542
    ],
    [
      135.53984332220398,
      51.20046196592902
    ],
    [
      26.994376401950166,
      143.49727604845975
    ],
    [
      23.80771734256804,
      104.43866921553003
    ],
    [
      133.27189515759346,
      149.44947317631244
    ],
    [
      143.51559601271353,
      161.4978151192074
    ],
    [
      31.19911870119301,
      50.591625533693886
    ]
  ]
}