{
  "id": 98,
  "type": "edge",
  "seed": 9808,
  "N": 30,
  "arena_size": 180,
  "enemy_positions": [
    [
      17.686431051699056,
      164.43917597187726
    ],
    [
      158.01450394124055,
      150.1150653975302
    ],
    [
      125.72680606056677,
      140.91043775627787
    ],
    [
      71.91489923978894,
      128.5889863011124
    ],
    [
      137.086271295231,
      137.13486371303637
    ],
    [
      67.49344866490463,
      118.39563005575113
    ],
    [
      128.53126491673606,
      139.68534310493033
    ],
    [
      103.89085852530124,
      166.4032294761995
    ],
    [
      139.85928365589336,
      160.60986035198968
    ],
    [
      68.49729084185114,
      128.16279661507835
    ],
    [
      72.89062206633282,
      131.57873576972088
    ],
    [
      101.94648711853404,
      132.7887017727263
    ],
    [
      82.82893315163875,
      131.10431864841902
    ],
    [
      19.77872372204427,
      141.8079518498003
    ],
    [
      44.79638550961152,
      136.64702772385255
    ],
    [
      83.44053415489353,
      122.87546810988303
    ],
    [
      131.91502212877455,
      109.62030625570296
    ],
    [
      145.88145056339644,
      132.1878455727341
    ],
    [
      75.70164694668082,
      139.01684364684732
    ],
    [
      95.97630133357902,
      120.00241921901615
    ],
    [
      136.5763951369075,
      151.58599916517238
    ],
    [
      102.35053554075705,
      153.72783302758347
    ],
    [
      88.94521023040363,
      167.91406948028023
    ],
    [
      138.52752349979536,
      137.63754043141597
    ],
    [
      150.5702435956749,
      122.5784401392871
    ],
    [
      40.20531889816033,
      131.03658863941246
    ],
    [
      130.79363753651933,
      113.72447321609533
    ],
    [
      149.25468104950698,
      117.4639036130227
    ],
    [
      169.12364703486512,
      133.08572632941843
    ],
    [
      125.10728099736909,
      108.43532392251547
    ]
  ]
}