{
  "id": 84,
  "type": "line",
  "seed": 8404,
  "N": 30,
  "arena_size": 180,
  "enemy_positions": [
    [
      31.947624627510272,
      43.25280364911811
    ],
    [
      40.35413613934688,
      56.14161640985111
    ],
    [
      40.08305372095289,
      54.37348438748279
    ],
    [
      44.01964231053959,
      74.19154776073859
    ],
    [
      58.35564300063186,
      65.27117138358977
    ],
    [
      48.498324370705134,
      65.5242771391825
    ],
    [
      58.24575753655568,
      70.11295342139917
    ],
    [
      58.05590158421135,
      55.52433040755823
    ],
    [
      70.1436870216038,
      73.76494916249392
    ],
    [
      69.54548870202977,
      61.546262980499094
    ],
    [
      72.20742273976549,
      84.98367522896713
    ],
    [
      92.55010062321398,
      74.86353432337768
    ],
    [
      80.21922359290588,
      74.96084977766077
    ],
    [
      90.2806271452999,
      95.75250717246278
    ],
    [
      87.49885949989826,
      77.880418557127
    ],
    [
      102.70074574781628,
      102.25665187145354
    ],
    [
      96.6320585164379,
      109.49932542094072
    ],
    [
      99.34385889048514,
      97.68547902070674
    ],
    [
      112.20391639546106,
      99.94076231390977
    ],
    [
      122.32606624238119,
      102.74374626661887
    ],
    [
      128.6130420295286,
      120.51061234153681
    ],
    [
      114.43958169961064,
      102.87755280998667
    ],
    [
      113.57309613063755,
      122.1555327260485
    ],
    [
      122.12193122386972,
      118.99531768470843
    ],
    [
      144.44911432715054,
      118.32790441301587
    ],
    [
      120.08367657700455,
      132.57794501493387
    ],
    [
      132.46105022369468,
      118.53902054995785
    ],
    [
      147.96759840115007,
      129.13875812443044
    ],
    [
      137.76883709613608,
      135.69345255201284
    ],
    [
      162.41447390743073,
      146.2302228311876
    ]
  ]
}