{
  "id": 92,
  "type": "edge",
  "seed": 9202,
  "N": 30,
  "arena_size": 180,
  "enemy_positions": [
    [
      39.87942587397029,
      175.0
    ],
    [
      13.58860616857011,
      165.27363825151699
    ],
    [
      57.82790403177906,
      174.38727309396398
    ],
    [
      135.07573508196396,
      134.4806611153517
    ],
    [
      103.85996433029933,
      54.1031252104609
    ],
    [
      32.628449164666634,
      36.39322869109627
    ],
    [
      125.54417962178353,
      113.40133392380548
    ],
    [
      17.975497726526353,
      9.804714270439629
    ],
    [
      5.0,
      175.0
    ],
    [
      175.0,
      125.84934586188963
    ],
    [
      126.52137194846557,
      7.735888995208979
    ],
    [
      5.0,
      172.04192582432458
    ],
    [
      149.42052971685683,
      34.90588516225219
    ],
    [
      125.68948391023389,
      6.79082374365179
    ],
    [
      166.4887205761395,
      13.689692582375358
    ],
    [
      144.23513748982074,
      171.53210010812185
    ],
    [
      33.38182125962056,
      30.592901926838877
    ],
    [
      13.153778364086444,
      160.75362139340618
    ],
    [
      128.23099164959248,
      24.44248132070557
    ],
    [
      43.767893469900145,
      175.0
    ],
    [
      5.0,
      161.37279856310704
    ],
    [
      153.33894690943484,
      21.557223718636386
    ],
    [
      148.641831612597,
      168.85601775889378
    ],
    [
      175.0,
      10.902720379033127
    ],
    [
      5.0,
      137.1134430036359
    ],
    [
      14.503987543382369,
      164.03454132889038
    ],
    [
      37.89327801855652,
      167.2549198414894
    ],
    [
      39.08496872608424,
      140.81386693397613
    ],
    [
      160.64215762666447,
      175.0
    ],
    [
      132.2740947334222,
      17.270912774399324
    ]
  ]
}