{
  "id": 34,
  "type": "clustered",
  "seed": 3404,
  "N": 30,
  "arena_size": 180,
  "enemy_positions": [
    [
      146.63854230983335,
      134.11087327661897
    ],
    [
      162.6194331707619,
      67.76523317176212
    ],
    [
      102.67336363299077,
      175.0
    ],
    [
      96.19992694491317,
      117.61671722672992
    ],
    [
      48.178740673545,
      126.23513879616368
    ],
    [
      141.97452714109312,
      147.37819121014505
    ],
    [
      125.19663853669583,
      63.30927513530659
    ],
    [
      126.55452869304379,
      160.4652817582501
    ],
    [
      75.52884056164174,
      89.91367033876273
    ],
    [
      54.2519871359118,
      93.42036457449306
    ],
    [
      110.51042398701983,
      145.46869577812004
    ],
    [
      166.87306706821235,
      65.84148664547169
    ],
    [
      87.89814615472183,
      141.4590459596693
    ],
    [
      73.33001979927441,
      89.61055030261662
    ],
    [
      35.76246580795095,
      142.86823845600478
    ],
    [
      167.34588834101956,
      122.62783659217438
    ],
    [
      169.9978143491097,
      90.62621726754999
    ],
    [
      120.2304681247992,
      172.1581398121009
    ],
    [
      90.68217461543736,
      87.25354626820005
    ],
    [
      54.361160165790004,
      146.40880250556992
    ],
    [
      125.8080534767858,
      148.48105228881062
    ],
    [
      155.42173031212351,
      95.79974272113597
    ],
    [
      114.2070064560674,
      147.82822306370957
    ],
    [
      77.4664243581307,
      71.5822235696669
    ],
    [
      52.03788760763541,
      155.64168270968958
    ],
    [
      143.67644825067285,
      138.02993383565325
    ],
    [
      137.07293003506072,
      57.67844175056845
    ],
    [
      130.24178136281358,
      143.05394383732676
    ],
    [
      80.97027825726225,
      84.54895684466972
    ],
    [
      30.8363506696035,
      120.80501531783587
    ]
  ]
}