{
  "id": 11,
  "type": "random",
  "seed": 1111,
  "N": 30,
  "arena_size": 180,
  "enemy_positions": [
    [
      25.287871873401926,
      158.00059229786123
    ],
    [
      64.97174771315503,
      59.676310699175055
    ],
    [
      10.321574391855606,
      47.695155902652075
    ],
    [
      48.046675225340735,
      127.74653971851349
    ],
    [
      89.27489215391427,
      135.50805580945848
    ],
    [
      30.241009793264553,
      107.0638911201057
    ],
    [
      84.57935599027265,
      47.94113990262224
    ],
    [
      79.62546919640333,
      48.98744228407082
    ],
    [
      71.4143853666833,
      144.14299055578846
    ],
    [
      114.82955637491251,
      33.75146766217357
    ],
    [
      112.26322653736092,
      111.97993032516618
    ],
    [
      107.73988706467917,
      158.80296835230558
    ],
    [
      140.63998642775363,
      133.1079880380073
    ],
    [
      23.6641482095267,
      116.40043655948004
    ],
    [
      123.87133597956107,
      151.97346974278506
    ],
    [
      52.88138188875885,
      48.892276100013845
    ],
    [
      136.2888800344615,
      70.47750592495998
    ],
    [
      137.1167162071617,
      148.772964468037
    ],
    [
      137.33034129802888,
      156.74894674238186
    ],
    [
      53.37964285017732,
      131.7367926590376
    ],
    [
      110.86577041309619,
      22.693172275603768
    ],
    [
      30.937274676041486,
      58.05068061088967
    ],
    [
      61.56504341194287,
      35.77943829700917
    ],
    [
      60.430918578666265,
      94.08455729443594
    ],
    [
      113.33590110288893,
      130.10327597256702
    ],
    [
      18.96436675674707,
      149.87293948589425
    ],
    [
      66.59760543433785,
      138.70891000561136
    ],
    [
      21.032257643643568,
      37.41213482300335
    ],
    [
      30.37355868898958,
      82.83301575150858
    ],
    [
      110.21489911523558,
      11.439016412629499
    ]
  ]
}