{
  "id": 60,
  "type": "grid",
  "seed": 6000,
  "N": 30,
  "arena_size": 180,
  "enemy_positions": [
    [
      82.63205933620613,
      5.0
    ],
    [
      63.31989824472043,
      8.064831741602973
    ],
    [
      49.01838208599356,
      32.69581683318558
    ],
    [
      40.80070939916505,
      35.65268601512692
    ],
    [
      24.95569057048202,
      59.972627687913814
    ],
    [
      5.0,
      81.40993170801397
    ],
    [
      109.08112429416539,
      12.047968981930765
    ],
    [
      83.92106453666008,
      33.73716187885102
    ],
    [
      72.06085729903664,
      42.80069925304733
    ],
    [
      50.79419042786316,
      51.17758941915227
    ],
    [
      47.74931537871774,
      86.68716812561354
    ],
    [
      32.04221177038119,
      100.07792356797589
    ],
    [
      126.38911285752056,
      30.643682699452874
    ],
    [
      104.47022578729646,
      39.361965830838685
    ],
    [
      84.25975407544081,
      52.21597721979522
    ],
    [
      70.0220581668481,
      68.12509314433764
    ],
    [
      56.33618405725568,
      90.34584241342017
    ],
    [
      41.43243355505485,
      110.73412092773151
    ],
    [
      141.98107069260456,
      48.853398545584156
    ],
    [
      125.77386209943671,
      50.719332996013755
    ],
    [
      107.68673520367835,
      76.83953323914537
    ],
    [
      84.80275790503754,
      95.59624438020438
    ],
    [
      67.02930314901333,
      102.31170782445207
    ],
    [
      59.55465218460405,
      127.50746531234327
    ],
    [
      161.72441162809707,
      42.69108485750905
    ],
    [
      145.45068395765838,
      72.42958255745665
    ],
    [
      128.56677586746486,
      92.40715382562782
    ],
    [
      103.46865882327839,
      111.29480335367921
    ],
    [
      94.90560875361757,
      118.85882057777192
    ],
    [
      71.26727733217561,
      140.88630043591564
    ]
  ]
}