{
  "id": 62,
  "type": "grid",
  "seed": 6202,
  "N": 30,
  "arena_size": 180,
  "enemy_positions": [
    [
      92.15369278548087,
      5.0
    ],
    [
      73.40477888029159,
      5.0
    ],
    [
      57.84220422671759,
      27.378623660305465
    ],
    [
      38.20495093563702,
      47.7975159656686
    ],
    [
      14.329479263274251,
      62.36778950913731
    ],
    [
      11.169402027489213,
      76.04035052053155
    ],
    [
      108.0630648766572,
      13.468465844373725
    ],
    [
      93.22218101855506,
      21.520724090563462
    ],
    [
      71.15023967548987,
      41.20235487194304
    ],
    [
      65.75731000395498,
      57.96299992964912
    ],
    [
      50.36814348473852,
      70.19186260776958
    ],
    [
      27.562183766007934,
      88.04830209057654
    ],
    [
      125.09492437395912,
      32.71020647741079
    ],
    [
      107.62949666379741,
      43.105712869755635
    ],
    [
      95.7191537652067,
      61.36408932046333
    ],
    [
      71.53251674741048,
      75.78600270359928
    ],
    [
      61.93735956059396,
      92.0662362958611
    ],
    [
      47.7627277728193,
      107.00678800810049
    ],
    [
      141.5688208814188,
      35.560718886823786
    ],
    [
      119.371582678491,
      62.947192151946034
    ],
    [
      112.92187622118891,
      77.04338631701157
    ],
    [
      87.96491199517035,
      86.09403462280059
    ],
    [
      74.86600065774115,
      109.54660935037367
    ],
    [
      51.49774514653764,
      133.3195304996521
    ],
    [
      148.998122888982,
      55.532412863733335
    ],
    [
      131.99165478004755,
      66.42293786765185
    ],
    [
      127.22168134174319,
      88.25333468205905
    ],
    [
      109.40621017287654,
      96.74681813565209
    ],
    [
      78.26615446963149,
      122.3057467943656
    ],
    [
      72.12518059049872,
      139.50502854457693
    ]
  ]
}