{
  "id": 1,
  "type": "random",
  "seed": 101,
  "N": 30,
  "arena_size": 180,
  "enemy_positions": [
    [
      92.62378043239138,
      101.30681389890236
    ],
    [
      14.55587623649551,
      37.44346499601649
    ],
    [
      119.64431707157001,
      143.42349802177225
    ],
    [
      59.11459514755805,
      152.97809274934357
    ],
    [
      125.44701788292875,
      40.39023267276748
    ],
    [
      98.67641457996595,
      66.34111264425826
    ],
    [
      39.10278442561258,
      135.6962818982974
    ],
    [
      164.47731558591508,
      47.17658589036171
    ],
    [
      23.369829386134988,
      106.56774756659496
    ],
    [
      126.63884116601885,
      54.198212559562045
    ],
    [
      119.64901260482853,
      92.85879587152758
    ],
    [
      17.757525988224092,
      32.05907800993698
    ],
    [
      39.91478818206737,
      169.09086418465552
    ],
    [
      93.3064634695947,
      102.6063256760667
    ],
    [
      127.57104932310111,
      96.71388355673497
    ],
    [
      156.10456922812295,
      139.26722415806674
    ],
    [
      74.47965291100599,
      67.15589485132605
    ],
    [
      162.46027435373972,
      64.98105246280957
    ],
    [
      148.41597061093248,
      142.8444339518075
    ],
    [
      96.10583187960918,
      157.59509961075577
    ],
    [
      25.54343676240249,
      26.455598905719917
    ],
    [
      122.2411673113321,
      152.476779060549
    ],
    [
      35.52964814371265,
      54.09160718351258
    ],
    [
      117.59864474508889,
      36.288499843227235
    ],
    [
      122.21938185745381,
      88.02163555291649
    ],
    [
      118.90844290821741,
      93.4477107721375
    ],
    [
      16.943471109453494,
      45.82985656031642
    ],
    [
      102.03281389888207,
      29.269385620366783
    ],
    [
      90.01867420812692,
      32.08153092142336
    ],
    [
      18.449344174282594,
      38.52430760578427
    ]
  ]
}