{
  "id": 58,
  "type": "clustered",
  "seed": 5828,
  "N": 30,
  "arena_size": 180,
  "enemy_positions": [
    [
      68.18505332732092,
      96.73169795968832
    ],
    [
      108.11078652664227,
      150.08273990605534
    ],
    [
      79.76185338811099,
      30.156288260627615
    ],
    [
      137.8746139538079,
      175.0
    ],
    [
      91.34549989561653,
      97.24656705891937
    ],
    [
      74.7112495657339,
      99.9974360423576
    ],
    [
      91.49944877127635,
      133.39443923723883
    ],
    [
      88.75351532110787,
      53.13449007366469
    ],
    [
      119.2592610720269,
      148.3008428037107
    ],
    [
      103.95976025901577,
      130.7691498045967
    ],
    [
      79.39537919419767,
      106.56956283398256
    ],
    [
      115.92147065473137,
      161.06721502398642
    ],
    [
      88.31609443152539,
      36.565987965824775
    ],
    [
      147.33653015092588,
      140.185524438982
    ],
    [
      118.76095563948753,
      94.56268859000829
    ],
    [
      101.41372881806234,
      89.57534558328469
    ],
    [
      103.4851338077541,
      122.68697789021306
    ],
    [
      83.4242069210779,
      37.20789092564544
    ],
    [
      130.50865308920007,
      133.86931071233138
    ],
    [
      83.5193377805279,
      73.09404637169638
    ],
    [
      73.92968847642013,
      97.1188270418934
    ],
    [
      120.98474321021708,
      163.73367351262416
    ],
    [
      99.22229962621992,
      33.066654541770035
    ],
    [
      132.98868235291164,
      153.44867075511337
    ],
    [
      81.87685593291151,
      75.05806107099161
    ],
    [
      62.31243555952768,
      99.47104961032392
    ],
    [
      120.58685637502936,
      133.1339984934778
    ],
    [
      105.41637900358151,
      25.042909409341576
    ],
    [
      131.51291430722674,
      150.14393464190917
    ],
    [
      99.10261453373934,
      117.88602830566832
    ]
  ]
}