{
  "id": 45,
  "type": "clustered",
  "seed": 4515,
  "N": 30,
  "arena_size": 180,
  "enemy_positions": [
    [
      62.34352258738075,
      85.69799582869425
    ],
    [
      142.8302614808958,
      46.28926529954689
    ],
    [
      78.48585008041803,
      47.13659721123767
    ],
    [
      168.34480402575286,
      21.544958655425297
    ],
    [
      27.135964572174736,
      130.76413448972798
    ],
    [
      52.629125037585965,
      67.6198534111356
    ],
    [
      133.89690268279398,
      56.70035677601009
    ],
    [
      72.38763251416376,
      46.42955112394982
    ],
    [
      152.29875151503995,
      19.800632976733624
    ],
    [
      55.406797853185196,
      134.8555483645486
    ],
    [
      97.29062265679245,
      77.0080496757026
    ],
    [
      154.99844799250494,
      42.63540525950873
    ],
    [
      43.52021177964466,
      39.13222455829408
    ],
    [
      149.75338115573234,
      19.755365507121034
    ],
    [
      47.6842437597904,
      118.83182174368584
    ],
    [
      66.39284977546153,
      37.44285139228238
    ],
    [
      135.18264370606963,
      20.5066479082109
    ],
    [
      42.40101708213612,
      30.362811997333395
    ],
    [
      147.37178030380517,
      47.71114318848018
    ],
    [
      23.798487134530987,
      137.6459645873105
    ],
    [
      80.911513547692,
      103.56601750217891
    ],
    [
      128.03457972491606,
      30.952583862424053
    ],
    [
      101.30699211888535,
      43.85682537214681
    ],
    [
      118.42873375683939,
      22.248581963304176
    ],
    [
      37.53107612221695,
      143.19807162187152
    ],
    [
      59.794760278946036,
      65.63544007920834
    ],
    [
      145.22563613427053,
      45.23547876512371
    ],
    [
      56.389148125583375,
      23.554909191843684
    ],
    [
      131.41308277180806,
      48.817433654087615
    ],
    [
      38.03803143159635,
      141.19765155653792
    ]
  ]
}