{
  "id": 23,
  "type": "random",
  "seed": 2323,
  "N": 30,
  "arena_size": 180,
  "enemy_positions": [
    [
      168.72291912082864,
      128.87287706254807
    ],
    [
      115.22420477214138,
      94.1323412313058
    ],
    [
      128.39292503482136,
      21.17998235883361
    ],
    [
      24.1979788189086,
      157.9319993975474
    ],
    [
      132.34667024803872,
      165.7395884563039
    ],
    [
      80.12406644426632,
      137.95888463950445
    ],
    [
      62.294539575791376,
      66.71646768002105
    ],
    [
      86.60710609213382,
      85.84691234196221
    ],
    [
      40.87264555632984,
      46.04346444228476
    ],
    [
      47.967907251428215,
      138.9913313499912
    ],
    [
      17.483332940658194,
      102.62404662809698
    ],
    [
      44.32293279181559,
      113.53284302047213
    ],
    [
      25.91449078585562,
      143.54433168355135
    ],
    [
      52.690933555341445,
      23.51274483495814
    ],
    [
      64.57861742103628,
      106.27101752991868
    ],
    [
      36.762642375660505,
      22.339564737437154
    ],
    [
      87.41086062559106,
      51.58442711802218
    ],
    [
      74.96012364202905,
      39.930846391022484
    ],
    [
      100.49622504049232,
      30.536866352165468
    ],
    [
      31.974508408936,
      16.689251804507563
    ],
    [
      115.97900882156013,
      135.43230151821768
    ],
    [
      109.30024504628491,
      138.79990395086878
    ],
    [
      16.553644316670155,
      72.81890006720172
    ],
    [
      77.26656668598181,
      18.158777505078252
    ],
    [
      36.59532907172489,
      139.70874550295196
    ],
    [
      119.51093996358735,
      51.633657556955384
    ],
    [
      30.650876001458247,
      26.299544385505715
    ],
    [
      166.00158668358515,
      50.18594767952385
    ],
    [
      25.91050284063117,
      111.8963339054384
    ],
    [
      45.99418525160598,
      18.69408744793409
    ]
  ]
}