{
  "id": 99,
  "type": "edge",
  "seed": 9909,
  "N": 30,
  "arena_size": 180,
  "enemy_positions": [
    [
      36.793956549680246,
      18.753748434227084
    ],
    [
      40.09464325249789,
      151.111660744747
    ],
    [
      67.52770181031158,
      131.59844762507066
    ],
    [
      70.47298354199754,
      47.982679880712794
    ],
    [
      49.30570656174741,
      37.66743665719305
    ],
    [
      40.211592521994426,
      129.79536976551526
    ],
    [
      19.32150018482819,
      63.577606625980664
    ],
    [
      23.95582443850891,
      52.8674954486344
    ],
    [
      59.50045208028319,
      80.11114321254081
    ],
    [
      25.48632100814124,
      18.35361964396437
    ],
    [
      41.293883200177945,
      90.7369130382994
    ],
    [
      39.601774701717005,
      53.9118323507477
    ],
    [
      23.43080865669875,
      25.916510765643928
    ],
    [
      26.07136795225999,
      168.79939340248063
    ],
    [
      12.933892733836725,
      150.70086140284354
    ],
    [
      67.13625204314644,
      11.677233207923283
    ],
    [
      22.436535542719533,
      161.85730203869898
    ],
    [
      59.781834223592824,
      125.16311966427895
    ],
    [
      62.362297143927165,
      113.32112800360147
    ],
    [
      19.342866297860954,
      19.566640951188248
    ],
    [
      69.43310545250749,
      14.98756607700468
    ],
    [
      63.59190470144529,
      90.05993670821067
    ],
    [
      43.29302200492495,
      120.03088012766896
    ],
    [
      59.85021237812626,
      154.25781202082655
    ],
    [
      50.97627111323213,
      94.29304996957578
    ],
    [
      40.66490700634567,
      39.68970191632469
    ],
    [
      71.67389396951336,
      70.00330913602937
    ],
    [
      15.107636814965877,
      22.3454810718256
    ],
    [
      60.03600731938891,
      37.15264221128244
    ],
    [
      36.86197660074217,
      97.9469644364387
    ]
  ]
}