{
  "id": 66,
  "type": "grid",
  "seed": 6606,
  "N": 30,
  "arena_size": 180,
  "enemy_positions": [
    [
      82.44827036709022,
      5.0
    ],
    [
      60.75469916732109,
      5.0
    ],
    [
      45.372105808769206,
      31.49957194671594
    ],
    [
      28.696218645702913,
      47.59673287249181
    ],
    [
      25.644784355999093,
      65.50645632178723
    ],
    [
      13.585323269445638,
      79.90870871314698
    ],
    [
      106.47511128707916,
      5.0
    ],
    [
      84.74141864270834,
      29.176388608456953
    ],
    [
      73.50751659953869,
      39.91571102873488
    ],
    [
      60.28447709809278,
      66.86723542484225
    ],
    [
      43.53227047498129,
      83.4687306357754
    ],
    [
      31.440225495047855,
      88.56064886760993
    ],
    [
      122.89638477790618,
      22.38205307137129
    ],
    [
      96.77210069969424,
      41.83680325116049
    ],
    [
      79.11054951852041,
      60.3513299277422
    ],
    [
      78.15180610488788,
      73.37223497375263
    ],
    [
      50.34999759330255,
      92.93271577279198
    ],
    [
      36.09387691156768,
      115.79128234644111
    ],
    [
      138.55723849332648,
      36.51116362743896
    ],
    [
      119.67714135801295,
      43.60488771938408
    ],
    [
      109.74675060331678,
      72.39539953792777
    ],
    [
      91.71296044613896,
      91.74376197859517
    ],
    [
      74.81679769505024,
      109.65082855798909
    ],
    [
      48.53523557869782,
      124.98186611267383
    ],
    [
      142.22682857319012,
      54.98390578319122
    ],
    [
      134.4364083120096,
      62.66149754855583
    ],
    [
      114.20513007669923,
      84.41217637375593
    ],
    [
      98.15730877302549,
      102.06733865132279
    ],
    [
      96.31404020282538,
      117.7949875772845
    ],
    [
      76.74483383043358,
      142.63722051917435
    ]
  ]
}