{
  "id": 63,
  "type": "grid",
  "seed": 6303,
  "N": 30,
  "arena_size": 180,
  "enemy_positions": [
    [
      40.23892246695889,
      7.692568426952164
    ],
    [
      36.63246609484911,
      22.315312960497906
    ],
    [
      21.528661107033116,
      47.369971786982596
    ],
    [
      20.620280058054007,
      66.4518181471894
    ],
    [
      25.59907597286876,
      92.25895293032299
    ],
    [
      5.0,
      108.19657174595497
    ],
    [
      60.88631262220943,
      5.0
    ],
    [
      67.57545584695347,
      26.458740805604762
    ],
    [
      61.92553221777317,
      53.515147864338246
    ],
    [
      51.4394598548934,
      76.86262785673216
    ],
    [
      30.511455494856577,
      93.41589847711325
    ],
    [
      35.51726810403909,
      124.46024882114524
    ],
    [
      86.40484064846137,
      12.140047246256216
    ],
    [
      82.92283260160372,
      38.081758541389526
    ],
    [
      73.86470152311202,
      58.61628618317941
    ],
    [
      69.83032891869632,
      84.28753954318618
    ],
    [
      53.18891001607818,
      109.21842822459283
    ],
    [
      57.566250208673594,
      128.36171352353242
    ],
    [
      104.37621932478875,
      17.627416641744446
    ],
    [
      101.86760849257816,
      40.24151089539318
    ],
    [
      97.34223017215287,
      64.22290982637756
    ],
    [
      83.08093785221814,
      87.62563965696995
    ],
    [
      79.31677042835946,
      105.94756706486308
    ],
    [
      71.18329156032708,
      137.0063136609798
    ],
    [
      130.34893350281075,
      28.537144267662015
    ],
    [
      132.7351941158619,
      52.814521057564725
    ],
    [
      107.87349418309178,
      75.81011463490309
    ],
    [
      107.98466084004055,
      104.51683345513361
    ],
    [
      100.79403609437242,
      119.10411656702162
    ],
    [
      94.85949608251835,
      140.63325189383383
    ]
  ]
}