{
  "id": 13,
  "type": "random",
  "seed": 1313,
  "N": 30,
  "arena_size": 180,
  "enemy_positions": [
    [
      168.80038634222447,
      14.962100203176085
    ],
    [
      146.14558645951712,
      167.2621048228186
    ],
    [
      42.61361412012864,
      89.58621578206639
    ],
    [
      54.438521432075945,
      151.6741589399088
    ],
    [
      114.8207245581083,
      142.9569368796197
    ],
    [
      19.725889433214174,
      104.40410900222842
    ],
    [
      162.6690351613234,
      168.08825941575952
    ],
    [
      68.18765261480216,
      140.73967268203185
    ],
    [
      133.14911817169758,
      103.31678121294752
    ],
    [
      161.10191230505632,
      161.106681333105
    ],
    [
      12.614138289570498,
      10.403782806442958
    ],
    [
      59.82950358141778,
      137.6775740392714
    ],
    [
      103.42255427693883,
      155.60969632264906
    ],
    [
      33.99970456832076,
      24.994449095307107
    ],
    [
      162.23806235916902,
      97.26497844116457
    ],
    [
      149.45917869403718,
      81.00980890115454
    ],
    [
      167.4098707384054,
      165.78877538362772
    ],
    [
      61.45657678577989,
      114.42528763578397
    ],
    [
      18.304785920245106,
      86.21968323148066
    ],
    [
      55.88500236304249,
      98.83388241460881
    ],
    [
      95.14744209513479,
      70.47017806233643
    ],
    [
      157.91543400123095,
      71.35500168318598
    ],
    [
      165.77093704515605,
      28.228477875254985
    ],
    [
      93.24721631115847,
      97.17384954295555
    ],
    [
      47.10680799035899,
      129.10012115439685
    ],
    [
      81.26285227819173,
      77.3981055702452
    ],
    [
      101.43685653989144,
      39.82483548720472
    ],
    [
      126.46393107956578,
      137.05741428556166
    ],
    [
      103.3599265917288,
      152.25327352039398
    ],
    [
      64.55194550337032,
      54.581414120418415
    ]
  ]
}