{
  "id": 35,
  "type": "clustered",
  "seed": 3505,
  "N": 30,
  "arena_size": 180,
  "enemy_positions": [
    [
      49.50587835048309,
      110.04540861959836
    ],
    [
      131.61566042084502,
      109.38550263162418
    ],
    [
      151.1215022746378,
      58.11270643070118
    ],
    [
      78.2052592683963,
      62.10639970002899
    ],
    [
      129.71121853179676,
      148.80925963547776
    ],
    [
      93.90128054197908,
      116.29988126355033
    ],
    [
      110.60682277777462,
      141.03813397273785
    ],
    [
      167.99925442905683,
      86.29439009710423
    ],
    [
      79.20337018158239,
      74.60499001833321
    ],
    [
      132.26014622781807,
      141.15008714859917
    ],
    [
      49.16380931056824,
      124.00710381496846
    ],
    [
      91.01036196860892,
      106.13337569476343
    ],
    [
      145.47373104692835,
      71.64490228970615
    ],
    [
      87.83964068999244,
      44.96753261470773
    ],
    [
      133.54635504139952,
      89.97914811874173
    ],
    [
      58.113779609022075,
      113.93421054346356
    ],
    [
      116.84661296016125,
      109.53268221528069
    ],
    [
      167.5344550809798,
      83.85474095818222
    ],
    [
      117.34375908741438,
      37.926584064643436
    ],
    [
      102.87524607591702,
      133.63837058954675
    ],
    [
      56.579987591715344,
      124.31690513749608
    ],
    [
      125.11972450641713,
      102.57922287475682
    ],
    [
      155.6935269982861,
      67.67937546763832
    ],
    [
      83.15792319379361,
      63.84643124953747
    ],
    [
      122.49236652164699,
      137.2661727965654
    ],
    [
      58.97150994957847,
      140.1961066577716
    ],
    [
      128.7334864160145,
      129.48699868981703
    ],
    [
      136.1883801633171,
      77.22610799159864
    ],
    [
      98.8653368368006,
      47.186528761196584
    ],
    [
      130.93404001181,
      113.42514528406453
    ]
  ]
}