{
  "id": 28,
  "type": "random",
  "seed": 2828,
  "N": 30,
  "arena_size": 180,
  "enemy_positions": [
    [
      162.6761349252544,
      37.37806724330186
    ],
    [
      27.29913592663639,
      144.10495963393896
    ],
    [
      68.33634364776616,
      39.16455789572588
    ],
    [
      79.47900592417884,
      109.93690873827342
    ],
    [
      160.65306990652238,
      101.54653274743649
    ],
    [
      129.04175124426692,
      107.96912623247742
    ],
    [
      137.77982535673033,
      107.99598742647092
    ],
    [
      75.81411403668825,
      110.59787134818654
    ],
    [
      162.63775595758202,
      125.56016403673611
    ],
    [
      113.4589072504074,
      91.10933434215646
    ],
    [
      66.41805559919425,
      35.59574379154674
    ],
    [
      132.97891522313495,
      154.634625901302
    ],
    [
      48.84566131654129,
      134.77821317693315
    ],
    [
      120.82831438551436,
      26.38224301548048
    ],
    [
      144.3961394134821,
      108.66024782542374
    ],
    [
      57.633976954257605,
      159.54328230632805
    ],
    [
      151.6785080163043,
      99.51529306284777
    ],
    [
      32.91933369521853,
      129.87617474903638
    ],
    [
      95.28805402809853,
      122.47690403566467
    ],
    [
      133.3950851050042,
      57.28769164044394
    ],
    [
      143.31154465691515,
      54.159189640642026
    ],
    [
      34.545804077077804,
      63.73734532121469
    ],
    [
      22.8207971377749,
      21.218986091169718
    ],
    [
      162.11690383812055,
      168.22553661723833
    ],
    [
      113.02492804184266,
      22.272223748749553
    ],
    [
      25.717643721986967,
      78.42407582128072
    ],
    [
      57.07391430151836,
      117.48313869967106
    ],
    [
      53.5579510994078,
      49.73755211114592
    ],
    [
      115.17886502294792,
      56.11989049682176
    ],
    [
      149.58502114797687,
      118.04114752843569
    ]
  ]
}