{
  "id": 74,
  "type": "grid",
  "seed": 7414,
  "N": 30,
  "arena_size": 180,
  "enemy_positions": [
    [
      37.66393227780395,
      16.589830251056966
    ],
    [
      31.66621834685811,
      38.33155944742212
    ],
    [
      28.743095615035585,
      58.98403584995222
    ],
    [
      20.525176754774193,
      73.66944666810899
    ],
    [
      22.52864843976984,
      106.7042336280162
    ],
    [
      26.222545483983936,
      121.97760449255242
    ],
    [
      48.52874648610414,
      7.567236149244081
    ],
    [
      52.23368320881066,
      24.698827787425614
    ],
    [
      38.699864843596636,
      59.03366728824553
    ],
    [
      40.66421412392161,
      80.76279548223006
    ],
    [
      34.671591138733035,
      103.11933651262066
    ],
    [
      33.5416687025307,
      129.45311706214352
    ],
    [
      86.20100554012741,
      17.114113334796727
    ],
    [
      76.1475875473735,
      40.120166757285574
    ],
    [
      80.31729422522216,
      62.225681774160776
    ],
    [
      69.16131167670433,
      93.47158826467962
    ],
    [
      65.13519764361664,
      104.63580395159435
    ],
    [
      58.50578140982754,
      130.3285350264168
    ],
    [
      110.70433676690672,
      21.655284272708187
    ],
    [
      89.14344696383938,
      50.73263442690246
    ],
    [
      97.81347854396185,
      80.00326760568112
    ],
    [
      97.64836285219077,
      81.01165951720685
    ],
    [
      88.43927459877887,
      109.5686853481297
    ],
    [
      83.17892768383417,
      131.52708230243863
    ],
    [
      125.52262110579161,
      27.485617221236254
    ],
    [
      134.96281520250346,
      49.213232641507005
    ],
    [
      117.74359781848361,
      73.28989021865131
    ],
    [
      116.13973089997201,
      86.84631977020105
    ],
    [
      102.0468312914913,
      110.70370597015159
    ],
    [
      107.39051501790887,
      133.61019065428192
    ]
  ]
}