{
  "id": 68,
  "type": "grid",
  "seed": 6808,
  "N": 30,
  "arena_size": 180,
  "enemy_positions": [
    [
      67.09034096995967,
      5.0
    ],
    [
      49.55859385843702,
      19.579042980700905
    ],
    [
      42.01098431985032,
      30.057423382818826
    ],
    [
      34.768487795046745,
      52.29523792527047
    ],
    [
      9.985532024916694,
      79.45775128493584
    ],
    [
      5.0,
      95.12888260458993
    ],
    [
      81.13510502411751,
      9.003994360391616
    ],
    [
      70.83371174482127,
      21.783953065791977
    ],
    [
      54.57416864319737,
      49.259236023971276
    ],
    [
      58.88775686160447,
      67.84485626755864
    ],
    [
      39.72282221332064,
      88.62582296197262
    ],
    [
      25.43729332915747,
      112.3998306530965
    ],
    [
      97.45300684909279,
      26.655578627336745
    ],
    [
      92.62031731357827,
      48.32041951618122
    ],
    [
      70.6394283941012,
      55.986710065395116
    ],
    [
      71.88125483505705,
      75.2026647018872
    ],
    [
      60.58434924233917,
      104.2149782840429
    ],
    [
      42.004388916956565,
      122.50763305783893
    ],
    [
      123.80241306503413,
      27.157777776973298
    ],
    [
      114.44532566672952,
      50.102292265063326
    ],
    [
      109.06781941932516,
      73.33524701166424
    ],
    [
      94.96312384582684,
      94.81386403220142
    ],
    [
      80.97260748657524,
      110.99429670032816
    ],
    [
      64.92830558917694,
      123.8030657744221
    ],
    [
      149.8394339143582,
      40.936659289395045
    ],
    [
      124.75622407970201,
      64.62685538462432
    ],
    [
      112.89195513121709,
      79.06359769202834
    ],
    [
      106.70597851077613,
      103.88712052496845
    ],
    [
      94.60845970962465,
      135.6895172965135
    ],
    [
      83.39846765483333,
      149.63597762342374
    ]
  ]
}