{
  "id": 27,
  "type": "random",
  "seed": 2727,
  "N": 30,
  "arena_size": 180,
  "enemy_positions": [
    [
      52.150645404447395,
      169.87316894850392
    ],
    [
      43.13830065505172,
      31.230225512518146
    ],
    [
      140.41719322733476,
      89.35521917079244
    ],
    [
      119.71856664894771,
      17.88425526165856
    ],
    [
      77.89910726858147,
      84.97781615362251
    ],
    [
      70.57813442259716,
      151.15166231789632
    ],
    [
      90.67327650880813,
      119.20183887016636
    ],
    [
      123.70384501819763,
      159.1287562317697
    ],
    [
      142.33912208132912,
      87.70185511097672
    ],
    [
      157.15524526674483,
      115.44487508073603
    ],
    [
      47.40199091383815,
      158.39360649035774
    ],
    [
      76.70715194545062,
      68.43121135160257
    ],
    [
      135.05583514163777,
      87.08894487985697
    ],
    [
      93.27702943268716,
      49.4595427956518
    ],
    [
      132.29461367541398,
      47.405119192419924
    ],
    [
      52.381878612805295,
      49.92770919901709
    ],
    [
      104.15076241394844,
      143.34277462652193
    ],
    [
      169.22709092618626,
      13.125307270322413
    ],
    [
      61.480720625846814,
      139.76622078174114
    ],
    [
      101.45310747533759,
      51.94760835900729
    ],
    [
      154.57668879456364,
      32.67708876220509
    ],
    [
      145.715852492521,
      109.83354644211178
    ],
    [
      99.06280710911226,
      19.78612251885302
    ],
    [
      152.76870655256482,
      66.18155670025965
    ],
    [
      109.14199262766334,
      89.26599583457623
    ],
    [
      92.19975195932763,
      161.59400409389679
    ],
    [
      42.67623609054043,
      154.2063971572579
    ],
    [
      124.30889991341584,
      55.745042544480995
    ],
    [
      16.02822114225182,
      80.9638199751143
    ],
    [
      130.43841552017042,
      83.78232718388531
    ]
  ]
}