{
  "id": 31,
  "type": "clustered",
  "seed": 3101,
  "N": 30,
  "arena_size": 180,
  "enemy_positions": [
    [
      69.58218282553399,
      55.77498771903365
    ],
    [
      110.11957212091114,
      142.44267874072315
    ],
    [
      26.865998756800167,
      134.58463069827673
    ],
    [
      81.49320645927016,
      138.13234914437254
    ],
    [
      125.66340502714701,
      97.15451015748232
    ],
    [
      68.71372703722176,
      44.05381232811253
    ],
    [
      117.7160986617418,
      153.27457209871127
    ],
    [
      28.264044164509777,
      175.0
    ],
    [
      100.10293649392536,
      123.25616013474274
    ],
    [
      160.2408740927552,
      89.27277797152924
    ],
    [
      34.29966611061356,
      30.665188206990127
    ],
    [
      122.55175146739467,
      141.69991079831647
    ],
    [
      41.04486895778725,
      139.06994072230006
    ],
    [
      76.12282563254291,
      137.27323571760962
    ],
    [
      132.571787682153,
      86.75551266131295
    ],
    [
      56.41319066698093,
      27.683939368190888
    ],
    [
      80.90213330059262,
      135.78933563767507
    ],
    [
      20.9588699453281,
      156.51398366933742
    ],
    [
      80.60388444296036,
      154.04565415586478
    ],
    [
      148.60252930624554,
      72.4211953860403
    ],
    [
      68.7857819593998,
      42.26808128274616
    ],
    [
      109.63139177164436,
      152.9742906842374
    ],
    [
      5.0,
      134.32549417672544
    ],
    [
      92.07247684163114,
      142.70899947726284
    ],
    [
      136.94695149539132,
      74.75861547925358
    ],
    [
      55.98251415985798,
      32.713175514605894
    ],
    [
      118.5200023849004,
      132.7282145908844
    ],
    [
      55.35506607568301,
      156.2840862008553
    ],
    [
      107.2238128429218,
      148.1158781453346
    ],
    [
      125.54442555467314,
      90.97588596667991
    ]
  ]
}