{
  "id": 53,
  "type": "clustered",
  "seed": 5323,
  "N": 30,
  "arena_size": 180,
  "enemy_positions": [
    [
      156.3575861165226,
      137.8618776887507
    ],
    [
      47.841937467053015,
      50.38476218682429
    ],
    [
      71.19222799824666,
      99.62690368843427
    ],
    [
      144.74031511451847,
      99.30460044902182
    ],
    [
      148.3303714211056,
      132.8902083506327
    ],
    [
      142.64879319977214,
      112.59134048596421
    ],
    [
      57.90662756677226,
      39.64527946124944
    ],
    [
      67.41465892345025,
      69.21684189264063
    ],
    [
      175.0,
      94.83508368114909
    ],
    [
      158.32087593347143,
      139.6258072516028
    ],
    [
      122.67069022246301,
      153.77018979354162
    ],
    [
      21.1060340677509,
      31.09411872748455
    ],
    [
      41.610704908457095,
      91.62295378556696
    ],
    [
      126.64496198436878,
      76.7262110307646
    ],
    [
      138.49960694589961,
      157.97415071132409
    ],
    [
      116.25308936061916,
      151.29558465319388
    ],
    [
      37.34340688318857,
      47.727204425064734
    ],
    [
      45.003133493554046,
      89.11849337988342
    ],
    [
      143.0314054720005,
      91.35965140558068
    ],
    [
      139.57597753115675,
      148.16974255382493
    ],
    [
      112.739420675492,
      126.87494301643603
    ],
    [
      49.5750009776578,
      38.38425017472425
    ],
    [
      65.08798904359577,
      86.49546039539223
    ],
    [
      133.9249076967705,
      83.99496040528047
    ],
    [
      147.7928935654772,
      127.95074168009164
    ],
    [
      133.75324850417374,
      128.15797663350662
    ],
    [
      33.201704401608694,
      44.26849637333382
    ],
    [
      63.77726642597581,
      77.91049246922935
    ],
    [
      141.72950296783793,
      95.97875112898129
    ],
    [
      139.51513096559947,
      128.0326784490689
    ]
  ]
}