{
  "id": 72,
  "type": "grid",
  "seed": 7212,
  "N": 30,
  "arena_size": 180,
  "enemy_positions": [
    [
      73.38415729028367,
      5.0
    ],
    [
      72.76456719081223,
      7.092971005919296
    ],
    [
      46.49608312467055,
      20.952963736176144
    ],
    [
      37.81547751248249,
      45.71975048920973
    ],
    [
      23.01844185874198,
      66.92876745685037
    ],
    [
      6.470249201342938,
      81.3805031861112
    ],
    [
      96.12535474424587,
      6.614589597783521
    ],
    [
      84.86424982623925,
      17.045518398179382
    ],
    [
      69.73372979501796,
      50.65977483009428
    ],
    [
      53.2157450864113,
      73.13269610856776
    ],
    [
      44.58934262129981,
      84.97147787808423
    ],
    [
      27.85598422039486,
      99.93395521662383
    ],
    [
      112.97993274173118,
      26.652206634309103
    ],
    [
      105.47292551052172,
      34.271870475337316
    ],
    [
      79.0008664169879,
      49.32023594853297
    ],
    [
      65.18762589602134,
      79.21886159500741
    ],
    [
      60.829385146079915,
      97.7657434522672
    ],
    [
      41.24593066019077,
      112.23173365654166
    ],
    [
      146.60784017014905,
      37.02731617473094
    ],
    [
      120.24800176041333,
      59.18164263945004
    ],
    [
      102.11681159604811,
      77.12015459140267
    ],
    [
      89.31960383344068,
      87.14042546612662
    ],
    [
      77.27854894527587,
      103.30598004318509
    ],
    [
      63.151868475410794,
      127.58741674486869
    ],
    [
      149.04560598482885,
      43.59009770750521
    ],
    [
      134.871750389096,
      62.81394721966524
    ],
    [
      127.28215791037954,
      83.87549931834684
    ],
    [
      106.36753106507669,
      110.42787057585093
    ],
    [
      102.39053889485577,
      126.88430114672407
    ],
    [
      78.34758019882625,
      146.29408937125916
    ]
  ]
}