{
  "id": 82,
  "type": "line",
  "seed": 8202,
  "N": 30,
  "arena_size": 180,
  "enemy_positions": [
    [
      66.20658785343933,
      38.47810447387912
    ],
    [
      63.890734076927565,
      48.67463588025907
    ],
    [
      63.33574116815902,
      51.4898993853035
    ],
    [
      66.20882138511251,
      60.74019895771592
    ],
    [
      55.11347813091777,
      56.98353961685395
    ],
    [
      80.34860500631997,
      71.12537136685197
    ],
    [
      87.99001064867171,
      59.24108968039684
    ],
    [
      73.54138658028009,
      67.14848052332127
    ],
    [
      72.85572291263024,
      84.78583233421398
    ],
    [
      79.74537893327104,
      95.0661569215504
    ],
    [
      87.31018121661236,
      80.56239871041302
    ],
    [
      89.43133155091081,
      90.84050283301191
    ],
    [
      97.03961045477816,
      91.69541130564724
    ],
    [
      90.28479619996529,
      100.61293381221472
    ],
    [
      87.43534992027982,
      93.31990458082322
    ],
    [
      87.25779954630292,
      103.88043872690757
    ],
    [
      89.74873173562531,
      114.44340061496187
    ],
    [
      99.84042020626693,
      109.99416800083722
    ],
    [
      113.14854589914195,
      122.43029162825667
    ],
    [
      114.6078388856122,
      118.15271114783738
    ],
    [
      102.16126730586248,
      139.363058403583
    ],
    [
      106.56099266710012,
      114.5232804019031
    ],
    [
      111.05432814089671,
      121.13070882754155
    ],
    [
      121.9613850273905,
      134.50190053425212
    ],
    [
      114.5187640443949,
      136.4507726745565
    ],
    [
      130.01600157327292,
      144.96929133045168
    ],
    [
      115.45304223408405,
      158.7276788745043
    ],
    [
      117.17044141437755,
      142.3814187918127
    ],
    [
      127.82743197524739,
      159.2792644402337
    ],
    [
      125.19178826639278,
      155.91327770136152
    ]
  ]
}