{
  "id": 78,
  "type": "grid",
  "seed": 7818,
  "N": 30,
  "arena_size": 180,
  "enemy_positions": [
    [
      50.64677877444486,
      5.0
    ],
    [
      44.732419762036685,
      17.60979788368323
    ],
    [
      28.799593881557044,
      38.836073857104864
    ],
    [
      25.10001104686347,
      68.20176998310185
    ],
    [
      17.13941556459166,
      87.77076461171642
    ],
    [
      7.920408698212256,
      111.56662219492452
    ],
    [
      69.44881000816368,
      10.265700913080181
    ],
    [
      61.03960370693037,
      39.5536746898362
    ],
    [
      55.239613044905596,
      54.372887097044675
    ],
    [
      58.42041142949181,
      73.0011080546426
    ],
    [
      37.41340732814523,
      89.13651953910856
    ],
    [
      37.72438560179783,
      118.42439432873122
    ],
    [
      96.83743719964284,
      10.688115443190839
    ],
    [
      86.78917398201222,
      38.383763987193106
    ],
    [
      67.8459406835114,
      68.41439154649228
    ],
    [
      61.792594459685155,
      77.04510752733516
    ],
    [
      59.346662910382506,
      113.61996635345842
    ],
    [
      50.043591428657955,
      122.28572009992308
    ],
    [
      118.32222424176175,
      13.490895148577266
    ],
    [
      106.95959711266791,
      49.72413576196242
    ],
    [
      97.34368446281971,
      61.6967261697982
    ],
    [
      83.6330405404554,
      99.82242605453844
    ],
    [
      82.9722129850683,
      112.07177696285443
    ],
    [
      74.02955946686285,
      139.6304619858488
    ],
    [
      135.90434983030644,
      42.90745858089939
    ],
    [
      126.26631726198451,
      53.92305983394854
    ],
    [
      111.11995175663309,
      77.307610606836
    ],
    [
      106.59521706793899,
      99.24999014109403
    ],
    [
      107.46865123613107,
      124.61858406009875
    ],
    [
      95.47006770666825,
      144.0993422970522
    ]
  ]
}