{
  "id": 83,
  "type": "line",
  "seed": 8303,
  "N": 30,
  "arena_size": 180,
  "enemy_positions": [
    [
      30.08422375992741,
      42.50145432339239
    ],
    [
      36.508899642393644,
      45.85981805863715
    ],
    [
      39.97625116745998,
      30.682378126378442
    ],
    [
      50.608090661850575,
      37.1644088266046
    ],
    [
      43.6586435896737,
      52.552301727697
    ],
    [
      61.231035813689004,
      44.2093213590445
    ],
    [
      49.58119995462697,
      52.22894764769352
    ],
    [
      64.9041952114008,
      50.10690654120175
    ],
    [
      65.36875951013428,
      60.349564628854864
    ],
    [
      80.7348521827733,
      53.03578320763678
    ],
    [
      74.40753093163737,
      71.39097179818201
    ],
    [
      63.089414768169725,
      85.21193392024466
    ],
    [
      74.83919052155495,
      79.16064525101744
    ],
    [
      82.93441678305436,
      84.84772294790338
    ],
    [
      93.31814641076164,
      87.2517588774888
    ],
    [
      87.71152420388667,
      101.84459713517361
    ],
    [
      103.44371141678319,
      90.40448847477904
    ],
    [
      110.72030938002221,
      94.58692429060463
    ],
    [
      101.90382657125465,
      109.65953815456669
    ],
    [
      122.84364207412496,
      111.30829792014546
    ],
    [
      109.03872666175243,
      110.4004962153541
    ],
    [
      118.16209292104787,
      108.2322116348907
    ],
    [
      121.04269884330253,
      132.7411014880935
    ],
    [
      124.30132012965558,
      124.44432680791948
    ],
    [
      123.68625695145157,
      127.71297713677254
    ],
    [
      135.77180157939137,
      137.76964721174852
    ],
    [
      126.21951125973978,
      150.3723796772092
    ],
    [
      143.48594310169736,
      147.05415758050395
    ],
    [
      126.16585957958017,
      134.5222671166504
    ],
    [
      149.0031681238446,
      162.43337143456537
    ]
  ]
}