{
  "id": 7,
  "type": "random",
  "seed": 707,
  "N": 30,
  "arena_size": 180,
  "enemy_positions": [
    [
      43.95236346637836,
      74.52465580771383
    ],
    [
      34.71332942526665,
      110.96294542502042
    ],
    [
      68.79712789887492,
      44.12006948918284
    ],
    [
      162.33049705612325,
      142.8919726454038
    ],
    [
      37.089159808177726,
      147.70191959416468
    ],
    [
      41.251038288706354,
      149.64802457468883
    ],
    [
      101.73108682329654,
      76.65408991404071
    ],
    [
      33.2637522557517,
      150.85755664166533
    ],
    [
      132.75721235729543,
      60.24361720321444
    ],
    [
      63.53994800942884,
      67.22434628038398
    ],
    [
      63.81160314885751,
      127.96057045656227
    ],
    [
      147.67267897673528,
      116.06159682763668
    ],
    [
      156.86305360224,
      67.44112002086302
    ],
    [
      105.84504098121926,
      49.688744323072044
    ],
    [
      35.557970484370344,
      27.311736243856934
    ],
    [
      142.05996166907016,
      155.16516832896838
    ],
    [
      164.86216740359865,
      120.52011518048202
    ],
    [
      68.23258726961944,
      74.27998914318107
    ],
    [
      52.180665219994665,
      158.96095581932107
    ],
    [
      61.5012706786998,
      147.4489474585564
    ],
    [
      44.64944838946909,
      86.6608588878524
    ],
    [
      54.38227376162338,
      113.52535093495297
    ],
    [
      120.73969124535725,
      57.70421806564039
    ],
    [
      96.72875412174932,
      28.99484899756061
    ],
    [
      68.8228871333944,
      122.83007592087688
    ],
    [
      112.68675862053641,
      70.59026088550182
    ],
    [
      157.05526587158053,
      32.02119820401728
    ],
    [
      87.4182309733284,
      53.984862127185394
    ],
    [
      109.3515230239018,
      64.15355374502295
    ],
    [
      111.31716060566232,
      11.54610092648225
    ]
  ]
}