{
  "id": 42,
  "type": "clustered",
  "seed": 4212,
  "N": 30,
  "arena_size": 180,
  "enemy_positions": [
    [
      64.38888898666697,
      126.26150273422508
    ],
    [
      85.54546493652698,
      59.10012904088572
    ],
    [
      70.57502417834785,
      159.78131507248386
    ],
    [
      38.72890320521888,
      100.23205811846125
    ],
    [
      48.98933324706308,
      82.05203289602788
    ],
    [
      70.72598568022987,
      99.5229603599321
    ],
    [
      107.18911009084587,
      22.446971380774873
    ],
    [
      96.73010356074369,
      148.67286186618122
    ],
    [
      73.68420193754233,
      138.21812923690808
    ],
    [
      25.307618467877223,
      92.23540665742945
    ],
    [
      60.94395099927182,
      126.72160130961907
    ],
    [
      91.81180850590727,
      41.50742031030731
    ],
    [
      65.65835240963365,
      139.11574964046088
    ],
    [
      75.6432436489859,
      102.31505867346311
    ],
    [
      54.56746307773436,
      77.47585990511351
    ],
    [
      124.91702256395732,
      123.69911572043023
    ],
    [
      97.792529363209,
      21.99384253475581
    ],
    [
      91.9273636213668,
      150.87255608094202
    ],
    [
      87.50261183070283,
      102.97465864971721
    ],
    [
      31.274244823846978,
      100.31124861386884
    ],
    [
      100.76850085155809,
      109.15488941286563
    ],
    [
      126.61767169664074,
      71.99411157397844
    ],
    [
      101.25045399733038,
      166.65894904056066
    ],
    [
      84.32868945764062,
      112.71234613712765
    ],
    [
      43.14817701597932,
      102.65754594249422
    ],
    [
      84.23069392423507,
      104.3347908741432
    ],
    [
      101.09225979689141,
      41.07230367014445
    ],
    [
      63.664316649330914,
      136.5804542439047
    ],
    [
      95.8000751233363,
      107.77772702779565
    ],
    [
      55.335906632953964,
      90.73888267607452
    ]
  ]
}