{
  "id": 90,
  "type": "edge",
  "seed": 9000,
  "N": 30,
  "arena_size": 180,
  "enemy_positions": [
    [
      56.75596966170456,
      169.21303310267268
    ],
    [
      150.65705651237633,
      132.20645643458542
    ],
    [
      11.895188251841784,
      116.33234321154463
    ],
    [
      116.88567880027239,
      132.93220933403094
    ],
    [
      17.748015561543937,
      156.7717124283959
    ],
    [
      65.19329281119447,
      137.72962372591576
    ],
    [
      26.444728219537357,
      120.44112194673683
    ],
    [
      99.38908698445518,
      152.92756001796198
    ],
    [
      53.473466994613155,
      155.47465761950542
    ],
    [
      160.4761418060927,
      130.68636840353463
    ],
    [
      27.20200875381538,
      155.14218072154796
    ],
    [
      27.672352417224335,
      147.46806130468292
    ],
    [
      33.73250245239652,
      160.16790609622274
    ],
    [
      56.322216777316356,
      121.58998646385761
    ],
    [
      116.03956171766634,
      130.0760350851595
    ],
    [
      163.34558668139363,
      126.43371682353326
    ],
    [
      73.46720085829094,
      133.0986661471258
    ],
    [
      55.88297410143491,
      163.69620014823138
    ],
    [
      102.21402045524067,
      157.37625812876806
    ],
    [
      148.40433865738507,
      113.02991433018212
    ],
    [
      57.83752621953379,
      154.3075415582586
    ],
    [
      75.73007452393186,
      131.3736588041509
    ],
    [
      52.24291225907484,
      161.34680116516296
    ],
    [
      138.3601516302977,
      137.70699998543859
    ],
    [
      84.09070289869385,
      121.00104065415614
    ],
    [
      150.47598433116505,
      160.01451692335962
    ],
    [
      102.72941848758413,
      128.67694588420005
    ],
    [
      111.68283643810547,
      153.52442689508842
    ],
    [
      153.97283980919138,
      151.2870325580972
    ],
    [
      39.99976292028915,
      143.1753845452725
    ]
  ]
}