{
  "id": 76,
  "type": "grid",
  "seed": 7616,
  "N": 30,
  "arena_size": 180,
  "enemy_positions": [
    [
      72.24283484411836,
      5.0
    ],
    [
      60.5638782637091,
      5.0
    ],
    [
      50.196486473503285,
      27.665207461920026
    ],
    [
      34.366241117362144,
      46.74991095435728
    ],
    [
      24.746235736218665,
      69.91166779727482
    ],
    [
      5.0,
      83.87570773605253
    ],
    [
      102.03733992810325,
      15.299307674089107
    ],
    [
      82.75891758600633,
      24.191037471918833
    ],
    [
      65.24993254393611,
      43.636742502642306
    ],
    [
      47.5357389853345,
      66.70219071785988
    ],
    [
      30.220053969401974,
      85.72616183373518
    ],
    [
      30.219083763496712,
      95.42345096072403
    ],
    [
      117.4348376236171,
      25.10148548058109
    ],
    [
      100.10606190287324,
      45.5132258591508
    ],
    [
      87.88283605335056,
      55.90925078753724
    ],
    [
      65.89306468203222,
      72.75459441336929
    ],
    [
      56.843496124526546,
      92.24404370977213
    ],
    [
      34.971048518436575,
      129.42148544897336
    ],
    [
      129.32742785544565,
      44.572002889114266
    ],
    [
      126.41321678153872,
      52.75408926518248
    ],
    [
      96.58609426967507,
      66.69135318433243
    ],
    [
      86.40361889307914,
      91.15034707261611
    ],
    [
      75.3996684109671,
      117.61538538362599
    ],
    [
      71.79225856323608,
      118.01306960026044
    ],
    [
      152.3157670332493,
      51.655936758660346
    ],
    [
      130.04149424482142,
      66.74844427845225
    ],
    [
      119.07776022228637,
      75.0462309523885
    ],
    [
      110.00057756582072,
      92.7305407414149
    ],
    [
      100.00746664979786,
      120.37088954315246
    ],
    [
      81.03260219075318,
      137.71940072353368
    ]
  ]
}