{
  "id": 64,
  "type": "grid",
  "seed": 6404,
  "N": 30,
  "arena_size": 180,
  "enemy_positions": [
    [
      63.9313253406586,
      5.0
    ],
    [
      48.104366360607834,
      18.055970240843152
    ],
    [
      47.0388245391846,
      29.399719424483678
    ],
    [
      21.601442296197575,
      54.604496856141814
    ],
    [
      16.753005362923844,
      75.1053616127935
    ],
    [
      9.459374096619257,
      94.42366832605255
    ],
    [
      84.26074756787219,
      15.375420756465047
    ],
    [
      68.33265939913124,
      23.362016809974236
    ],
    [
      53.34093902207205,
      48.89725387565813
    ],
    [
      52.32706030816013,
      66.51845717292676
    ],
    [
      36.28655837283584,
      96.6192411188552
    ],
    [
      31.203658597111286,
      110.11108359848502
    ],
    [
      100.42475331552009,
      17.664144420567126
    ],
    [
      91.57137420003849,
      32.48550742458267
    ],
    [
      81.10900593371022,
      60.37391441212475
    ],
    [
      74.36495293833771,
      78.16881874219885
    ],
    [
      54.99048121189558,
      97.16383127183896
    ],
    [
      50.50107000389249,
      118.08175148526189
    ],
    [
      123.91196028246546,
      30.454625201891112
    ],
    [
      112.11503907966365,
      48.16479286369924
    ],
    [
      101.92836324369506,
      76.3059479892056
    ],
    [
      90.27007444100568,
      79.02503214825697
    ],
    [
      84.26502920209845,
      119.62679295258033
    ],
    [
      59.75466208312892,
      135.43829771597552
    ],
    [
      145.06734686551943,
      33.61092233434659
    ],
    [
      125.26200374940885,
      57.29102485384465
    ],
    [
      122.7455769579556,
      81.04822556302221
    ],
    [
      119.28148027288216,
      99.41809107971376
    ],
    [
      104.69707405128798,
      126.45912163885049
    ],
    [
      88.55072337837129,
      145.37238551528668
    ]
  ]
}