{
  "id": 15,
  "type": "random",
  "seed": 1515,
  "N": 30,
  "arena_size": 180,
  "enemy_positions": [
    [
      165.0249269057943,
      120.8799295567799
    ],
    [
      127.4649085023031,
      91.0105914980885
    ],
    [
      95.90034662715456,
      24.577003646109397
    ],
    [
      36.37033628971237,
      113.82243845301944
    ],
    [
      23.598617081980198,
      129.89627540053303
    ],
    [
      12.973001564835211,
      39.94399753008274
    ],
    [
      50.624108441369614,
      168.0125522988095
    ],
    [
      114.56907089985845,
      125.32898247480128
    ],
    [
      102.5739696483776,
      35.629897785987055
    ],
    [
      101.70712389227242,
      27.05372642243338
    ],
    [
      92.00956281938022,
      108.66284495122711
    ],
    [
      11.341759251619106,
      61.81007482422977
    ],
    [
      73.89758458917497,
      43.85565419200038
    ],
    [
      40.91326032174743,
      109.46445629480792
    ],
    [
      146.96038487359826,
      152.3479599257917
    ],
    [
      99.59146150045714,
      140.97242351966472
    ],
    [
      138.24361066920432,
      51.71794429484487
    ],
    [
      50.08101128744629,
      151.16975432851544
    ],
    [
      90.81918791748888,
      121.0324666220395
    ],
    [
      117.42667838117235,
      159.95169044259126
    ],
    [
      47.453347256443585,
      165.3645175643719
    ],
    [
      165.1318781499599,
      20.44944070737648
    ],
    [
      25.729672224839426,
      147.1947747870268
    ],
    [
      98.8933317798088,
      105.96998273244687
    ],
    [
      11.116226879262818,
      39.91554536967737
    ],
    [
      127.40919807008322,
      35.54500312168243
    ],
    [
      109.94856775610025,
      57.17542317424021
    ],
    [
      41.166501302459,
      146.73681071615547
    ],
    [
      72.06010719014768,
      93.06435318287875
    ],
    [
      67.88944718901674,
      29.62354956933753
    ]
  ]
}