{
  "id": 29,
  "type": "random",
  "seed": 2929,
  "N": 30,
  "arena_size": 180,
  "enemy_positions": [
    [
      98.5264998391976,
      159.24068001950388
    ],
    [
      10.772110197887539,
      149.46440983950464
    ],
    [
      23.212746605106638,
      139.79784720412053
    ],
    [
      136.12726929955852,
      12.92088969134058
    ],
    [
      150.93452193765387,
      48.04823766256915
    ],
    [
      26.55429458919368,
      98.19324203375372
    ],
    [
      135.04018443323372,
      124.96863115197138
    ],
    [
      18.58131654282964,
      44.154084351351074
    ],
    [
      146.86630214476932,
      93.99904574416877
    ],
    [
      114.63029537851212,
      81.36341618903634
    ],
    [
      163.60979172710677,
      122.54750197627317
    ],
    [
      84.63783592981795,
      114.33177547010973
    ],
    [
      52.73316646894392,
      70.01987508172773
    ],
    [
      77.50749638701498,
      168.3180936476254
    ],
    [
      129.94831869522307,
      143.6442634207409
    ],
    [
      169.12536634052907,
      133.2322109629121
    ],
    [
      65.53337127356494,
      121.5425404800503
    ],
    [
      10.94444887302938,
      133.96490809396235
    ],
    [
      154.6551622744138,
      66.50079327918743
    ],
    [
      36.7509862910509,
      39.176617635590105
    ],
    [
      102.41424191698849,
      159.1168603863924
    ],
    [
      75.7431974956596,
      59.77324226602775
    ],
    [
      37.23795594097945,
      145.07707214316622
    ],
    [
      90.36972537526131,
      47.03397950212613
    ],
    [
      167.1380994174238,
      36.57666129308257
    ],
    [
      45.729892559924714,
      44.864217494042094
    ],
    [
      65.64180460822541,
      87.38202322524896
    ],
    [
      169.20544931571038,
      156.73464569544348
    ],
    [
      154.37396800832434,
      21.968277762975372
    ],
    [
      32.16379906050206,
      122.64724625805322
    ]
  ]
}