{
  "id": 55,
  "type": "clustered",
  "seed": 5525,
  "N": 30,
  "arena_size": 180,
  "enemy_positions": [
    [
      136.53346939621636,
      75.23266127644372
    ],
    [
      7.457489589391024,
      120.86716197420432
    ],
    [
      14.634780508300445,
      81.53178841237543
    ],
    [
      156.99108037177834,
      127.90512389120585
    ],
    [
      109.62004039202364,
      19.151421824575422
    ],
    [
      135.94602586273714,
      76.23927949354206
    ],
    [
      57.66693410769155,
      150.99975503593055
    ],
    [
      49.71812908047741,
      89.15731940634753
    ],
    [
      144.47244503868677,
      127.87628867135963
    ],
    [
      131.93735848441727,
      29.736057079721817
    ],
    [
      134.4930702722697,
      90.98820141622369
    ],
    [
      99.28844358740042,
      122.65880730250882
    ],
    [
      33.87805369482371,
      51.20133958774092
    ],
    [
      151.93018737980424,
      116.01553521552366
    ],
    [
      122.74812485610786,
      24.905419778123207
    ],
    [
      122.83502495024695,
      66.31463923311534
    ],
    [
      31.584249268897167,
      160.8259131145649
    ],
    [
      40.759239129433,
      97.51063228696819
    ],
    [
      152.1433936839129,
      107.71732276209468
    ],
    [
      134.87677499671116,
      35.76867298148744
    ],
    [
      148.940762599213,
      63.61064658775583
    ],
    [
      19.723673336802875,
      112.6267904512145
    ],
    [
      33.25236084384807,
      73.09253532558145
    ],
    [
      138.9825794091166,
      152.30553798780073
    ],
    [
      109.99447401708179,
      53.90619560551772
    ],
    [
      134.76623870106977,
      86.10906923519346
    ],
    [
      41.41267811501296,
      136.87035681096467
    ],
    [
      28.119432503472463,
      81.70068588070012
    ],
    [
      142.06119192340861,
      100.84492866989902
    ],
    [
      109.41831051898414,
      13.691458643214723
    ]
  ]
}