{
  "id": 38,
  "type": "clustered",
  "seed": 3808,
  "N": 30,
  "arena_size": 180,
  "enemy_positions": [
    [
      127.49229925294266,
      75.53589244061851
    ],
    [
      47.529174128286535,
      47.232398723453656
    ],
    [
      96.45342516874587,
      103.40171822539975
    ],
    [
      82.93411336241324,
      104.74951621448217
    ],
    [
      78.1694946410097,
      155.6147322764993
    ],
    [
      90.87674473892812,
      46.89208621777805
    ],
    [
      68.36443752864605,
      63.52947160913578
    ],
    [
      127.84529308436235,
      125.09062675068925
    ],
    [
      55.317799704102086,
      110.45100348649231
    ],
    [
      81.836613871262,
      117.76079227826793
    ],
    [
      65.9029309807951,
      38.00943756545565
    ],
    [
      74.70476909793162,
      46.58535125211138
    ],
    [
      112.4716033792324,
      126.34540767643902
    ],
    [
      76.60251639923987,
      125.259096373831
    ],
    [
      89.2415676503926,
      125.54469821702844
    ],
    [
      79.2423835967857,
      71.55138649930404
    ],
    [
      65.8775572652905,
      43.47497728616413
    ],
    [
      125.17840793474161,
      114.76732840814691
    ],
    [
      86.06465890010804,
      109.40530136221398
    ],
    [
      81.20827101864862,
      115.49745112772325
    ],
    [
      80.67257533523653,
      38.32807837295133
    ],
    [
      59.44937790978407,
      32.027786644373
    ],
    [
      104.9011665963597,
      120.47948662006478
    ],
    [
      78.66650274418053,
      110.30207187161956
    ],
    [
      70.17892087873524,
      104.97910948879299
    ],
    [
      67.52110249115898,
      57.105352316014915
    ],
    [
      79.0681738568524,
      41.6153654264589
    ],
    [
      139.49741105889038,
      115.84251345449428
    ],
    [
      107.34299027920312,
      127.23923565125347
    ],
    [
      94.62071485257479,
      113.27138676720924
    ]
  ]
}