{
  "id": 85,
  "type": "line",
  "seed": 8505,
  "N": 30,
  "arena_size": 180,
  "enemy_positions": [
    [
      58.06586616852332,
      39.732932887159606
    ],
    [
      68.1582453480819,
      60.223077581371385
    ],
    [
      55.746514979649504,
      58.25752511993196
    ],
    [
      78.61788779618402,
      34.936428768783216
    ],
    [
      73.6667682333222,
      60.697604560349106
    ],
    [
      73.7510184763985,
      62.469641141166214
    ],
    [
      83.95203512039805,
      54.16199086762193
    ],
    [
      79.6491900603255,
      73.15538793197733
    ],
    [
      87.76658210985404,
      53.91302278772772
    ],
    [
      80.92016272270222,
      89.31763414238672
    ],
    [
      91.28897252578489,
      76.82791102931849
    ],
    [
      76.33352389934166,
      75.4764732491453
    ],
    [
      92.17245315070072,
      90.43414813462863
    ],
    [
      93.33220384661126,
      89.33236190406492
    ],
    [
      97.67099800575737,
      82.90349745105979
    ],
    [
      93.27445027012209,
      79.57294458118469
    ],
    [
      103.71376360628832,
      95.52607787306206
    ],
    [
      118.57231974704933,
      107.75099308794935
    ],
    [
      122.083688211087,
      98.9485150633456
    ],
    [
      117.91181892109381,
      101.57087211351708
    ],
    [
      111.48619982664377,
      116.31228623706929
    ],
    [
      127.76559655845486,
      109.4257624404663
    ],
    [
      117.80746238992934,
      119.7789893314648
    ],
    [
      122.81974921987778,
      109.82122331452663
    ],
    [
      135.80059094297476,
      117.0501440315911
    ],
    [
      128.08506087392968,
      116.46004605982449
    ],
    [
      146.6499926749683,
      133.09946067470764
    ],
    [
      154.06022451029415,
      127.41897133853472
    ],
    [
      143.69009949215842,
      135.04804994500768
    ],
    [
      148.74165072995532,
      141.9714821534588
    ]
  ]
}