{
  "id": 94,
  "type": "edge",
  "seed": 9404,
  "N": 30,
  "arena_size": 180,
  "enemy_positions": [
    [
      159.60178084573846,
      127.72429717019841
    ],
    [
      105.7771476294373,
      159.84887576094593
    ],
    [
      70.44266883617347,
      125.0959556302021
    ],
    [
      165.34232972263663,
      148.51420317325312
    ],
    [
      108.8753381671007,
      143.48596381309824
    ],
    [
      72.62273511113864,
      130.34807081606945
    ],
    [
      34.054622711195904,
      137.85779880568063
    ],
    [
      50.585664863495374,
      146.2649283471776
    ],
    [
      73.03436828286056,
      114.09227374042528
    ],
    [
      26.866695319305336,
      166.5974950280749
    ],
    [
      125.67581332663218,
      159.64532985475472
    ],
    [
      137.12835775922102,
      110.72810723078406
    ],
    [
      34.43849690890018,
      130.40155375388827
    ],
    [
      22.732937157276893,
      138.63382834647206
    ],
    [
      95.91598959578327,
      123.73375556199072
    ],
    [
      92.98558083485608,
      134.56868537383042
    ],
    [
      55.60209737711528,
      146.19117061257305
    ],
    [
      121.79402391265418,
      159.68468483501366
    ],
    [
      98.89947671466894,
      125.21726863987688
    ],
    [
      135.54550808213202,
      158.64965294567645
    ],
    [
      64.43266259697758,
      111.85079294609925
    ],
    [
      116.71338189583625,
      161.30362563921145
    ],
    [
      50.439417390116986,
      138.0911500364721
    ],
    [
      120.7121956263747,
      162.71067238402242
    ],
    [
      41.3997553885678,
      168.61251930783266
    ],
    [
      12.006434002950765,
      112.47888790204249
    ],
    [
      16.594847446521772,
      167.97399476851854
    ],
    [
      48.134723513386035,
      120.50599347517897
    ],
    [
      65.11412166336481,
      150.45164095480123
    ],
    [
      85.93614205329906,
      117.29559179850364
    ]
  ]
}