{
  "id": 33,
  "type": "clustered",
  "seed": 3303,
  "N": 30,
  "arena_size": 180,
  "enemy_positions": [
    [
      47.26649840957455,
      113.20192899820591
    ],
    [
      97.50465519420463,
      78.8177351715891
    ],
    [
      69.64501603507475,
      119.0356221949156
    ],
    [
      56.21553470921565,
      52.671382317967556
    ],
    [
      135.4758983002437,
      103.28835447939917
    ],
    [
      44.27738859857345,
      105.77109692496707
    ],
    [
      94.64878232058666,
      101.76800056811912
    ],
    [
      79.9862767262517,
      118.78084469275088
    ],
    [
      47.468107394947516,
      63.3394900793353
    ],
    [
      114.79452771709873,
      101.13948640476414
    ],
    [
      65.45846569880075,
      105.89059839374784
    ],
    [
      127.07400193020126,
      105.43302995461929
    ],
    [
      66.93204002980133,
      116.50868831536265
    ],
    [
      69.7702202663702,
      48.633058782331005
    ],
    [
      151.07306636862546,
      130.62216204047914
    ],
    [
      57.475259451261635,
      142.73241905361613
    ],
    [
      130.055876819194,
      75.00979073793714
    ],
    [
      71.09816557642091,
      110.70020304407105
    ],
    [
      39.865134729746394,
      69.13648121533744
    ],
    [
      136.24343004918342,
      100.29699012056749
    ],
    [
      52.694160114770334,
      112.06184037098384
    ],
    [
      96.28981330266747,
      100.27910707485235
    ],
    [
      31.508683882812633,
      144.016448822498
    ],
    [
      53.164087166517234,
      84.18695440428952
    ],
    [
      130.32769619663506,
      130.0017021154635
    ],
    [
      31.50972332907839,
      140.70426796228912
    ],
    [
      101.72427932536333,
      103.18150788594677
    ],
    [
      58.3992742448693,
      115.16304461381353
    ],
    [
      18.262164011608718,
      87.00020580314352
    ],
    [
      150.36551106542169,
      113.46722665197598
    ]
  ]
}