{
  "id": 16,
  "type": "random",
  "seed": 1616,
  "N": 30,
  "arena_size": 180,
  "enemy_positions": [
    [
      49.202157365779975,
      83.62880606169955
    ],
    [
      130.9867160309622,
      37.541415152905735
    ],
    [
      17.673971358980936,
      44.585938609745185
    ],
    [
      159.77714430450052,
      87.50723326772172
    ],
    [
      157.1347130230474,
      53.10355479248134
    ],
    [
      20.149630086325825,
      106.9315319943425
    ],
    [
      26.495094715246292,
      32.8001399897139
    ],
    [
      84.25397750557183,
      52.248393199508655
    ],
    [
      101.33455473886283,
      11.853625649049011
    ],
    [
      57.96021637473192,
      146.03378875893688
    ],
    [
      138.6340085333014,
      83.91880847661305
    ],
    [
      40.413040728541446,
      126.20900182046476
    ],
    [
      20.631365915595197,
      74.28107784763915
    ],
    [
      22.508763002842898,
      66.11201581204242
    ],
    [
      100.82322330687032,
      34.77901008097149
    ],
    [
      51.040423908583335,
      134.22535126777936
    ],
    [
      58.48969738099362,
      55.8438237192548
    ],
    [
      49.47988389497476,
      84.58261684199739
    ],
    [
      130.7129848548035,
      37.255215899823284
    ],
    [
      128.66043284230946,
      146.28032824545986
    ],
    [
      87.98970277169282,
      142.73774528366607
    ],
    [
      68.83453892812918,
      87.78828633691069
    ],
    [
      30.67686800212801,
      65.88625914787013
    ],
    [
      18.735298596506382,
      50.24417288071856
    ],
    [
      95.97442811389202,
      169.17946318006435
    ],
    [
      150.87644360032564,
      84.06771060882328
    ],
    [
      102.62947769288812,
      158.1718943683152
    ],
    [
      55.417757501162335,
      10.804189924456828
    ],
    [
      86.73220035585538,
      29.119009227052697
    ],
    [
      12.948145793761316,
      145.8703403743631
    ]
  ]
}