{
  "id": 0,
  "type": "random",
  "seed": 0,
  "N": 30,
  "arena_size": 180,
  "enemy_positions": [
    [
      97.81016062837196,
      124.43029861958712
    ],
    [
      106.44214017146302,
      97.1813092795035
    ],
    [
      77.78476789422476,
      113.34305809066498
    ],
    [
      80.0139538020308,
      152.68368012513275
    ],
    [
      164.1860416801647,
      71.35064301212444
    ],
    [
      136.67600609322633,
      94.62318716046471
    ],
    [
      100.88712977502917,
      158.09546212682577
    ],
    [
      21.36576931166191,
      23.940687952246513
    ],
    [
      13.234943590452115,
      143.21917528767008
    ],
    [
      134.50508015197607,
      149.20194371949106
    ],
    [
      166.57893475724225,
      137.86537027467577
    ],
    [
      83.8366979604691,
      134.88466820583287
    ],
    [
      28.923908139029315,
      112.38736341240381
    ],
    [
      32.936525985447425,
      161.14702672793342
    ],
    [
      93.49573148001147,
      76.34591039848377
    ],
    [
      52.32889793674032,
      133.87739030947466
    ],
    [
      82.98405315464777,
      100.94943181898375
    ],
    [
      13.006368069816823,
      108.82167953214034
    ],
    [
      107.93531563558743,
      108.7094394999611
    ],
    [
      160.99969256233987,
      119.09124785655735
    ],
    [
      67.52126409180576,
      79.92511260789463
    ],
    [
      121.62099134836238,
      19.636075460683173
    ],
    [
      116.68267447130683,
      117.3020591389055
    ],
    [
      43.66120977181454,
      30.62820762477653
    ],
    [
      60.468536147869415,
      68.19372335081962
    ],
    [
      101.23148326686075,
      80.17624215397126
    ],
    [
      168.1398140894762,
      26.32716971968449
    ],
    [
      43.420280975173554,
      35.809522861599405
    ],
    [
      114.49733207446374,
      50.526656406365134
    ],
    [
      84.609723657009,
      49.10809472025644
    ]
  ]
}