{
  "id": 43,
  "type": "clustered",
  "seed": 4313,
  "N": 30,
  "arena_size": 180,
  "enemy_positions": [
    [
      120.79096653306463,
      47.869597356280764
    ],
    [
      67.59843315059393,
      89.09952034514657
    ],
    [
      125.86827667237262,
      90.05599448650958
    ],
    [
      72.68099462313099,
      87.7900573517395
    ],
    [
      41.99539778130174,
      101.94529454188023
    ],
    [
      96.67350416621572,
      39.31057417860172
    ],
    [
      89.47860600682436,
      70.57655298292647
    ],
    [
      117.91982260872821,
      53.20362911279997
    ],
    [
      43.74745420006592,
      79.18811452920318
    ],
    [
      57.87376338372519,
      98.36232175186599
    ],
    [
      116.36921408654193,
      24.208415837837087
    ],
    [
      74.1069857764839,
      69.1483885554918
    ],
    [
      155.48381315499086,
      25.413543096484567
    ],
    [
      59.91353610898531,
      122.26289910145428
    ],
    [
      20.28162662762565,
      69.77519757181017
    ],
    [
      130.35148623726255,
      43.923802717257615
    ],
    [
      64.15010566960302,
      82.74168821645357
    ],
    [
      122.12606906608488,
      37.184187560246755
    ],
    [
      52.32670513528512,
      118.58250700777089
    ],
    [
      34.91457134155552,
      76.33515727872441
    ],
    [
      121.62270534315039,
      40.63504819951521
    ],
    [
      69.48583710739489,
      88.33776075625852
    ],
    [
      153.20658549446597,
      42.93813306700774
    ],
    [
      29.080787018952503,
      89.55408623563544
    ],
    [
      29.97392179430072,
      82.29429007549622
    ],
    [
      140.31092758703147,
      53.205375061987766
    ],
    [
      89.6706371559951,
      74.79406320924616
    ],
    [
      123.46399812635994,
      59.27310722039146
    ],
    [
      36.68983784738068,
      88.22577610250747
    ],
    [
      46.46490493401085,
      95.58327844623626
    ]
  ]
}