{
  "id": 81,
  "type": "line",
  "seed": 8101,
  "N": 30,
  "arena_size": 180,
  "enemy_positions": [
    [
      47.83578690642356,
      28.59399539182514
    ],
    [
      50.94163678056978,
      28.634276097743985
    ],
    [
      48.033838470113,
      40.95060594435355
    ],
    [
      66.36945991748861,
      41.647118907723396
    ],
    [
      50.995148431221224,
      33.28893204604675
    ],
    [
      59.965977350729226,
      51.51438107506189
    ],
    [
      66.34776315454074,
      70.69946635069583
    ],
    [
      80.39232809094783,
      63.13340980301453
    ],
    [
      76.44590233290243,
      64.0984815324936
    ],
    [
      53.94297301258224,
      64.78899054419159
    ],
    [
      86.28511363430097,
      66.8366018537128
    ],
    [
      76.59482876130794,
      82.52661623789785
    ],
    [
      83.96676457174954,
      84.01031879832902
    ],
    [
      86.20972009954873,
      74.72977566598088
    ],
    [
      75.97407660385633,
      91.39007191060985
    ],
    [
      101.11292861459438,
      98.68485808171806
    ],
    [
      95.83288415145213,
      81.94353539601752
    ],
    [
      115.467985440037,
      93.338535385526
    ],
    [
      101.83794059016297,
      99.68304416569889
    ],
    [
      117.08592853617887,
      109.78727822644369
    ],
    [
      106.37609414404322,
      92.53271948835732
    ],
    [
      108.69346889055802,
      114.76851046123394
    ],
    [
      119.34203828838956,
      99.34600281449276
    ],
    [
      124.77940683890623,
      115.05248826636625
    ],
    [
      108.94547792969334,
      119.76081251731617
    ],
    [
      147.11821202729487,
      122.32320892185267
    ],
    [
      134.4794139528288,
      127.28852407232833
    ],
    [
      152.4501607748135,
      130.22394358754542
    ],
    [
      142.8486277524002,
      129.20795626730683
    ],
    [
      143.5880256293833,
      133.563485059109
    ]
  ]
}