{
  "id": 4,
  "type": "random",
  "seed": 404,
  "N": 30,
  "arena_size": 180,
  "enemy_positions": [
    [
      117.01201370098877,
      66.1138104591524
    ],
    [
      152.89691816334366,
      54.48564888697014
    ],
    [
      18.39792705034201,
      156.8626204226904
    ],
    [
      85.54592847262407,
      10.999560191840914
    ],
    [
      88.08101591904104,
      144.58027132087636
    ],
    [
      133.19253399653212,
      65.4740440372594
    ],
    [
      67.4299393725836,
      126.36563840506068
    ],
    [
      115.95819191097021,
      106.14397984333131
    ],
    [
      125.887975445764,
      121.93491947542178
    ],
    [
      12.795170703820418,
      121.74219644857486
    ],
    [
      56.98425588166419,
      167.5462052327671
    ],
    [
      148.766175847629,
      128.61405598638908
    ],
    [
      66.7213856440628,
      57.3372963383774
    ],
    [
      14.059229352509437,
      35.61932739691558
    ],
    [
      141.06116064717438,
      34.24497592188722
    ],
    [
      126.14421898651607,
      11.571447446235599
    ],
    [
      122.22917682029012,
      46.69001814962124
    ],
    [
      168.24274876122814,
      103.04712279076438
    ],
    [
      130.8857669351053,
      16.110629501134284
    ],
    [
      48.985150442240965,
      29.498627323245827
    ],
    [
      94.05632592129311,
      165.26583818478062
    ],
    [
      20.13364874791357,
      67.52121723827668
    ],
    [
      56.765551503727124,
      154.92822447518364
    ],
    [
      163.3259567851592,
      63.80357259909324
    ],
    [
      84.65448883600466,
      125.6944351636782
    ],
    [
      128.3680034677379,
      120.98936445249223
    ],
    [
      66.10489492504122,
      18.143987932673333
    ],
    [
      107.03550148407783,
      115.2291530498855
    ],
    [
      169.98749543572075,
      40.05357558223602
    ],
    [
      146.8419699236996,
      46.36508172910291
    ]
  ]
}