{
  "id": 49,
  "type": "clustered",
  "seed": 4919,
  "N": 30,
  "arena_size": 180,
  "enemy_positions": [
    [
      74.03672702865235,
      28.30381639794948
    ],
    [
      70.8439370693734,
      90.5519411033753
    ],
    [
      71.32564074791763,
      142.24755173560612
    ],
    [
      72.10381471140984,
      76.79872360457318
    ],
    [
      138.93139110608536,
      43.37824760751781
    ],
    [
      77.54479859992593,
      49.026633831806045
    ],
    [
      106.65519996810264,
      102.01380567114992
    ],
    [
      53.11189708575358,
      148.98068678189097
    ],
    [
      100.39478333162533,
      60.074077252158546
    ],
    [
      172.46053755919024,
      55.66968348581658
    ],
    [
      75.45711894138444,
      70.94766058822704
    ],
    [
      86.3889745449886,
      88.4284555827876
    ],
    [
      62.30263893322988,
      129.55686060938064
    ],
    [
      90.76012591529903,
      52.36730716752449
    ],
    [
      143.25412911636838,
      54.78160865732896
    ],
    [
      73.40688459157576,
      56.07852822347831
    ],
    [
      97.8332528245991,
      99.9621416614289
    ],
    [
      61.91025788598051,
      150.32397498945545
    ],
    [
      106.33645462403314,
      62.287317412164995
    ],
    [
      153.20160496203383,
      53.10248760721134
    ],
    [
      84.14019382523576,
      86.67159877261668
    ],
    [
      106.93989134169205,
      73.00044545946768
    ],
    [
      60.14910282584927,
      133.24251475337445
    ],
    [
      105.52782138582805,
      57.95086850528303
    ],
    [
      158.22986974660478,
      54.56406660892642
    ],
    [
      58.89968638782616,
      22.668255704700265
    ],
    [
      82.37572867830556,
      97.61454374248815
    ],
    [
      43.890380719426815,
      150.50096174619756
    ],
    [
      93.27086068695877,
      32.21054573087386
    ],
    [
      156.09328366396787,
      47.59962130383553
    ]
  ]
}