{
  "id": 22,
  "type": "random",
  "seed": 2222,
  "N": 30,
  "arena_size": 180,
  "enemy_positions": [
    [
      126.35202874284462,
      56.237677676493014
    ],
    [
      145.9341294907809,
      126.3297291589386
    ],
    [
      43.51031144163643,
      110.85042825504424
    ],
    [
      150.56558149735713,
      147.17370229521828
    ],
    [
      168.7193286328721,
      51.3520242226382
    ],
    [
      16.14757117749802,
      71.77578623711884
    ],
    [
      114.97171669159636,
      136.49487703212327
    ],
    [
      73.94077653428613,
      125.56802814701129
    ],
    [
      15.827994882307035,
      85.21428208836596
    ],
    [
      162.48973992938662,
      154.83920955185863
    ],
    [
      69.14083226880325,
      143.49263550860536
    ],
    [
      56.28291023402119,
      97.20950008808941
    ],
    [
      106.83161851004226,
      78.72624064377483
    ],
    [
      118.13269700696719,
      169.87083847567146
    ],
    [
      38.16647728579916,
      132.80789895598417
    ],
    [
      121.7981354172911,
      145.3285440154548
    ],
    [
      126.7140776917658,
      133.34550663279865
    ],
    [
      163.43003597046217,
      93.30431546605823
    ],
    [
      91.64166679226568,
      126.07921008544591
    ],
    [
      32.004355622440514,
      80.7853350482471
    ],
    [
      14.074011081331701,
      128.7487409408332
    ],
    [
      77.30374430634627,
      62.92645414964081
    ],
    [
      83.66447256449034,
      122.74275062356281
    ],
    [
      68.57551107531862,
      31.131571898849728
    ],
    [
      28.278659439611697,
      121.59656460933513
    ],
    [
      82.13478921495948,
      81.1675436531701
    ],
    [
      49.49926598355306,
      135.22918669712118
    ],
    [
      108.51780383746727,
      106.03658708660717
    ],
    [
      78.4240165335971,
      102.81517627964408
    ],
    [
      78.49050502803841,
      117.41387957039271
    ]
  ]
}