{
  "id": 93,
  "type": "edge",
  "seed": 9303,
  "N": 30,
  "arena_size": 180,
  "enemy_positions": [
    [
      45.93264895199208,
      55.724952840289156
    ],
    [
      59.3409750141404,
      42.758005885485915
    ],
    [
      22.860889022917057,
      23.93921266172806
    ],
    [
      57.59707348309378,
      47.796093036693954
    ],
    [
      12.22988596241074,
      45.567950509440294
    ],
    [
      50.02909291672908,
      31.34418650873868
    ],
    [
      55.679448413227234,
      21.07933293666405
    ],
    [
      47.593920836519466,
      46.65147045067209
    ],
    [
      54.307647149911524,
      46.92025291240087
    ],
    [
      57.396859537292144,
      46.081089655141575
    ],
    [
      12.291130080812515,
      10.764243035086558
    ],
    [
      46.97247564908653,
      47.90906565979779
    ],
    [
      55.577889133805456,
      38.170614242129545
    ],
    [
      42.61909206792494,
      33.17836029842091
    ],
    [
      42.90364776870604,
      14.15727806686918
    ],
    [
      130.90803207525659,
      128.83077162818614
    ],
    [
      127.47152740560293,
      156.6814054363554
    ],
    [
      122.31845229559596,
      169.58630328309826
    ],
    [
      139.0178703940853,
      132.93150607921106
    ],
    [
      169.42482576440784,
      127.19408347920296
    ],
    [
      138.18024095051084,
      138.83733692542054
    ],
    [
      160.58214056625883,
      150.52675429767618
    ],
    [
      128.86805440803158,
      153.17891176330474
    ],
    [
      158.93091818022964,
      169.5208719485694
    ],
    [
      120.37441610464212,
      122.96065437793898
    ],
    [
      123.28508165642796,
      140.62592808638462
    ],
    [
      147.65762616414983,
      154.69615809446572
    ],
    [
      168.51264892225652,
      156.15557910314755
    ],
    [
      136.34200127587127,
      150.85964177424944
    ],
    [
      127.39847056701738,
      135.11973070228845
    ]
  ]
}