{
  "id": 41,
  "type": "clustered",
  "seed": 4111,
  "N": 30,
  "arena_size": 180,
  "enemy_positions": [
    [
      106.8226574510218,
      124.86277167613073
    ],
    [
      140.72517987716375,
      45.880521031045824
    ],
    [
      34.47495349699413,
      113.69702325917108
    ],
    [
      111.52880854235258,
      28.531312972463674
    ],
    [
      141.04373715710054,
      100.08773759575679
    ],
    [
      121.22406092039293,
      120.38003251134181
    ],
    [
      141.9990860021673,
      66.31745218670653
    ],
    [
      52.41318574026579,
      113.05208083488056
    ],
    [
      135.09380179683347,
      47.662036386115204
    ],
    [
      124.20698672834156,
      80.84615133975895
    ],
    [
      97.57656216641384,
      123.8338180842386
    ],
    [
      134.87884873260109,
      31.825987300219442
    ],
    [
      34.523605146553315,
      82.75309984483651
    ],
    [
      109.80886486949554,
      44.163270606296535
    ],
    [
      142.91325975041627,
      97.11370270537009
    ],
    [
      111.32058133012863,
      143.65584280224067
    ],
    [
      150.6553847222578,
      48.41187453001522
    ],
    [
      44.01016417132837,
      92.74314005687438
    ],
    [
      102.90195163849502,
      42.941911518828434
    ],
    [
      117.56353744113835,
      80.41390810372828
    ],
    [
      130.13606727670944,
      109.31179109619892
    ],
    [
      146.90034167810882,
      52.226588549654934
    ],
    [
      40.85117523341016,
      129.68878087522404
    ],
    [
      102.01267143601439,
      42.78989762931625
    ],
    [
      125.7707335750821,
      105.14073164299501
    ],
    [
      150.9094269294294,
      118.03933475647565
    ],
    [
      134.87833430208033,
      36.38293628082649
    ],
    [
      43.255556358238394,
      79.15694029602369
    ],
    [
      90.39144360608346,
      38.7875272591046
    ],
    [
      129.40045341633106,
      84.8610178293739
    ]
  ]
}