{
  "id": 71,
  "type": "grid",
  "seed": 7111,
  "N": 30,
  "arena_size": 180,
  "enemy_positions": [
    [
      68.58007536184303,
      5.0
    ],
    [
      66.99797272248907,
      9.07818232830138
    ],
    [
      36.67659129344247,
      35.87567865401492
    ],
    [
      35.74695709852397,
      54.84472493773048
    ],
    [
      26.00770360190583,
      73.16858094539866
    ],
    [
      6.0869905784368115,
      90.51293325765397
    ],
    [
      79.97938928580768,
      5.0
    ],
    [
      76.59127120143704,
      29.74256107849316
    ],
    [
      68.01318750691618,
      45.64378203219711
    ],
    [
      52.34100935404273,
      55.400509323059865
    ],
    [
      40.717301556059915,
      89.83410774481399
    ],
    [
      25.257414298946287,
      107.98513012838897
    ],
    [
      99.70138488741551,
      22.85830408929948
    ],
    [
      86.58584071959407,
      52.534904625036916
    ],
    [
      84.17615765422339,
      70.3435659784312
    ],
    [
      66.99335905408398,
      81.47162091944011
    ],
    [
      57.42079486568777,
      99.56297791731586
    ],
    [
      45.6413402175985,
      114.57111200222657
    ],
    [
      123.13505430307697,
      24.66907242082803
    ],
    [
      119.84025791836626,
      66.03123830190313
    ],
    [
      104.95082137961403,
      75.03098421676619
    ],
    [
      102.26188271218636,
      87.01196147600149
    ],
    [
      77.70081850086291,
      113.84888955210874
    ],
    [
      64.59693529562941,
      127.16025117642394
    ],
    [
      149.03207093307998,
      45.34940765671814
    ],
    [
      134.90316679055724,
      74.8835612399422
    ],
    [
      114.55110388229986,
      91.01629872822853
    ],
    [
      112.40600863869216,
      105.80294842679304
    ],
    [
      98.94055921529744,
      112.19662291987684
    ],
    [
      84.09055735864487,
      139.42959446325736
    ]
  ]
}