{
  "id": 30,
  "type": "clustered",
  "seed": 3000,
  "N": 30,
  "arena_size": 180,
  "enemy_positions": [
    [
      126.47688166784076,
      85.66785396018535
    ],
    [
      112.17903607061191,
      61.58442011703503
    ],
    [
      76.30350911108172,
      94.64935175596125
    ],
    [
      150.80456901255474,
      66.90611374580608
    ],
    [
      130.85843217488656,
      64.08555573602959
    ],
    [
      110.36050867105453,
      113.22405001793666
    ],
    [
      116.43956346099725,
      93.55693073884964
    ],
    [
      81.11785628681261,
      126.96153119502142
    ],
    [
      116.58183528154053,
      26.755038462834452
    ],
    [
      114.2069933980039,
      74.69561745945978
    ],
    [
      88.13380336963567,
      88.85712828683754
    ],
    [
      115.1256340433002,
      74.26208968653647
    ],
    [
      77.69857956698513,
      97.62431936650749
    ],
    [
      113.104571238076,
      70.0882856191574
    ],
    [
      101.35080791747795,
      89.60729910996979
    ],
    [
      113.95724765140892,
      112.41940234263294
    ],
    [
      82.36576181518618,
      61.63384703603466
    ],
    [
      74.69063574187231,
      131.20866359046008
    ],
    [
      135.28587937143797,
      22.406387376150857
    ],
    [
      119.26776948789717,
      100.38081736919752
    ],
    [
      76.27043316730197,
      106.74734902785634
    ],
    [
      114.87441646173927,
      75.30293188436876
    ],
    [
      101.62650476470876,
      133.01392826689542
    ],
    [
      105.5361919188658,
      41.34943119108117
    ],
    [
      97.35570231259413,
      81.68268643871461
    ],
    [
      100.74221271604063,
      85.88991603538193
    ],
    [
      108.5949592657908,
      92.79210491545302
    ],
    [
      85.15578496801591,
      127.31210015165432
    ],
    [
      125.61325749417169,
      40.20328657484896
    ],
    [
      77.98860706325131,
      95.36958983172103
    ]
  ]
}