{
  "id": 2,
  "type": "random",
  "seed": 202,
  "N": 30,
  "arena_size": 180,
  "enemy_positions": [
    [
      45.872988798340266,
      52.24868975926155
    ],
    [
      166.37778445006117,
      168.86997866130264
    ],
    [
      169.19873630941512,
      101.43608607534985
    ],
    [
      105.93711986967966,
      28.29201267940622
    ],
    [
      139.603797087792,
      47.09825681893905
    ],
    [
      168.56696754420747,
      98.42113968445915
    ],
    [
      80.20292675041647,
      23.918910944493756
    ],
    [
      80.13805521758208,
      149.65507921769623
    ],
    [
      75.79559193863274,
      128.9224392078093
    ],
    [
      44.9352475667156,
      149.3806501103505
    ],
    [
      98.4187101532858,
      40.989279717816096
    ],
    [
      79.08607782218138,
      130.70529323734198
    ],
    [
      84.33936156107107,
      55.314106613722856
    ],
    [
      151.15334775843397,
      65.00589183015863
    ],
    [
      156.78949776502682,
      139.02632964736284
    ],
    [
      71.86357049938111,
      37.029628335022906
    ],
    [
      38.30103482522631,
      14.504035095764145
    ],
    [
      16.040756411031136,
      61.76884389678192
    ],
    [
      26.167024075776997,
      94.73369322672134
    ],
    [
      75.47053354899882,
      21.916176847001037
    ],
    [
      89.36261566290091,
      114.79534291274904
    ],
    [
      67.57491329850072,
      42.625598461022065
    ],
    [
      136.75213829636505,
      116.04623246750651
    ],
    [
      151.70857485766035,
      143.07985689945772
    ],
    [
      154.86190958867527,
      98.15517895500044
    ],
    [
      47.00151932136313,
      161.32927439307656
    ],
    [
      54.09600974195591,
      64.64657339256232
    ],
    [
      54.458176742553945,
      149.8906170246966
    ],
    [
      55.98600620259074,
      19.234378354086328
    ],
    [
      38.02177627495748,
      58.83822745236236
    ]
  ]
}