{
  "id": 20,
  "type": "random",
  "seed": 2020,
  "N": 30,
  "arena_size": 180,
  "enemy_positions": [
    [
      167.80429261785582,
      149.74271133130475
    ],
    [
      91.55928399545304,
      53.49371428513212
    ],
    [
      63.90699643935417,
      44.712682402707884
    ],
    [
      54.23634290460793,
      64.93049484471321
    ],
    [
      147.94542967357646,
      35.07194720151817
    ],
    [
      32.541959176386456,
      131.13284490251013
    ],
    [
      127.81198690457731,
      66.90609466172506
    ],
    [
      64.57488264182017,
      116.68848808853224
    ],
    [
      44.73610220065504,
      99.82831718926997
    ],
    [
      29.868604436116755,
      61.157837512564456
    ],
    [
      162.51421970731758,
      31.977086527644865
    ],
    [
      101.10609550085292,
      166.10647726771296
    ],
    [
      90.5387297536445,
      116.82627298369695
    ],
    [
      15.47063968230244,
      82.97909860966875
    ],
    [
      34.93621804512949,
      86.16783463981919
    ],
    [
      37.1523901443871,
      153.40133395842736
    ],
    [
      69.7430012274566,
      70.75086887596028
    ],
    [
      147.33065406686427,
      113.36976878156115
    ],
    [
      103.3538716371915,
      116.93600429421363
    ],
    [
      38.44681923034889,
      145.87968269085806
    ],
    [
      80.7796130957548,
      143.03483356342852
    ],
    [
      132.2273146062633,
      157.15055625119388
    ],
    [
      21.291748337691647,
      34.98646663031295
    ],
    [
      111.9030771145296,
      98.91130998899973
    ],
    [
      40.70859413633844,
      78.10495722452478
    ],
    [
      92.14723325437446,
      53.100413716837934
    ],
    [
      105.84320299045045,
      45.2278312210759
    ],
    [
      58.13799910929532,
      17.743117449986308
    ],
    [
      100.2912094039313,
      159.76515277951353
    ],
    [
      138.48442274895683,
      121.56882389534893
    ]
  ]
}