{
  "id": 10,
  "type": "random",
  "seed": 1010,
  "N": 30,
  "arena_size": 180,
  "enemy_positions": [
    [
      73.08103777875252,
      38.094795512124335
    ],
    [
      21.632937658659426,
      40.70093884919359
    ],
    [
      73.96868934567232,
      76.89973306774435
    ],
    [
      132.01313648347048,
      93.42558461148761
    ],
    [
      75.7413144402253,
      95.99108290443021
    ],
    [
      53.28997019927533,
      79.3322594511706
    ],
    [
      142.36260611510923,
      53.496514821275326
    ],
    [
      126.38205008821016,
      26.038444231416804
    ],
    [
      89.64576506672636,
      102.85053660971
    ],
    [
      102.26793206999558,
      43.12625336947475
    ],
    [
      57.38452024389923,
      153.57801474967954
    ],
    [
      47.1690730303893,
      122.71537012463892
    ],
    [
      75.43901596774695,
      149.30888952900256
    ],
    [
      93.67510353461903,
      77.46113798380358
    ],
    [
      77.45233793013003,
      61.4113698881753
    ],
    [
      133.14062176237965,
      165.84138050626413
    ],
    [
      65.38547574591985,
      32.75962984162739
    ],
    [
      149.22584668626186,
      139.28354351434302
    ],
    [
      26.46322917892567,
      128.26807267281993
    ],
    [
      57.914362233110936,
      137.83319245091292
    ],
    [
      69.86069472933073,
      44.531991993101926
    ],
    [
      65.55278178540294,
      165.48306433330504
    ],
    [
      80.31941840519838,
      44.19199977949436
    ],
    [
      140.53038136101276,
      52.93597537686075
    ],
    [
      52.65014875548825,
      68.42599867881104
    ],
    [
      165.17456188175788,
      82.95747204626169
    ],
    [
      35.06673157036278,
      28.889324550442943
    ],
    [
      116.2378699222252,
      80.68823708156984
    ],
    [
      60.462285073546326,
      91.88122730252095
    ],
    [
      118.41224995163276,
      95.69108966717707
    ]
  ]
}