{
  "id": 36,
  "type": "clustered",
  "seed": 3606,
  "N": 30,
  "arena_size": 180,
  "enemy_positions": [
    [
      45.341452149377844,
      63.09221621892025
    ],
    [
      111.14999793133924,
      152.58415809049345
    ],
    [
      43.79715586298301,
      97.33108420198573
    ],
    [
      13.468017714356787,
      108.06542243183208
    ],
    [
      136.42199179131268,
      100.74850520118831
    ],
    [
      90.16843889857154,
      99.14601120912012
    ],
    [
      138.16289496141056,
      150.40315871799302
    ],
    [
      28.734622910680926,
      101.02575291221595
    ],
    [
      50.848940203551905,
      138.5341833378469
    ],
    [
      128.78005712935064,
      76.824888460125
    ],
    [
      63.535440439037394,
      73.71293716582599
    ],
    [
      111.15865788522486,
      118.31707848495752
    ],
    [
      36.41760865659981,
      97.34782369571919
    ],
    [
      38.37504314805642,
      136.29898953689042
    ],
    [
      120.404697326779,
      92.69210244553089
    ],
    [
      79.89569233184602,
      91.70171865334936
    ],
    [
      126.37755308715576,
      110.23379232620647
    ],
    [
      40.44518739647252,
      107.48528918940751
    ],
    [
      36.46358687563464,
      141.2225825378518
    ],
    [
      133.70169617278697,
      76.50424574989823
    ],
    [
      36.118523868348774,
      87.52693000870593
    ],
    [
      134.50802437858903,
      112.03396584040809
    ],
    [
      42.585515995806475,
      97.23217641312873
    ],
    [
      38.33043215900882,
      143.3767555308263
    ],
    [
      135.22045546550348,
      80.53573879092143
    ],
    [
      83.49682348343778,
      81.68804099566842
    ],
    [
      140.23019858567932,
      139.18113118264188
    ],
    [
      53.13633112381095,
      92.03230383072383
    ],
    [
      28.29163277452832,
      106.55812036395133
    ],
    [
      108.38799207757363,
      105.44325471953712
    ]
  ]
}