{
  "id": 51,
  "type": "clustered",
  "seed": 5121,
  "N": 30,
  "arena_size": 180,
  "enemy_positions": [
    [
      131.44615296590325,
      104.0301681361531
    ],
    [
      86.03119852221886,
      94.65958922320205
    ],
    [
      103.35916772239533,
      100.99592165576405
    ],
    [
      42.3238477229012,
      27.845616944068595
    ],
    [
      111.95395573600676,
      6.391912347666956
    ],
    [
      149.04016667242104,
      121.8478765040557
    ],
    [
      72.7577691034592,
      88.87603935828857
    ],
    [
      54.4610417004119,
      76.39476151754356
    ],
    [
      68.08961357848487,
      9.294898928779553
    ],
    [
      106.9296341382045,
      23.767673226863863
    ],
    [
      130.54856457413686,
      74.03374480419795
    ],
    [
      28.527820437674944,
      97.38866955957882
    ],
    [
      60.53666615282425,
      65.58143847744996
    ],
    [
      62.320184722741644,
      48.011166090177795
    ],
    [
      104.05727027564515,
      42.94849030053686
    ],
    [
      134.7723012672002,
      119.1706659904855
    ],
    [
      69.91856599862584,
      112.26391470259831
    ],
    [
      59.759478462943655,
      61.10614264932022
    ],
    [
      73.04888931683023,
      72.38394247588545
    ],
    [
      134.30972489989796,
      24.457729754478446
    ],
    [
      119.89960879457831,
      67.11474677430465
    ],
    [
      58.91133705158626,
      80.64222372173948
    ],
    [
      67.74096590736467,
      74.39530553303436
    ],
    [
      56.28023187818647,
      49.95736901136046
    ],
    [
      119.09497749498004,
      27.835790771700804
    ],
    [
      145.8157962681805,
      113.38843286191069
    ],
    [
      54.348322212111256,
      114.29041144274754
    ],
    [
      65.25353011870037,
      79.42792058602991
    ],
    [
      41.40189651787563,
      41.5423566534435
    ],
    [
      117.89143873891864,
      19.805928738523292
    ]
  ]
}