{
  "id": 48,
  "type": "clustered",
  "seed": 4818,
  "N": 30,
  "arena_size": 180,
  "enemy_positions": [
    [
      86.5555189218891,
      147.75388680406175
    ],
    [
      62.72261305704566,
      136.80435676483265
    ],
    [
      114.270711427979,
      102.34132570679637
    ],
    [
      175.0,
      88.81411704132904
    ],
    [
      90.49468789036904,
      45.698592113314064
    ],
    [
      89.83744070583982,
      121.32873688736072
    ],
    [
      41.78880529963656,
      101.1602434358943
    ],
    [
      105.8850785913336,
      94.90987042286585
    ],
    [
      132.71312995850803,
      71.57442621742696
    ],
    [
      77.61496078753545,
      47.38680550027898
    ],
    [
      106.57577396367255,
      147.94333446549422
    ],
    [
      29.48554833361054,
      107.79707262401192
    ],
    [
      105.16447264154822,
      131.53129751471104
    ],
    [
      158.6684743354612,
      52.5090470374913
    ],
    [
      53.06747540289065,
      48.488250339278636
    ],
    [
      101.53114337108731,
      110.91486235571068
    ],
    [
      17.645782152569687,
      135.1341436229106
    ],
    [
      83.4337872783157,
      130.67490437682596
    ],
    [
      147.02979706698466,
      87.0199610655493
    ],
    [
      84.56082593240893,
      42.63314963237566
    ],
    [
      89.04479717597178,
      128.667695392996
    ],
    [
      36.668748569904416,
      128.0497771452695
    ],
    [
      103.3070914368528,
      117.88644477191899
    ],
    [
      125.0304939546404,
      58.35172756577978
    ],
    [
      68.0075379292726,
      63.69412441597592
    ],
    [
      70.3183700362026,
      162.49379028528628
    ],
    [
      5.0,
      169.62016497967227
    ],
    [
      78.93524671220325,
      125.24756626691945
    ],
    [
      149.101079019301,
      40.3330197657657
    ],
    [
      90.63220726033708,
      46.15609600927414
    ]
  ]
}