{
  "id": 6,
  "type": "random",
  "seed": 606,
  "N": 30,
  "arena_size": 180,
  "enemy_positions": [
    [
      48.14131329112673,
      132.95760815667728
    ],
    [
      99.90483246601175,
      95.3936129857098
    ],
    [
      144.32318226591008,
      117.5157612966031
    ],
    [
      166.0222378523848,
      148.6516402458803
    ],
    [
      12.569792619681763,
      47.52976894317225
    ],
    [
      127.950611570593,
      81.88284148471675
    ],
    [
      94.85483412218692,
      44.43630032090843
    ],
    [
      71.47399289320256,
      59.6091856804108
    ],
    [
      103.78059126195095,
      145.3920382387148
    ],
    [
      49.1402286017323,
      44.08257475942919
    ],
    [
      97.28338270742461,
      49.90879173902948
    ],
    [
      162.20109158182555,
      163.35708334160657
    ],
    [
      68.65943206651103,
      92.55939905238702
    ],
    [
      39.527684843833235,
      139.4662729643117
    ],
    [
      84.5707778161196,
      76.08849144566267
    ],
    [
      60.53067357750918,
      74.39768693478788
    ],
    [
      93.94547431021712,
      63.0224530448868
    ],
    [
      73.81395797776493,
      112.27292144550287
    ],
    [
      137.08943261916585,
      130.22689216896555
    ],
    [
      43.719024677433524,
      133.47491228366022
    ],
    [
      42.80901602134666,
      129.66548417588697
    ],
    [
      160.91931217879892,
      154.92054812295277
    ],
    [
      147.41783097778435,
      43.335941103943725
    ],
    [
      137.13693218890842,
      99.02204794990269
    ],
    [
      48.64056184360487,
      33.63691686716314
    ],
    [
      128.70997787073225,
      168.33298537960806
    ],
    [
      37.39927937199095,
      115.52767278955356
    ],
    [
      17.501083445497443,
      106.69872057741465
    ],
    [
      161.55431093066795,
      112.0384415668
    ],
    [
      137.6693270808138,
      86.41606551180942
    ]
  ]
}