{
  "id": 96,
  "type": "edge",
  "seed": 9606,
  "N": 30,
  "arena_size": 180,
  "enemy_positions": [
    [
      48.20237522422985,
      5.0
    ],
    [
      27.09830461148293,
      139.84609052332232
    ],
    [
      5.0,
      156.69669943435585
    ],
    [
      175.0,
      146.7607792997756
    ],
    [
      5.0,
      43.498454451848865
    ],
    [
      11.373503371408162,
      23.425131935526636
    ],
    [
      144.23944620720644,
      27.052214456871965
    ],
    [
      136.3302758741395,
      66.89018220601196
    ],
    [
      5.0,
      9.689425012744769
    ],
    [
      49.13321146331246,
      41.196432439208955
    ],
    [
      163.11011028676802,
      16.552028578268473
    ],
    [
      130.20704747802927,
      8.849670324127732
    ],
    [
      175.0,
      173.6786182795393
    ],
    [
      142.3778396144009,
      153.46175806212608
    ],
    [
      5.0,
      173.92900321409755
    ],
    [
      12.967711053333097,
      122.11941259901742
    ],
    [
      148.19628504206764,
      5.0
    ],
    [
      155.5253910000181,
      144.93716846211674
    ],
    [
      5.0,
      79.77472238116457
    ],
    [
      39.91619334144198,
      21.843869595728307
    ],
    [
      175.0,
      127.36847083060081
    ],
    [
      49.79367821038838,
      8.261182518585679
    ],
    [
      5.652661097240996,
      24.56038018830312
    ],
    [
      165.0346530587574,
      5.0
    ],
    [
      8.027258655195705,
      131.85156094530024
    ],
    [
      104.56986773521061,
      172.92164810005778
    ],
    [
      175.0,
      141.49328915444949
    ],
    [
      51.02743962989338,
      28.666107754619546
    ],
    [
      27.949625343964186,
      175.0
    ],
    [
      54.74201811287723,
      5.0
    ]
  ]
}