{
  "id": 37,
  "type": "clustered",
  "seed": 3707,
  "N": 30,
  "arena_size": 180,
  "enemy_positions": [
    [
      151.29552203794017,
      118.55180402568448
    ],
    [
      101.0585620620117,
      75.63136181720157
    ],
    [
      149.78402700663878,
      96.94905832911948
    ],
    [
      96.36090830565931,
      77.85760072857943
    ],
    [
      76.07207923969621,
      28.96716515101782
    ],
    [
      163.35994262725717,
      142.6250678288178
    ],
    [
      100.86828319583789,
      55.54872088318746
    ],
    [
      154.607728607011,
      102.69653365972748
    ],
    [
      130.98023704191385,
      61.584384675693144
    ],
    [
      40.00048849836037,
      29.621958360370005
    ],
    [
      141.63276457569114,
      156.52572476950513
    ],
    [
      90.31290250238536,
      59.846774357560555
    ],
    [
      133.816696483245,
      106.25665611881445
    ],
    [
      128.07111662885058,
      96.46940637237384
    ],
    [
      59.97653023275456,
      32.6477902688566
    ],
    [
      148.33172934494672,
      107.9184395508764
    ],
    [
      127.69312368243486,
      99.36258736740524
    ],
    [
      143.3499858460715,
      142.54457126692475
    ],
    [
      146.46617865694236,
      73.85906914091129
    ],
    [
      62.90505507134333,
      41.90123126666181
    ],
    [
      139.7134864082573,
      143.89944936205558
    ],
    [
      82.11818491578151,
      69.42312346511194
    ],
    [
      154.91784653492178,
      104.77434703158247
    ],
    [
      144.05647566464688,
      79.20727433288616
    ],
    [
      76.32250031542748,
      32.2504151502242
    ],
    [
      167.50859760945926,
      131.25553696013546
    ],
    [
      94.08949620512251,
      83.69961538471325
    ],
    [
      132.66389258484682,
      108.86351567568268
    ],
    [
      142.078626401227,
      76.9740629815951
    ],
    [
      67.04694864060745,
      30.8084488073258
    ]
  ]
}