{
  "id": 87,
  "type": "line",
  "seed": 8707,
  "N": 30,
  "arena_size": 180,
  "enemy_positions": [
    [
      45.19110250966715,
      36.79881049481724
    ],
    [
      47.14408397167417,
      39.90797532886451
    ],
    [
      47.8499793527826,
      60.36144486653207
    ],
    [
      33.35752961364447,
      64.2445075176405
    ],
    [
      38.89503917292741,
      67.15541646540936
    ],
    [
      42.206026280762444,
      73.12272078467132
    ],
    [
      52.30657301439044,
      81.96891510018813
    ],
    [
      47.728270094589426,
      71.53323580096348
    ],
    [
      44.05125653387597,
      73.8054771483523
    ],
    [
      66.17050838815675,
      64.79225983161143
    ],
    [
      51.103398643422054,
      69.68094893555313
    ],
    [
      55.356988251003564,
      73.73059641895917
    ],
    [
      45.958937612944524,
      75.68775091049304
    ],
    [
      61.83785391489279,
      79.04882153104946
    ],
    [
      78.11668638402844,
      84.69000960560102
    ],
    [
      78.15840432716148,
      86.51278652250565
    ],
    [
      75.31585240877932,
      90.69865039493973
    ],
    [
      87.7016996555968,
      93.06366533707572
    ],
    [
      107.11072004584513,
      108.39644739690883
    ],
    [
      94.22403501892101,
      106.40597467637483
    ],
    [
      92.16031479465978,
      107.15564581837052
    ],
    [
      98.79318284489182,
      103.0574865418622
    ],
    [
      97.14873577032354,
      108.16398562166148
    ],
    [
      99.06057012962943,
      120.93610704184407
    ],
    [
      105.04041578057688,
      125.32810608642764
    ],
    [
      116.99799209934102,
      129.50223213475635
    ],
    [
      116.6246058293858,
      127.07404980065772
    ],
    [
      101.63406786690395,
      126.79898607940464
    ],
    [
      125.19509517272608,
      123.32673757168591
    ],
    [
      132.67771136120706,
      130.6721782708932
    ]
  ]
}