{
  "id": 52,
  "type": "clustered",
  "seed": 5222,
  "N": 30,
  "arena_size": 180,
  "enemy_positions": [
    [
      82.51269192899082,
      64.23541455898432
    ],
    [
      41.392949708688136,
      43.731232820881274
    ],
    [
      52.94659766872985,
      139.8251100542713
    ],
    [
      144.11538650342948,
      63.254007683915475
    ],
    [
      69.05364940515379,
      90.99518929108963
    ],
    [
      73.16130907221056,
      99.53319716820184
    ],
    [
      30.727538941212362,
      31.149293981750386
    ],
    [
      44.43664558807127,
      94.8787996571186
    ],
    [
      151.3718458317425,
      72.64106825107524
    ],
    [
      67.16188985240997,
      92.48087811219867
    ],
    [
      58.39570868989517,
      40.19634866233619
    ],
    [
      31.77328049357331,
      80.1898211680111
    ],
    [
      49.55486864848493,
      114.89148489053406
    ],
    [
      159.0007516566052,
      76.1213080449428
    ],
    [
      101.29834610874214,
      132.11919309873093
    ],
    [
      60.023975068863244,
      65.87957084356424
    ],
    [
      11.629686892962159,
      40.42138956208848
    ],
    [
      50.29018228663813,
      96.72507224599944
    ],
    [
      160.4659975147173,
      53.36415800468236
    ],
    [
      83.54939646983776,
      91.7494804814375
    ],
    [
      75.16781343472908,
      78.20149306289775
    ],
    [
      6.383351545696961,
      56.06915159870371
    ],
    [
      18.110708987026943,
      75.92770345636961
    ],
    [
      136.00229024890035,
      61.20495642341553
    ],
    [
      78.20831729377377,
      110.30820933532914
    ],
    [
      68.50459226764842,
      66.0814881645658
    ],
    [
      46.505243133496855,
      74.61392181868347
    ],
    [
      54.59956170938602,
      112.2776923638662
    ],
    [
      145.121171308817,
      27.249221305075302
    ],
    [
      91.09341002053003,
      71.75284300393146
    ]
  ]
}