{
  "id": 73,
  "type": "grid",
  "seed": 7313,
  "N": 30,
  "arena_size": 180,
  "enemy_positions": [
    [
      27.0142210771913,
      19.48879037336424
    ],
    [
      18.89218280450274,
      37.44222145081748
    ],
    [
      31.350004502566613,
      69.31237841340639
    ],
    [
      15.223939691533928,
      97.53422090410331
    ],
    [
      25.982023143144957,
      118.42442305419323
    ],
    [
      20.85825953306049,
      134.09415600679714
    ],
    [
      42.211800577295556,
      17.133683313335027
    ],
    [
      40.029931741733726,
      38.10431335589517
    ],
    [
      51.48671464347994,
      66.83255007859002
    ],
    [
      39.889591860380584,
      91.40321183124935
    ],
    [
      43.61058329926701,
      112.7633250323303
    ],
    [
      39.3062387657534,
      142.787620442197
    ],
    [
      64.77243632519644,
      15.374808258082169
    ],
    [
      74.70445881512443,
      42.65454513332447
    ],
    [
      73.37374890676496,
      58.20939025203771
    ],
    [
      65.6308576152934,
      89.96595856872247
    ],
    [
      71.35752791335466,
      117.34305839801809
    ],
    [
      59.20610210895232,
      140.7130355078589
    ],
    [
      90.16569194179509,
      22.73669009828913
    ],
    [
      102.72215242317834,
      44.62474875583275
    ],
    [
      90.82771810604119,
      67.55671223384894
    ],
    [
      98.43228679844248,
      90.2281652897624
    ],
    [
      95.58812325235462,
      108.3394330518316
    ],
    [
      89.51864516435349,
      143.15646726401724
    ],
    [
      115.68881746716171,
      21.420528648905588
    ],
    [
      120.46523690160052,
      40.04802658415444
    ],
    [
      117.38357569721866,
      62.78289352553206
    ],
    [
      113.05035080155223,
      82.48060677458636
    ],
    [
      116.38623732035936,
      114.93124494632079
    ],
    [
      113.25838443205343,
      138.09239014802992
    ]
  ]
}