{
  "id": 5,
  "type": "random",
  "seed": 505,
  "N": 30,
  "arena_size": 180,
  "enemy_positions": [
    [
      146.09889614838434,
      56.8065882485468
    ],
    [
      45.694164262839685,
      41.63434504845584
    ],
    [
      70.46241873854639,
      32.16545970669806
    ],
    [
      11.73253901820388,
      23.211004785434426
    ],
    [
      163.5230796041164,
      125.51766296495516
    ],
    [
      20.325891390461006,
      141.1056752264452
    ],
    [
      133.9238248608229,
      102.07512164868197
    ],
    [
      37.90423396499014,
      101.75066796981382
    ],
    [
      64.3510926736092,
      84.1095569835913
    ],
    [
      63.33514714336982,
      153.8455228791096
    ],
    [
      23.48545531837086,
      44.315569592029235
    ],
    [
      45.410650988112394,
      63.96556290753972
    ],
    [
      83.44453681927189,
      65.86020136693114
    ],
    [
      161.4609603072375,
      113.78478873482962
    ],
    [
      131.13079394133928,
      149.4093886637901
    ],
    [
      28.76207538557253,
      85.51884699969108
    ],
    [
      136.37235779737745,
      62.377302786474154
    ],
    [
      82.61692903875031,
      115.38279928213734
    ],
    [
      55.09344914761171,
      152.85888397222746
    ],
    [
      151.09511312649533,
      140.5041217650022
    ],
    [
      159.96812973194932,
      101.11491585242425
    ],
    [
      116.76827167378305,
      122.46976619120191
    ],
    [
      111.71153834917432,
      164.98287380512397
    ],
    [
      115.98996276352892,
      40.91806451553541
    ],
    [
      164.67339025441663,
      20.914913432016053
    ],
    [
      92.29762841944518,
      110.02696781777013
    ],
    [
      90.62261257780563,
      21.194241319545934
    ],
    [
      167.14849462278832,
      101.91933362863153
    ],
    [
      136.79146649275333,
      113.98321970848828
    ],
    [
      116.19612431924256,
      29.180625412360968
    ]
  ]
}