{
  "id": 86,
  "type": "line",
  "seed": 8606,
  "N": 30,
  "arena_size": 180,
  "enemy_positions": [
    [
      22.72099890013189,
      36.307873020709074
    ],
    [
      21.275695527285432,
      39.667519009203566
    ],
    [
      30.500164882397115,
      39.15413476111921
    ],
    [
      21.906566966619042,
      48.53803425707137
    ],
    [
      50.559926991226774,
      70.68817681329256
    ],
    [
      49.34104209357779,
      58.26896408285049
    ],
    [
      56.894996872546535,
      57.9489548926236
    ],
    [
      63.95105866707194,
      74.5717003002715
    ],
    [
      47.00437055715338,
      55.39459639054467
    ],
    [
      75.05749195537278,
      79.04978236512605
    ],
    [
      57.32250502582586,
      76.40423720953034
    ],
    [
      67.88917975740536,
      82.0204713323927
    ],
    [
      69.75569336003134,
      60.906107951551455
    ],
    [
      74.91949911596492,
      69.5271006589291
    ],
    [
      78.1068217808799,
      82.63619334666001
    ],
    [
      75.4031453440231,
      91.84576319049609
    ],
    [
      85.56736660648205,
      92.73708214545529
    ],
    [
      98.06885644627398,
      97.10017036406737
    ],
    [
      93.30639782798505,
      109.06234204971236
    ],
    [
      119.50477023231667,
      98.94211561266975
    ],
    [
      106.67047851347506,
      119.47603561449215
    ],
    [
      118.43363176074985,
      121.07290752497644
    ],
    [
      110.79492957552034,
      134.31308612579136
    ],
    [
      126.44034164043549,
      107.33504613545972
    ],
    [
      131.81053190155018,
      138.83777735410763
    ],
    [
      150.33916512375885,
      148.47220896920632
    ],
    [
      142.2716845617881,
      125.99841266724266
    ],
    [
      137.1727935845146,
      141.3053594715156
    ],
    [
      132.1567413403709,
      146.81302868143342
    ],
    [
      152.75424789306294,
      156.83195910496102
    ]
  ]
}