{
  "id": 25,
  "type": "random",
  "seed": 2525,
  "N": 30,
  "arena_size": 180,
  "enemy_positions": [
    [
      25.191291868134122,
      151.76022830820983
    ],
    [
      40.84618762070561,
      90.80305121542366
    ],
    [
      128.49432077242994,
      55.408541581358094
    ],
    [
      65.59789595024326,
      83.82458238042778
    ],
    [
      12.196279076224492,
      73.78317475932043
    ],
    [
      128.39346734102116,
      142.7342337396748
    ],
    [
      138.64179426355355,
      109.33218083533174
    ],
    [
      60.27653748350146,
      78.08120631348109
    ],
    [
      75.9195022925716,
      85.98644488382546
    ],
    [
      72.10168110284484,
      85.75583128300264
    ],
    [
      53.597686465792776,
      71.13608722771146
    ],
    [
      105.02252042051606,
      120.17381412043348
    ],
    [
      96.06233374407768,
      68.65183805995804
    ],
    [
      144.1150782154207,
      161.46823017670224
    ],
    [
      155.93805143708116,
      48.766378527198775
    ],
    [
      94.96116293504264,
      22.500359915080104
    ],
    [
      77.76011156816256,
      139.65140391832028
    ],
    [
      73.17000553991178,
      52.13033037181164
    ],
    [
      37.001210328905486,
      125.25693358303427
    ],
    [
      105.48878417862096,
      16.899924073663257
    ],
    [
      135.076938521836,
      14.794559616442928
    ],
    [
      27.32512272104934,
      93.30633500646213
    ],
    [
      123.22874387410712,
      17.727783712395375
    ],
    [
      47.76192557357646,
      140.54988211151343
    ],
    [
      73.28262304994446,
      50.58901544153713
    ],
    [
      162.4315807642101,
      169.98092666443
    ],
    [
      154.55562083264505,
      157.91897455057986
    ],
    [
      95.03157089574427,
      105.54198763867426
    ],
    [
      57.045130227701065,
      127.43088174906671
    ],
    [
      125.12387734621699,
      49.46863701196905
    ]
  ]
}