{
  "id": 50,
  "type": "clustered",
  "seed": 5020,
  "N": 30,
  "arena_size": 180,
  "enemy_positions": [
    [
      127.70699573776001,
      49.241935005540704
    ],
    [
      53.07999111986283,
      40.616246000285884
    ],
    [
      54.49292222117266,
      117.8509312912849
    ],
    [
      114.11019013516255,
      151.91500628538964
    ],
    [
      72.7175017580612,
      133.2897016027464
    ],
    [
      101.4627640124655,
      64.78040251062365
    ],
    [
      40.16822851468385,
      64.49913699304558
    ],
    [
      37.1303988628388,
      102.5635302356502
    ],
    [
      118.39646538243593,
      126.39074674647014
    ],
    [
      63.09341243515139,
      131.4128337066342
    ],
    [
      65.2492367291967,
      83.35479673593962
    ],
    [
      35.70256730764995,
      64.63176841879412
    ],
    [
      20.937050209668158,
      133.69698417084348
    ],
    [
      123.66990068902551,
      134.04461077928585
    ],
    [
      58.00921687552017,
      130.8378220197483
    ],
    [
      96.0806208212477,
      89.974984775128
    ],
    [
      42.210047444904184,
      33.16325418215291
    ],
    [
      63.9174406004219,
      125.12182846786756
    ],
    [
      98.40270495948359,
      155.28893873494087
    ],
    [
      52.57996866388887,
      125.93205559384519
    ],
    [
      122.59461227671915,
      64.0546299577135
    ],
    [
      50.41826441329472,
      74.15485396695522
    ],
    [
      58.72344511280378,
      117.30516295229518
    ],
    [
      105.03119419313005,
      147.8430847902882
    ],
    [
      63.586958295299276,
      139.83396430258838
    ],
    [
      69.26894646150552,
      58.040875192053164
    ],
    [
      36.09561556217866,
      43.75201522351534
    ],
    [
      27.682693306818194,
      160.04349017157594
    ],
    [
      125.69577202570723,
      151.3200028262086
    ],
    [
      39.0372928968632,
      128.0683462658526
    ]
  ]
}