{
  "id": 3,
  "type": "random",
  "seed": 303,
  "N": 30,
  "arena_size": 180,
  "enemy_positions": [
    [
      130.02374774837259,
      54.96561141287405
    ],
    [
      98.12708552516398,
      139.74269751409489
    ],
    [
      109.38770257115884,
      79.6452852994168
    ],
    [
      39.92524537804954,
      67.64806817590917
    ],
    [
      56.14601790307658,
      104.03385924003828
    ],
    [
      114.86124895222272,
      33.27052844579184
    ],
    [
      25.717512643169496,
      98.54385330488347
    ],
    [
      117.01862023941503,
      45.431022505304796
    ],
    [
      13.731705113531252,
      30.13997357103923
    ],
    [
      128.95906178315784,
      96.1315999895484
    ],
    [
      23.253208021174316,
      131.3737720354717
    ],
    [
      14.85939161369279,
      96.15454139828478
    ],
    [
      169.82333501402553,
      11.694838781291796
    ],
    [
      162.3019407704694,
      20.373623807146437
    ],
    [
      75.10410928138577,
      91.979856672317
    ],
    [
      59.51517829133646,
      116.86640530745046
    ],
    [
      90.97495862894647,
      44.29755094465024
    ],
    [
      21.88964473954309,
      77.32976519848381
    ],
    [
      67.45276904385011,
      43.09426583702839
    ],
    [
      58.747266535186725,
      123.39268250599076
    ],
    [
      160.09264548731937,
      155.25406022049324
    ],
    [
      168.51253331939324,
      133.95609338573365
    ],
    [
      119.282296293596,
      141.13028055803977
    ],
    [
      159.0511729000353,
      141.45081300406963
    ],
    [
      53.18222004673636,
      141.56558979411403
    ],
    [
      153.97981623714787,
      32.76071153580665
    ],
    [
      157.44322210777815,
      39.817894011897096
    ],
    [
      123.90875126889335,
      23.72434000125825
    ],
    [
      122.46302233268169,
      42.189099059937405
    ],
    [
      139.7358990898024,
      46.335363153361996
    ]
  ]
}