{
  "id": 40,
  "type": "clustered",
  "seed": 4010,
  "N": 30,
  "arena_size": 180,
  "enemy_positions": [
    [
      135.2015131777983,
      22.813603967223315
    ],
    [
      26.47777593223636,
      127.06270430278308
    ],
    [
      98.83486903259221,
      44.73719452968366
    ],
    [
      142.6827732598042,
      89.56975787157661
    ],
    [
      66.72675581812865,
      122.01912257342704
    ],
    [
      166.91770532207633,
      38.01453226017787
    ],
    [
      16.7033311076147,
      137.64634306828208
    ],
    [
      92.77472642355387,
      90.95100336267076
    ],
    [
      96.31080415074943,
      132.70174378699488
    ],
    [
      54.84152838311983,
      118.25830429211189
    ],
    [
      153.96995702417948,
      36.081471829128624
    ],
    [
      33.11801194112267,
      136.997454155487
    ],
    [
      92.2410376472696,
      73.62229976902933
    ],
    [
      147.66617345233706,
      110.24498009524088
    ],
    [
      73.66642833178496,
      108.4184957121958
    ],
    [
      170.47871140098076,
      11.392052016115734
    ],
    [
      18.95083468768628,
      121.03490999354645
    ],
    [
      104.02750684352165,
      48.64410128014877
    ],
    [
      107.59689164291018,
      114.96347546608682
    ],
    [
      58.96416452762682,
      100.66160015753631
    ],
    [
      144.93596166260568,
      38.3089633561715
    ],
    [
      28.014432903577344,
      123.90243034713946
    ],
    [
      101.896880268666,
      36.49271835592422
    ],
    [
      111.0424596582054,
      128.85408363541438
    ],
    [
      56.56917818260205,
      112.69074438362081
    ],
    [
      146.99838797064132,
      34.28759434943143
    ],
    [
      22.900217565866328,
      125.67573285236331
    ],
    [
      74.82913529236946,
      71.28370131678275
    ],
    [
      118.96664291069715,
      101.76975251967991
    ],
    [
      67.0162991979057,
      94.8646769212584
    ]
  ]
}