{
  "id": 65,
  "type": "grid",
  "seed": 6505,
  "N": 30,
  "arena_size": 180,
  "enemy_positions": [
    [
      25.977409795673395,
      19.16470490953779
    ],
    [
      20.694848826359987,
      41.58340982827044
    ],
    [
      10.637998445603188,
      67.44636533652672
    ],
    [
      25.304921394123767,
      84.60001035236546
    ],
    [
      26.25309985380209,
      115.39072567120886
    ],
    [
      21.274272817948358,
      139.15054154038137
    ],
    [
      45.71381656053845,
      20.52036789064624
    ],
    [
      48.43065642666207,
      41.908665249846024
    ],
    [
      40.4629058727007,
      69.15634587798213
    ],
    [
      43.6920449057359,
      78.66704568429199
    ],
    [
      45.872923264717734,
      105.72522560388761
    ],
    [
      41.78115234295059,
      137.40106312219365
    ],
    [
      65.12351978956491,
      21.15652602243334
    ],
    [
      63.64325493798221,
      39.61478071405328
    ],
    [
      56.7945985805699,
      61.56359188479198
    ],
    [
      63.66297985726269,
      89.85133674675042
    ],
    [
      76.79718124527696,
      109.66030890025664
    ],
    [
      62.320003853962135,
      142.92923576625682
    ],
    [
      85.5709648699349,
      29.831776104863884
    ],
    [
      93.62765831593927,
      44.5397942974438
    ],
    [
      92.99848947914772,
      72.74752911665166
    ],
    [
      88.87533042081127,
      92.45603075903324
    ],
    [
      101.16796331302598,
      114.79997045245754
    ],
    [
      90.85923249272848,
      137.37879727664728
    ],
    [
      119.51582415332227,
      17.272185724567905
    ],
    [
      111.08669585868108,
      36.34089905868632
    ],
    [
      110.79915148903194,
      73.29239906841906
    ],
    [
      115.44392524686108,
      92.64026224937325
    ],
    [
      117.3526870277542,
      112.15899580133896
    ],
    [
      110.70389960844105,
      130.8896554707891
    ]
  ]
}