{
  "id": 59,
  "type": "clustered",
  "seed": 5929,
  "N": 30,
  "arena_size": 180,
  "enemy_positions": [
    [
      71.8767752476771,
      45.49648118654285
    ],
    [
      77.57330155323397,
      102.98639407184038
    ],
    [
      56.7715233991225,
      123.89638589402324
    ],
    [
      112.3228411678817,
      20.30188849896714
    ],
    [
      164.82005390082094,
      124.38896603650915
    ],
    [
      46.11706527551509,
      35.80030372707019
    ],
    [
      61.43066489261544,
      158.4812149974967
    ],
    [
      83.32778125910455,
      107.76870721246982
    ],
    [
      93.06420989255693,
      20.761786979959428
    ],
    [
      122.81123430761286,
      167.21819179618882
    ],
    [
      58.153875809993664,
      25.2258130643022
    ],
    [
      49.84068451438616,
      89.43987588170458
    ],
    [
      86.67501566149781,
      114.91137399068931
    ],
    [
      126.20582479839021,
      35.31118358717712
    ],
    [
      149.87329520188504,
      121.06614034586983
    ],
    [
      52.37444147825678,
      37.92433262135862
    ],
    [
      70.10502843494477,
      149.79250797768862
    ],
    [
      41.95006022186995,
      90.06538113393745
    ],
    [
      93.35766253455053,
      27.351808967855398
    ],
    [
      143.36333826569123,
      139.24455678392167
    ],
    [
      74.83491528863254,
      47.907642122625944
    ],
    [
      71.31939496427493,
      120.60032482495605
    ],
    [
      87.27732223448379,
      89.29656930286775
    ],
    [
      133.37050258026736,
      8.103976822869747
    ],
    [
      111.10517680565219,
      101.13371716804066
    ],
    [
      57.99627562559017,
      23.836922587265754
    ],
    [
      67.03220061033628,
      101.90138045705663
    ],
    [
      78.60436305568692,
      108.68792582313772
    ],
    [
      113.96950577900641,
      5.0
    ],
    [
      134.75268656105854,
      122.58708496774034
    ]
  ]
}