{
  "id": 89,
  "type": "line",
  "seed": 8909,
  "N": 30,
  "arena_size": 180,
  "enemy_positions": [
    [
      25.97665424754274,
      33.628618590613634
    ],
    [
      36.457914322535785,
      37.97846049135844
    ],
    [
      40.39009644930707,
      33.122029743212096
    ],
    [
      53.289593221719954,
      47.16781385329813
    ],
    [
      63.22530583852046,
      43.98349216786484
    ],
    [
      49.97853490456889,
      40.60818846235854
    ],
    [
      55.96254938584303,
      39.48498323305004
    ],
    [
      57.77806834242875,
      69.6051376607192
    ],
    [
      68.38622687906503,
      67.18735470092743
    ],
    [
      78.68741512609834,
      71.58187347550809
    ],
    [
      82.21513751149878,
      52.83646674998306
    ],
    [
      81.69544330061166,
      68.42939447750535
    ],
    [
      87.16734209193383,
      90.57190126641099
    ],
    [
      85.43068806548811,
      87.15330421140442
    ],
    [
      88.43093077286557,
      96.50435058750641
    ],
    [
      118.18043569950832,
      101.66708227814136
    ],
    [
      96.19400870279688,
      108.38421416593205
    ],
    [
      92.49856584170364,
      103.08710020925353
    ],
    [
      110.21471171693099,
      86.75278996106431
    ],
    [
      104.64853769023695,
      99.02686018701986
    ],
    [
      109.74098037282425,
      89.27301476507546
    ],
    [
      134.98165883506627,
      99.13253837501497
    ],
    [
      134.4185381777357,
      116.11325301898152
    ],
    [
      128.67496753840058,
      129.36813725837396
    ],
    [
      144.0160860534855,
      118.21751413755995
    ],
    [
      147.77486569634578,
      146.02669337616155
    ],
    [
      141.27083961337064,
      130.76386252158136
    ],
    [
      143.0038871544347,
      135.9805662930513
    ],
    [
      147.400682649854,
      130.01686658967625
    ],
    [
      161.35932587189205,
      159.54515322398692
    ]
  ]
}