{
  "id": 12,
  "type": "random",
  "seed": 1212,
  "N": 30,
  "arena_size": 180,
  "enemy_positions": [
    [
      49.24595358873422,
      138.68009223128485
    ],
    [
      37.91745945393389,
      165.12341134749977
    ],
    [
      46.07767270392124,
      149.07482005890895
    ],
    [
      55.03455328196608,
      126.067140047176
    ],
    [
      130.38082054560766,
      49.46738036285966
    ],
    [
      133.48232103887898,
      23.708678346444394
    ],
    [
      152.6252020918646,
      44.88642162122373
    ],
    [
      159.5152406246557,
      24.493719762932518
    ],
    [
      139.16312658349426,
      72.34689424899403
    ],
    [
      161.03911772095785,
      12.701587748945702
    ],
    [
      96.64820997901062,
      56.66817867530266
    ],
    [
      147.4693401969931,
      90.71414050225559
    ],
    [
      125.05788055901475,
      59.83157992020651
    ],
    [
      52.49585811094798,
      39.440587736683725
    ],
    [
      61.11302236622643,
      126.18266391982196
    ],
    [
      155.23314852286046,
      85.11056627848349
    ],
    [
      27.806532129933608,
      52.32851278738282
    ],
    [
      119.05228838489609,
      168.67850553309515
    ],
    [
      20.26129279450929,
      86.08722851639345
    ],
    [
      35.9646798895067,
      122.19538986884366
    ],
    [
      140.03978642216504,
      110.866387406174
    ],
    [
      56.96190711240925,
      120.0396567285962
    ],
    [
      43.379535925210604,
      69.19043329617816
    ],
    [
      108.67626213390682,
      143.00884217456777
    ],
    [
      66.65788730396142,
      101.47699436318265
    ],
    [
      43.90005731360935,
      164.9750346920886
    ],
    [
      56.88238405705139,
      44.512359984928565
    ],
    [
      124.96879789598468,
      90.22364370432865
    ],
    [
      33.59995745477924,
      49.84012203002134
    ],
    [
      121.27431992880088,
      153.15106952022649
    ]
  ]
}