{
  "id": 67,
  "type": "grid",
  "seed": 6707,
  "N": 30,
  "arena_size": 180,
  "enemy_positions": [
    [
      54.56642797153883,
      5.0
    ],
    [
      45.74855578315129,
      18.005897986444182
    ],
    [
      34.953259040442056,
      39.41704857574307
    ],
    [
      29.89934427612755,
      56.191048853088695
    ],
    [
      27.100277736202976,
      88.02689819987279
    ],
    [
      9.930504348625377,
      96.81739682531644
    ],
    [
      74.06230460621684,
      9.041936880684048
    ],
    [
      65.78916236539042,
      18.274677086439482
    ],
    [
      59.96848302266804,
      50.12085860318732
    ],
    [
      41.65025939212498,
      66.72984068420554
    ],
    [
      34.560772321828935,
      84.48190564153637
    ],
    [
      28.81463840623666,
      120.46247932658193
    ],
    [
      99.6679750565358,
      17.54707014117797
    ],
    [
      87.88141543203785,
      45.94410167424261
    ],
    [
      80.02814411466423,
      61.60160031791051
    ],
    [
      67.03453873835176,
      76.22288285434063
    ],
    [
      56.7877101112337,
      96.17016956890782
    ],
    [
      43.13814197231723,
      126.32577206845015
    ],
    [
      116.12140203715748,
      23.919743625451787
    ],
    [
      116.80526731168491,
      55.30463468475695
    ],
    [
      88.08253172144687,
      63.911870694519195
    ],
    [
      88.6885867340793,
      94.04359096291164
    ],
    [
      84.22636862934951,
      110.11029099190927
    ],
    [
      71.87190033371161,
      130.506587593898
    ],
    [
      144.15956772867207,
      38.17204774762711
    ],
    [
      128.23007781716444,
      54.51789493732751
    ],
    [
      120.91377197615913,
      80.54364547034476
    ],
    [
      105.93862186455435,
      95.54666849312734
    ],
    [
      104.70484047825228,
      123.5742835294018
    ],
    [
      88.73609725182715,
      137.34794533228091
    ]
  ]
}