{
  "id": 9,
  "type": "random",
  "seed": 909,
  "N": 30,
  "arena_size": 180,
  "enemy_positions": [
    [
      83.48107873253831,
      21.37231016654857
    ],
    [
      47.00569865316213,
      66.8848104949793
    ],
    [
      39.85034945423658,
      77.96113517193763
    ],
    [
      133.57245475892074,
      62.952203787287786
    ],
    [
      21.707057150064326,
      94.06250943671051
    ],
    [
      41.67921558801724,
      144.4627792205153
    ],
    [
      13.044034054412794,
      45.197911018499454
    ],
    [
      35.39822358527193,
      138.21553624553096
    ],
    [
      108.5386696806084,
      107.86224515282215
    ],
    [
      142.01756143791275,
      35.84610923297218
    ],
    [
      81.14329221005156,
      52.60266733831383
    ],
    [
      23.66633113673835,
      62.670162832644145
    ],
    [
      14.263356002676435,
      72.13312803888624
    ],
    [
      151.3047859434743,
      42.33144250404003
    ],
    [
      102.21001978212811,
      13.964001075524983
    ],
    [
      105.0651118510568,
      66.60799863745194
    ],
    [
      12.441919368323475,
      117.48416183266002
    ],
    [
      151.9985858671649,
      33.015166913493715
    ],
    [
      113.799376758389,
      147.9464996380823
    ],
    [
      141.22135605248428,
      126.88406658275768
    ],
    [
      115.3687871418158,
      112.86558607744901
    ],
    [
      87.3601603086766,
      90.74102464608134
    ],
    [
      62.194641802766206,
      38.923834085805
    ],
    [
      52.90236479523871,
      126.14265511036955
    ],
    [
      97.8604538934448,
      103.24976269554364
    ],
    [
      153.64909189638755,
      76.81100066052578
    ],
    [
      63.985519568903406,
      128.114357751066
    ],
    [
      79.61123332076181,
      12.036325199858506
    ],
    [
      55.712753917585275,
      95.16914780146975
    ],
    [
      23.175300456267518,
      120.51709408135955
    ]
  ]
}