{
  "id": 97,
  "type": "edge",
  "seed": 9707,
  "N": 30,
  "arena_size": 180,
  "enemy_positions": [
    [
      39.95930105135963,
      21.30934835109553
    ],
    [
      32.98568947823985,
      53.075724571031984
    ],
    [
      26.255383661641485,
      13.803995051785606
    ],
    [
      16.303730487739653,
      57.004156822565236
    ],
    [
      26.510768983368788,
      62.429740974751546
    ],
    [
      16.218472116307023,
      45.66960312528296
    ],
    [
      39.66978526689814,
      36.51079101403069
    ],
    [
      26.11471992193564,
      38.59706048695659
    ],
    [
      49.89804395996505,
      29.412818340267297
    ],
    [
      56.878039548928534,
      25.384002449807333
    ],
    [
      52.8403970651287,
      53.005086479346
    ],
    [
      41.36279687166457,
      42.28533529274
    ],
    [
      45.49713755422939,
      49.31040085014723
    ],
    [
      19.230774972670353,
      49.254147550674446
    ],
    [
      53.83786443581823,
      29.02063402302208
    ],
    [
      140.82377747443653,
      130.7170792617429
    ],
    [
      147.82368641293542,
      147.33279821111455
    ],
    [
      136.52643519165443,
      132.815497129676
    ],
    [
      133.4813582414018,
      164.740236198781
    ],
    [
      123.8371976197358,
      123.11238735952895
    ],
    [
      124.9912827800347,
      136.3140363855812
    ],
    [
      150.49710956119645,
      138.1050458830595
    ],
    [
      144.36962226562565,
      146.4863565344132
    ],
    [
      126.8774297336676,
      137.23792696440145
    ],
    [
      155.61662513478666,
      159.60600131206192
    ],
    [
      141.31567844438067,
      126.74219417473485
    ],
    [
      141.3903439324453,
      131.77798867219445
    ],
    [
      120.8432633276066,
      155.78450763152057
    ],
    [
      159.48949528172653,
      119.24979816903928
    ],
    [
      120.27166726941415,
      164.89997219463913
    ]
  ]
}