{
  "id": 14,
  "type": "random",
  "seed": 1414,
  "N": 30,
  "arena_size": 180,
  "enemy_positions": [
    [
      45.618204031688734,
      30.253637901972485
    ],
    [
      46.8795722220827,
      102.5101906121331
    ],
    [
      42.65006868242098,
      82.49343838460668
    ],
    [
      114.95222466841923,
      121.85232384432418
    ],
    [
      72.57037743936509,
      134.4573680088598
    ],
    [
      40.82903777686573,
      142.5910173933088
    ],
    [
      161.0289586188131,
      160.11279007603753
    ],
    [
      98.2985743150575,
      11.297467827411278
    ],
    [
      135.46402181266012,
      65.32984315100023
    ],
    [
      154.63704752742632,
      29.655882938453217
    ],
    [
      54.16567786301228,
      28.834832694045502
    ],
    [
      104.79652873109508,
      40.06793888107193
    ],
    [
      137.5765064237613,
      15.982222604409433
    ],
    [
      58.5431679457495,
      39.583100975720846
    ],
    [
      169.43974468884664,
      128.60458196169216
    ],
    [
      108.46655981378217,
      55.261570826690146
    ],
    [
      25.25168795847124,
      163.17355953782985
    ],
    [
      126.05152853111576,
      167.17152162941002
    ],
    [
      100.68555998917395,
      59.152955677623865
    ],
    [
      10.373696012526228,
      131.1980497483163
    ],
    [
      147.48942743566997,
      31.211897410409417
    ],
    [
      107.1879524623771,
      165.10606179218922
    ],
    [
      78.49976013509749,
      92.20217711147706
    ],
    [
      41.81074284778654,
      32.112820741963226
    ],
    [
      37.563219906743456,
      45.64305337516272
    ],
    [
      103.5667846003367,
      94.33625386303207
    ],
    [
      59.05709486711045,
      128.15720584825078
    ],
    [
      96.70869768932195,
      123.53412871761732
    ],
    [
      87.43455635538768,
      35.43145395662839
    ],
    [
      81.13735561851142,
      10.146811145573622
    ]
  ]
}