{
  "id": 79,
  "type": "grid",
  "seed": 7919,
  "N": 30,
  "arena_size": 180,
  "enemy_positions": [
    [
      28.36933715527907,
      9.068659747339808
    ],
    [
      24.532072412930532,
      54.73509419993376
    ],
    [
      19.995272379186346,
      58.3934886561288
    ],
    [
      14.191338511181115,
      80.3651781702611
    ],
    [
      29.836853789961296,
      103.30140877390285
    ],
    [
      11.748512245118846,
      135.8785414176645
    ],
    [
      46.17717534095708,
      26.308273884282478
    ],
    [
      49.91461001282487,
      38.08673562532314
    ],
    [
      45.45274243866121,
      57.20766194776755
    ],
    [
      49.83677119417226,
      87.13584937686494
    ],
    [
      48.16242072110415,
      116.4606068809429
    ],
    [
      38.159582785960815,
      145.97064798344357
    ],
    [
      65.57258323512166,
      23.330955274527724
    ],
    [
      62.62381924489132,
      47.05758819765442
    ],
    [
      61.547407216793914,
      69.46836960093461
    ],
    [
      58.52410125476798,
      89.59223258269866
    ],
    [
      71.2518749973626,
      112.43776168992031
    ],
    [
      74.68504527013089,
      131.12155374376312
    ],
    [
      93.60505711189128,
      18.443213337140634
    ],
    [
      96.37254732303236,
      44.936848641592796
    ],
    [
      97.73767252383065,
      55.81458197389312
    ],
    [
      83.43083546250081,
      85.78373270686775
    ],
    [
      85.72590788398828,
      100.30513536789061
    ],
    [
      82.59973783528217,
      144.04730738513055
    ],
    [
      119.74856706828989,
      27.007542464444676
    ],
    [
      115.2659761704642,
      48.18333833128394
    ],
    [
      113.49656854606806,
      75.60772124668722
    ],
    [
      114.91085749900799,
      91.49826978052228
    ],
    [
      115.77975465192456,
      119.7339756162197
    ],
    [
      114.60921112237752,
      143.9733519555436
    ]
  ]
}