{
  "id": 95,
  "type": "edge",
  "seed": 9505,
  "N": 30,
  "arena_size": 180,
  "enemy_positions": [
    [
      34.24214173294392,
      70.35429988060272
    ],
    [
      43.53804058220165,
      133.89682134487538
    ],
    [
      23.735029248877662,
      36.95045491680084
    ],
    [
      49.825270537873635,
      75.73337017824132
    ],
    [
      62.68545395075822,
      164.65611182568807
    ],
    [
      29.466959292773105,
      163.4470875274673
    ],
    [
      30.998814137151676,
      65.73777434940675
    ],
    [
      40.82207246799588,
      22.086658128341803
    ],
    [
      65.37635799970923,
      56.46267124962016
    ],
    [
      17.29174378919467,
      113.78916356266978
    ],
    [
      50.03823682167316,
      29.412438780039718
    ],
    [
      71.8829264446818,
      152.27645943665013
    ],
    [
      32.963317556916905,
      136.0573222034576
    ],
    [
      36.12456813498382,
      31.30949077750735
    ],
    [
      65.95331274712596,
      139.7728779065255
    ],
    [
      33.878742990578075,
      32.783727315720355
    ],
    [
      22.110710130825012,
      36.444470088885055
    ],
    [
      35.72756329805377,
      92.3122083700055
    ],
    [
      18.151027662509364,
      36.626846784665204
    ],
    [
      44.76238697681923,
      57.07173343555045
    ],
    [
      48.30275617037952,
      13.046165985350928
    ],
    [
      17.972636707023014,
      14.221480085396596
    ],
    [
      59.033411252798345,
      100.09651422601031
    ],
    [
      61.04138904881879,
      74.47678999192897
    ],
    [
      50.81922172611606,
      50.09886346123393
    ],
    [
      52.68599242679848,
      22.55361542859939
    ],
    [
      35.04206583860946,
      121.94640302532052
    ],
    [
      26.7781720155295,
      12.90971950888828
    ],
    [
      30.81270927321338,
      168.6767303341787
    ],
    [
      44.63847634918263,
      99.26789539245264
    ]
  ]
}