{
  "id": 18,
  "type": "random",
  "seed": 1818,
  "N": 30,
  "arena_size": 180,
  "enemy_positions": [
    [
      16.813135388871068,
      138.88663517426497
    ],
    [
      129.52189407078578,
      18.32876767205425
    ],
    [
      56.59507441139708,
      103.9308636706671
    ],
    [
      96.36032789542026,
      109.15016927987975
    ],
    [
      83.39182233953503,
      48.45533914030611
    ],
    [
      81.88598214328118,
      82.63881310207475
    ],
    [
      14.045498277707136,
      145.98093052039698
    ],
    [
      89.40652696003453,
      95.78752639980544
    ],
    [
      33.63188502097968,
      99.20167917150692
    ],
    [
      32.80922311976157,
      103.30763475049349
    ],
    [
      80.4186081298411,
      61.08601617756069
    ],
    [
      24.849564541099163,
      151.58016267197908
    ],
    [
      111.15244390957162,
      136.43169644204536
    ],
    [
      83.95320238285292,
      55.47702400423432
    ],
    [
      88.056696178576,
      121.24907783896786
    ],
    [
      161.8897350507931,
      160.86777904823774
    ],
    [
      159.91629479808816,
      147.59970122862262
    ],
    [
      161.9627128542208,
      25.733624422605388
    ],
    [
      55.26593058154654,
      99.96501690504616
    ],
    [
      163.1800476766949,
      129.82380757101083
    ],
    [
      124.7300431267444,
      126.43551915746707
    ],
    [
      150.65603743155523,
      60.893313463343276
    ],
    [
      148.39717046907748,
      162.6841981636328
    ],
    [
      71.79552150482535,
      86.1469117226608
    ],
    [
      146.9643000683974,
      126.36688439839602
    ],
    [
      167.30152740348288,
      48.87827158587035
    ],
    [
      63.8479873028365,
      52.96874139091834
    ],
    [
      89.43169657935064,
      106.0199536238556
    ],
    [
      31.65217041293028,
      33.75493712983071
    ],
    [
      22.776367797231565,
      133.32053363242184
    ]
  ]
}