{
  "id": 54,
  "type": "clustered",
  "seed": 5424,
  "N": 30,
  "arena_size": 180,
  "enemy_positions": [
    [
      56.024233915655806,
      100.05829500477638
    ],
    [
      65.47617927094437,
      82.89149662150552
    ],
    [
      5.0,
      35.3025378793903
    ],
    [
      130.19580317506967,
      140.73473057074796
    ],
    [
      51.19277056349547,
      103.38010011459778
    ],
    [
      70.93223113143199,
      86.59731767442726
    ],
    [
      39.51083364247497,
      104.58263580961739
    ],
    [
      5.0,
      72.92865762782566
    ],
    [
      173.72729492183734,
      139.04628403294
    ],
    [
      101.85533729675832,
      102.65486702602108
    ],
    [
      57.74228179249164,
      63.24523107004681
    ],
    [
      51.147974312261084,
      91.99353406072505
    ],
    [
      44.1932289296938,
      52.38077393728646
    ],
    [
      147.0122559442608,
      118.6371188603161
    ],
    [
      60.377535404118866,
      107.0061829001766
    ],
    [
      49.080766084141146,
      107.43519772494565
    ],
    [
      33.65073513903742,
      122.48948665404974
    ],
    [
      40.377982018960125,
      42.32973025103392
    ],
    [
      114.97762166079517,
      135.61047138763428
    ],
    [
      76.77423784899649,
      106.38963493231999
    ],
    [
      70.63182117870585,
      92.67522083130442
    ],
    [
      75.43568504069523,
      88.06046426570364
    ],
    [
      43.112884120368975,
      75.72669082821987
    ],
    [
      126.39552859593077,
      133.90877630527265
    ],
    [
      102.56246363054275,
      113.20063571981544
    ],
    [
      53.905435011170205,
      96.09494161408956
    ],
    [
      58.66476978776173,
      85.0303344882588
    ],
    [
      16.464873533246518,
      49.26106121810846
    ],
    [
      144.13938401407535,
      123.49935850443006
    ],
    [
      108.01057739734047,
      97.57654742401172
    ]
  ]
}