{
  "id": 44,
  "type": "clustered",
  "seed": 4414,
  "N": 30,
  "arena_size": 180,
  "enemy_positions": [
    [
      88.24184736895982,
      63.96935178199186
    ],
    [
      43.85688651444353,
      52.81840951659226
    ],
    [
      72.13824321533095,
      41.712072671664174
    ],
    [
      85.55009303384968,
      27.027219805011292
    ],
    [
      72.46007727413924,
      79.85485988604584
    ],
    [
      90.86831697693043,
      37.59255093274328
    ],
    [
      37.10943694542409,
      23.346305153814292
    ],
    [
      62.50511364853096,
      61.92663329674381
    ],
    [
      119.52444174355783,
      59.94240760112524
    ],
    [
      105.91588369202904,
      82.20514464786642
    ],
    [
      96.4223569110758,
      29.305416747795945
    ],
    [
      68.541899877553,
      18.24039080556269
    ],
    [
      69.69843103753844,
      65.01288898014232
    ],
    [
      108.82260545354173,
      25.209215885768774
    ],
    [
      100.52033406367816,
      96.27985807477947
    ],
    [
      90.81675091971582,
      58.62501206879725
    ],
    [
      49.83797067186209,
      39.274029239291835
    ],
    [
      74.3336773940705,
      68.39348898469376
    ],
    [
      97.1981602722522,
      45.44949913910187
    ],
    [
      99.3815888906191,
      72.69993386444635
    ],
    [
      100.55284562027555,
      66.7073464262473
    ],
    [
      53.458174229499264,
      38.33204762170957
    ],
    [
      73.61357378611912,
      32.95439482960893
    ],
    [
      90.66920853582377,
      38.84213137977397
    ],
    [
      81.02336191476208,
      74.27325583295163
    ],
    [
      91.24091074188931,
      56.89896335726671
    ],
    [
      62.0314205667682,
      38.89832699374629
    ],
    [
      84.37422719787163,
      80.09314221274066
    ],
    [
      111.158542820652,
      54.7218164039133
    ],
    [
      74.9007882914304,
      109.97320021682756
    ]
  ]
}