{
  "id": 57,
  "type": "clustered",
  "seed": 5727,
  "N": 30,
  "arena_size": 180,
  "enemy_positions": [
    [
      100.37771160941654,
      141.2931557342164
    ],
    [
      149.79504975456007,
      22.623419888479486
    ],
    [
      87.56702939594892,
      86.57877258493305
    ],
    [
      80.78735376054921,
      121.6326380154677
    ],
    [
      123.18349379549797,
      68.72427820071331
    ],
    [
      122.72192157290708,
      127.94057167903614
    ],
    [
      151.77897431633087,
      34.833848742731895
    ],
    [
      118.86496158101976,
      84.34253691569906
    ],
    [
      97.99711583040946,
      128.3967122117523
    ],
    [
      92.68278143783894,
      85.48254618219825
    ],
    [
      119.9409717496248,
      159.40694229857496
    ],
    [
      137.11008449026016,
      61.98421419503171
    ],
    [
      129.77989369230332,
      83.50850020473847
    ],
    [
      94.27220505326365,
      85.74223840526983
    ],
    [
      106.13577508089466,
      85.17528519338019
    ],
    [
      104.85375363575415,
      129.46127196221286
    ],
    [
      150.77939284827292,
      49.20589679020655
    ],
    [
      125.90057574647344,
      92.46069374134302
    ],
    [
      79.36798541370338,
      93.10779404028838
    ],
    [
      136.48707965221706,
      89.31412554574639
    ],
    [
      98.34282396923466,
      112.18194311585845
    ],
    [
      119.17153166613275,
      41.11389374848409
    ],
    [
      130.99965079289683,
      89.86585537768114
    ],
    [
      80.19118680295072,
      116.40469468836595
    ],
    [
      118.24209129932149,
      38.46210251603592
    ],
    [
      82.50177681629604,
      107.63860077540527
    ],
    [
      171.19537364731025,
      40.41235893986145
    ],
    [
      125.89997700462712,
      79.38877292130374
    ],
    [
      75.05301462328995,
      102.25796154811465
    ],
    [
      132.8293803196309,
      72.01626313481722
    ]
  ]
}