{
  "id": 69,
  "type": "grid",
  "seed": 6909,
  "N": 30,
  "arena_size": 180,
  "enemy_positions": [
    [
      31.062876491668753,
      21.16101356329942
    ],
    [
      31.140697760855204,
      32.58443202959856
    ],
    [
      20.71480815969808,
      62.62780018488891
    ],
    [
      15.384690305539692,
      79.90672610233091
    ],
    [
      17.8756240908491,
      102.35450544171974
    ],
    [
      8.722532596836018,
      129.1471100841715
    ],
    [
      53.837355585775704,
      13.727643896725596
    ],
    [
      44.567796943520776,
      44.73455971030779
    ],
    [
      43.625815885239085,
      61.525318828668915
    ],
    [
      48.25939602792303,
      77.68828563508971
    ],
    [
      52.05793287301922,
      107.67403158361076
    ],
    [
      41.3499756464296,
      126.58323998861258
    ],
    [
      71.07540051843824,
      20.296754466283872
    ],
    [
      78.87925012853965,
      40.423861791510966
    ],
    [
      74.09363228880551,
      63.46431969225633
    ],
    [
      66.66523097502485,
      79.30425260296948
    ],
    [
      69.02859055892631,
      94.95460921949683
    ],
    [
      61.85073924762504,
      135.94092352280745
    ],
    [
      110.75861239423361,
      22.06040211326176
    ],
    [
      102.31597788915259,
      43.36066965095688
    ],
    [
      89.40360702856829,
      60.959211868270344
    ],
    [
      87.92297216827154,
      90.83698956335833
    ],
    [
      92.64625647987582,
      116.57603189432133
    ],
    [
      75.96253204931243,
      138.72608514885368
    ],
    [
      121.14834464578554,
      30.06104083712293
    ],
    [
      125.95339931513749,
      49.721900411842284
    ],
    [
      116.99880931040926,
      73.82286026080791
    ],
    [
      103.2908007219378,
      92.70645965045472
    ],
    [
      100.69697310649546,
      120.83201001093377
    ],
    [
      105.9196283372777,
      135.84228041415585
    ]
  ]
}