{
  "id": 88,
  "type": "line",
  "seed": 8808,
  "N": 30,
  "arena_size": 180,
  "enemy_positions": [
    [
      59.88298762275724,
      36.244911211112694
    ],
    [
      47.782221853996845,
      60.46397566634302
    ],
    [
      57.289805681561596,
      56.90510983953342
    ],
    [
      73.11070791734329,
      81.52260428443113
    ],
    [
      55.643863963536134,
      57.04240651687146
    ],
    [
      68.21026662784679,
      61.066561672908705
    ],
    [
      90.2752173659257,
      61.17780216653701
    ],
    [
      62.183699655785425,
      83.25844001185291
    ],
    [
      79.8363347680096,
      87.67078741567892
    ],
    [
      83.81425138301218,
      87.02162903729881
    ],
    [
      80.16285227677147,
      78.42614035966565
    ],
    [
      92.299505457456,
      75.78435968382013
    ],
    [
      80.30488598117714,
      83.76016441821918
    ],
    [
      93.85080261960672,
      92.63384696751912
    ],
    [
      101.15323805754542,
      105.66972066787038
    ],
    [
      100.02354349267318,
      116.01296204541592
    ],
    [
      107.00779986266912,
      98.08458575392672
    ],
    [
      97.2945540486638,
      106.48300072738078
    ],
    [
      118.16480001753555,
      110.45501996395096
    ],
    [
      123.10249576613498,
      114.96396787933043
    ],
    [
      135.7707195305166,
      136.39314750307048
    ],
    [
      103.01821294077273,
      126.9101501902193
    ],
    [
      100.85396585566852,
      131.21639226926425
    ],
    [
      127.37152152744568,
      130.66937490764883
    ],
    [
      117.37104496932605,
      145.1020076250901
    ],
    [
      115.3063071960539,
      140.9103005472333
    ],
    [
      112.10054035631745,
      142.47841476763676
    ],
    [
      118.0900318473421,
      132.78057941994857
    ],
    [
      125.81498664889772,
      143.33954199013354
    ],
    [
      145.70570359429666,
      147.5569614996233
    ]
  ]
}