{
  "id": 19,
  "type": "random",
  "seed": 1919,
  "N": 30,
  "arena_size": 180,
  "enemy_positions": [
    [
      107.18238511991261,
      93.95290681729755
    ],
    [
      24.03809670085307,
      149.63867584799465
    ],
    [
      134.10521602713425,
      68.18141728000349
    ],
    [
      136.83704554992624,
      25.329829719545298
    ],
    [
      28.829673602752646,
      31.370790490413025
    ],
    [
      121.17246241274319,
      118.8129961514288
    ],
    [
      111.11519978420418,
      168.8610799809779
    ],
    [
      135.24144896714978,
      100.1566722924662
    ],
    [
      143.6748513572521,
      35.78938415745519
    ],
    [
      74.17177099886017,
      61.33882798509218
    ],
    [
      84.98692481376843,
      119.30133855853911
    ],
    [
      121.89770831816068,
      60.47712587300307
    ],
    [
      81.16237312567067,
      62.7651398841917
    ],
    [
      72.11086860911429,
      139.04381046978403
    ],
    [
      117.4987303895851,
      26.144805645668878
    ],
    [
      95.02892377047189,
      164.19829755114185
    ],
    [
      97.71351346710217,
      139.34403559898067
    ],
    [
      28.159570191059213,
      93.39270719221844
    ],
    [
      117.32714230855927,
      112.56377713632324
    ],
    [
      155.25301116299002,
      59.55559075304521
    ],
    [
      23.320910980129668,
      148.85665033329582
    ],
    [
      68.68168280998974,
      70.27591663492726
    ],
    [
      141.0273403507988,
      78.03121324744012
    ],
    [
      14.419695626927247,
      160.73097822421042
    ],
    [
      56.86372954151455,
      143.66052654337784
    ],
    [
      14.005853081494823,
      132.18529386019537
    ],
    [
      15.588373179636008,
      158.4594866060872
    ],
    [
      126.90926880798074,
      165.39625056107818
    ],
    [
      46.64617776204473,
      35.55068194169085
    ],
    [
      44.5861862911066,
      121.85547374614862
    ]
  ]
}