{
  "id": 75,
  "type": "grid",
  "seed": 7515,
  "N": 30,
  "arena_size": 180,
  "enemy_positions": [
    [
      78.46844186188268,
      5.0
    ],
    [
      65.17078151081415,
      10.78399773528895
    ],
    [
      51.426844798431944,
      25.62128710242122
    ],
    [
      36.87823520115924,
      45.89086751651176
    ],
    [
      25.825050464725535,
      65.39104663011271
    ],
    [
      5.0,
      82.74598880213912
    ],
    [
      102.64805930329639,
      12.40794912930231
    ],
    [
      83.3336726037242,
      25.11921758988146
    ],
    [
      67.52745730847869,
      49.80600425355717
    ],
    [
      54.366207036202134,
      61.09807130880157
    ],
    [
      32.600083500093156,
      80.97595909427626
    ],
    [
      16.26621711254674,
      96.91505283116517
    ],
    [
      114.33563702537747,
      21.466129512449086
    ],
    [
      99.6796380744655,
      32.02874133499398
    ],
    [
      84.00132041445238,
      60.7219711866089
    ],
    [
      74.8649050532114,
      70.15322964037438
    ],
    [
      62.03512357002693,
      90.82350401665602
    ],
    [
      48.655291428776415,
      106.01861941930787
    ],
    [
      121.69511494016497,
      33.79161935424619
    ],
    [
      111.96800451083023,
      58.52769042669197
    ],
    [
      101.32355099122563,
      64.9506607313492
    ],
    [
      98.27189973572469,
      82.37419125624338
    ],
    [
      83.0974984054533,
      107.11093906036757
    ],
    [
      67.1871145566196,
      127.20539543986577
    ],
    [
      141.0552312990324,
      46.124004377073085
    ],
    [
      133.97493785447543,
      69.65318411796595
    ],
    [
      118.49645794987961,
      85.27386395217934
    ],
    [
      99.79070703844883,
      111.63316766511574
    ],
    [
      93.51199231585626,
      113.54821221700564
    ],
    [
      81.89853462592815,
      155.97428394628588
    ]
  ]
}