{
  "id": 17,
  "type": "random",
  "seed": 1717,
  "N": 30,
  "arena_size": 180,
  "enemy_positions": [
    [
      66.87591081716766,
      52.391763760432596
    ],
    [
      99.26537110018057,
      19.17982442436438
    ],
    [
      44.254349144295055,
      33.442146837238624
    ],
    [
      34.30828441896098,
      152.8835760077966
    ],
    [
      159.01674214523825,
      169.14481530841553
    ],
    [
      52.39984135514813,
      144.10447290324012
    ],
    [
      27.082127752174507,
      12.474202002630559
    ],
    [
      149.805688733754,
      38.091585506479824
    ],
    [
      45.55484189288508,
      86.67106625812359
    ],
    [
      31.812510244017034,
      48.90356236344209
    ],
    [
      59.596684935187966,
      142.83544542015863
    ],
    [
      64.92889030257226,
      95.94116265831883
    ],
    [
      119.59541361578948,
      66.80230366740372
    ],
    [
      112.89329280765423,
      97.86275156844779
    ],
    [
      136.13432319814683,
      75.4779719018104
    ],
    [
      124.46846378659816,
      130.9853071024153
    ],
    [
      105.87393671177402,
      121.92582523425857
    ],
    [
      133.70285141487457,
      115.74333554217468
    ],
    [
      136.8856197285542,
      156.55797519031924
    ],
    [
      113.48534798207594,
      47.86883390657241
    ],
    [
      77.62045092346912,
      113.2860995829136
    ],
    [
      162.59026912214335,
      155.81817752391024
    ],
    [
      35.734540597074904,
      21.653376011937997
    ],
    [
      85.50441269471527,
      71.5728613545941
    ],
    [
      159.4952795015288,
      69.62997226977711
    ],
    [
      163.12925572505154,
      31.890105295050173
    ],
    [
      106.70833802726266,
      163.55262070682585
    ],
    [
      87.7588454255718,
      131.1670910145694
    ],
    [
      45.70963858330103,
      101.62338187619818
    ],
    [
      159.0217152677465,
      58.08732270397204
    ]
  ]
}