{
  "id": 56,
  "type": "clustered",
  "seed": 5626,
  "N": 30,
  "arena_size": 180,
  "enemy_positions": [
    [
      137.59812471210859,
      32.86675720929295
    ],
    [
      20.28876239454236,
      143.24269549489418
    ],
    [
      140.26024993309784,
      48.85890182872477
    ],
    [
      38.91546329625861,
      131.7560576293069
    ],
    [
      31.42933148534954,
      30.679912950000684
    ],
    [
      110.82347671345298,
      50.457765550328006
    ],
    [
      5.0,
      127.73096002710864
    ],
    [
      146.60737798352056,
      59.95173679907704
    ],
    [
      32.62958002267758,
      121.32285699379516
    ],
    [
      51.66168875073021,
      43.510132143284395
    ],
    [
      132.3920356800104,
      30.594129627073073
    ],
    [
      15.29083400860732,
      118.5857939592259
    ],
    [
      135.22564432241919,
      32.06787107549364
    ],
    [
      25.53717764226566,
      129.06959241569353
    ],
    [
      54.07481912166363,
      52.057670647012216
    ],
    [
      125.84848338250836,
      45.798661947595654
    ],
    [
      63.67710935314578,
      129.74360569902058
    ],
    [
      108.882759685075,
      34.57524323558031
    ],
    [
      38.68866759576484,
      145.97136624875884
    ],
    [
      21.463834275246214,
      60.226565401663265
    ],
    [
      93.91728884030572,
      33.887336362693105
    ],
    [
      34.17557644174973,
      129.1678739217469
    ],
    [
      85.2478020195783,
      47.239769737698964
    ],
    [
      27.62250607715926,
      134.51278100450244
    ],
    [
      49.09774124953273,
      78.36522740561612
    ],
    [
      95.08488836375241,
      30.34360621754903
    ],
    [
      62.8852716839402,
      116.15613236719626
    ],
    [
      131.79260115568607,
      41.788402600891324
    ],
    [
      55.147055510151525,
      135.2727846410655
    ],
    [
      51.07698594822908,
      58.93215426679884
    ]
  ]
}