{
  "id": 24,
  "type": "random",
  "seed": 2424,
  "N": 30,
  "arena_size": 180,
  "enemy_positions": [
    [
      144.94304027677404,
      128.3149275998754
    ],
    [
      12.092177097280565,
      152.75337775457734
    ],
    [
      154.41890576684938,
      116.40339762480876
    ],
    [
      111.85034484746544,
      113.90957806274753
    ],
    [
      151.24582727893502,
      96.72929145080073
    ],
    [
      119.65776665281862,
      66.44840846873414
    ],
    [
      68.7970446794504,
      135.83367965885233
    ],
    [
      26.40034873567142,
      84.31519180086086
    ],
    [
      151.28263672967546,
      96.15390049310058
    ],
    [
      10.119143793584247,
      153.6662482765105
    ],
    [
      45.22529852028022,
      130.59539323282445
    ],
    [
      24.088056139638994,
      46.75509507253294
    ],
    [
      79.50800914649153,
      15.499901313509739
    ],
    [
      157.2503767737532,
      74.50248340834509
    ],
    [
      26.692533568730976,
      89.88655365228084
    ],
    [
      58.08730503961893,
      28.389389583573728
    ],
    [
      56.44486440763728,
      86.6378632118018
    ],
    [
      70.65007816359882,
      59.812520286709585
    ],
    [
      66.13104659565158,
      46.48356238834785
    ],
    [
      105.53243928823153,
      119.02658811214496
    ],
    [
      157.34542411034025,
      40.247931931807926
    ],
    [
      50.48891085883318,
      131.2285036820981
    ],
    [
      165.81034733932623,
      141.07690136770802
    ],
    [
      107.23646337809487,
      34.97265710182104
    ],
    [
      118.65752403979045,
      91.8323801282783
    ],
    [
      166.07767875144046,
      41.63153678623169
    ],
    [
      143.40058808958094,
      15.218877249059215
    ],
    [
      103.51716297715203,
      136.32190241558817
    ],
    [
      151.25890547741642,
      43.629993938468594
    ],
    [
      92.49109655368757,
      46.19315476762965
    ]
  ]
}