{
  "id": 46,
  "type": "clustered",
  "seed": 4616,
  "N": 30,
  "arena_size": 180,
  "enemy_positions": [
    [
      95.81424791681333,
      95.16431710910742
    ],
    [
      63.266233419504374,
      34.99607949748228
    ],
    [
      115.25896566406854,
      167.38437324827
    ],
    [
      175.0,
      148.42940098629475
    ],
    [
      59.17209133239587,
      109.18391496739311
    ],
    [
      105.89535930468504,
      109.32777595886525
    ],
    [
      66.59896090360841,
      38.98308536531413
    ],
    [
      152.8711017625951,
      150.70604082842394
    ],
    [
      159.0525636988434,
      100.49413251178751
    ],
    [
      18.522411662660687,
      94.62175629409725
    ],
    [
      108.3335758672232,
      76.14977208350497
    ],
    [
      56.5284558605342,
      47.02305168218092
    ],
    [
      109.72171366686891,
      143.84915152680628
    ],
    [
      141.19615628020617,
      109.6915257249346
    ],
    [
      27.869026585932097,
      153.4355839321814
    ],
    [
      69.06865210370748,
      105.34641280749081
    ],
    [
      64.06848645569357,
      55.252397712945864
    ],
    [
      122.77571815515127,
      136.37098055073932
    ],
    [
      130.76574519929005,
      123.23167053466213
    ],
    [
      26.23077974127115,
      146.49844436027882
    ],
    [
      113.24235237448343,
      109.82891422792419
    ],
    [
      67.27807692762622,
      32.38905263784097
    ],
    [
      136.6454840073442,
      122.55211853817381
    ],
    [
      127.08177388037828,
      140.98591466798072
    ],
    [
      53.210792521801395,
      121.02094240631418
    ],
    [
      104.90372373517224,
      134.50330949115624
    ],
    [
      54.3363688342844,
      35.77965477159455
    ],
    [
      136.70365424219474,
      132.34397852494266
    ],
    [
      158.03444445402576,
      96.57222091660466
    ],
    [
      5.0,
      106.85864399101241
    ]
  ]
}