{
  "id": 77,
  "type": "grid",
  "seed": 7717,
  "N": 30,
  "arena_size": 180,
  "enemy_positions": [
    [
      32.14725026367383,
      26.572586000849213
    ],
    [
      18.238498020622828,
      44.65699267795007
    ],
    [
      17.360593318639886,
      54.58694668535901
    ],
    [
      20.487173382785343,
      91.6393287636635
    ],
    [
      8.797790879844968,
      104.68417265291876
    ],
    [
      19.37018408229487,
      127.97761195543816
    ],
    [
      49.877093412460724,
      20.72203042750752
    ],
    [
      56.54368155005484,
      40.22455149002519
    ],
    [
      44.582764708628744,
      63.99587709489704
    ],
    [
      56.669146946626526,
      87.99231523743295
    ],
    [
      36.84321851700421,
      111.10811540133416
    ],
    [
      45.18044948808261,
      130.4204373566068
    ],
    [
      68.36737426987503,
      16.43733097658165
    ],
    [
      77.69347797289932,
      44.3783616261028
    ],
    [
      63.581238561630656,
      63.368316267447995
    ],
    [
      71.40559852336865,
      93.16450618354637
    ],
    [
      61.18839617515712,
      105.88415466372088
    ],
    [
      69.28927457549615,
      140.07307173368991
    ],
    [
      92.40404557816892,
      28.022902054684003
    ],
    [
      89.32782310088699,
      46.01635561982888
    ],
    [
      92.79266577620015,
      59.919919900167244
    ],
    [
      90.51918487663666,
      91.31566140053863
    ],
    [
      87.91861807705291,
      112.85250448570667
    ],
    [
      89.9863569203502,
      138.15327809426083
    ],
    [
      112.40541841977475,
      19.41868590129961
    ],
    [
      115.32698988287885,
      43.32057374545597
    ],
    [
      120.20747740826394,
      73.44989315640653
    ],
    [
      111.91031499816069,
      98.95554972997384
    ],
    [
      111.91011230013066,
      117.24266957970127
    ],
    [
      113.65917326218066,
      134.56916034765877
    ]
  ]
}