{
  "id": 8,
  "type": "random",
  "seed": 808,
  "N": 30,
  "arena_size": 180,
  "enemy_positions": [
    [
      163.41592601150614,
      44.58676556604699
    ],
    [
      27.09287130430761,
      98.98530781483488
    ],
    [
      122.21158852545554,
      92.08079698127115
    ],
    [
      95.52017905166478,
      47.74917273057856
    ],
    [
      113.52656068174844,
      71.68026874745999
    ],
    [
      87.94362613889527,
      128.3745140231643
    ],
    [
      57.66510722247985,
      23.963407438564026
    ],
    [
      134.23754220956383,
      57.28593528095118
    ],
    [
      109.43726563400274,
      31.04589034656664
    ],
    [
      149.13284130970592,
      145.4144232999824
    ],
    [
      112.46688167133033,
      82.46708141644478
    ],
    [
      84.84677765917455,
      59.96971891470395
    ],
    [
      165.98037788753038,
      150.94342812531008
    ],
    [
      47.31390383368668,
      83.39394635144083
    ],
    [
      102.55320114269713,
      34.05012043270224
    ],
    [
      149.70090695348182,
      131.1316434820799
    ],
    [
      35.15412857279319,
      61.411592614455216
    ],
    [
      63.55437972823047,
      107.47280732770187
    ],
    [
      60.93489004701656,
      28.21301534582327
    ],
    [
      14.24472100029913,
      82.53498837750526
    ],
    [
      108.19584769315618,
      90.68940053821558
    ],
    [
      158.30470013670518,
      78.62664645834039
    ],
    [
      64.78292968506446,
      151.17479453795863
    ],
    [
      71.03723845756016,
      25.458039858025483
    ],
    [
      53.57722812369374,
      138.28933256422178
    ],
    [
      110.42732463707378,
      143.6352165750062
    ],
    [
      122.8566922208492,
      71.86349740822982
    ],
    [
      103.28373534627471,
      20.69920824399322
    ],
    [
      116.30285913652284,
      126.53525200401263
    ],
    [
      44.97264763992811,
      90.60872483507929
    ]
  ]
}