{
  "id": 39,
  "type": "clustered",
  "seed": 3909,
  "N": 30,
  "arena_size": 180,
  "enemy_positions": [
    [
      98.21711543911633,
      32.187167741177525
    ],
    [
      75.34331055015252,
      32.86154043670182
    ],
    [
      70.90126865481074,
      45.62208529344799
    ],
    [
      149.61151902535033,
      125.30507748195856
    ],
    [
      92.55043123992989,
      100.48244376497091
    ],
    [
      102.68100430812117,
      32.72109831361874
    ],
    [
      105.19627770810463,
      20.280712848601276
    ],
    [
      105.79688222608749,
      46.91291971629848
    ],
    [
      126.20142683242614,
      127.30682168712656
    ],
    [
      80.38674856630533,
      98.17923790339293
    ],
    [
      111.67306026106641,
      40.21827117560712
    ],
    [
      133.65894034225985,
      45.00824581265489
    ],
    [
      113.12972200556182,
      51.19531077107089
    ],
    [
      106.55605584191821,
      123.11762763430391
    ],
    [
      80.76799366502941,
      78.16793704549937
    ],
    [
      104.57700146696354,
      55.422996080435354
    ],
    [
      126.01231737334643,
      31.155151708744352
    ],
    [
      107.34132157490095,
      16.22683906046558
    ],
    [
      127.22006312935449,
      109.40964735175297
    ],
    [
      100.71724681514311,
      103.7475519288295
    ],
    [
      103.36781858347419,
      16.095840966163056
    ],
    [
      111.94172581756871,
      33.275945078344776
    ],
    [
      89.11384079309836,
      25.527308421240367
    ],
    [
      147.30943736690827,
      149.6593572407268
    ],
    [
      79.05693830574317,
      75.79330903612997
    ],
    [
      90.054622261678,
      30.46041380940722
    ],
    [
      136.58434768224578,
      24.387223184473008
    ],
    [
      88.37523271443185,
      60.92300549172891
    ],
    [
      136.82314197241712,
      113.9829123290652
    ],
    [
      93.56138593040332,
      102.59625240617693
    ]
  ]
}