{
  "id": 61,
  "type": "grid",
  "seed": 6101,
  "N": 30,
  "arena_size": 180,
  "enemy_positions": [
    [
      68.93487349538559,
      5.0
    ],
    [
      49.793197718145215,
      12.935309554584194
    ],
    [
      43.195739158582896,
      31.10813195370114
    ],
    [
      33.140737299712804,
      45.167811878369434
    ],
    [
      25.26015009602611,
      72.74867934093102
    ],
    [
      9.723496780198474,
      89.41893308475709
    ],
    [
      89.6946125586888,
      5.0
    ],
    [
      77.14470327859183,
      23.648918640231173
    ],
    [
      64.51912795069354,
      41.19737516451433
    ],
    [
      49.312661367399485,
      69.06410410865318
    ],
    [
      38.98593499660257,
      79.44004607815805
    ],
    [
      22.14220899401691,
      103.23590775296493
    ],
    [
      106.63974188572828,
      30.57478081803641
    ],
    [
      98.62713848521116,
      40.935723440337114
    ],
    [
      86.31869561124567,
      56.86101705402921
    ],
    [
      68.74832033502159,
      76.07405798958223
    ],
    [
      48.449324145314726,
      88.62281564423323
    ],
    [
      45.25629378909407,
      113.72941937293427
    ],
    [
      126.63565430527802,
      38.35944505450063
    ],
    [
      113.90871659461348,
      55.35007526627606
    ],
    [
      97.16548757510265,
      67.4312029421169
    ],
    [
      94.64868487888745,
      90.19999179125372
    ],
    [
      76.51253619354345,
      109.60793073746271
    ],
    [
      56.406075286019835,
      127.62621141884779
    ],
    [
      134.583244690737,
      39.598384304312404
    ],
    [
      133.9571361025728,
      56.78902850538617
    ],
    [
      125.20689273033594,
      78.62803065408954
    ],
    [
      106.56375581852403,
      97.86646191907266
    ],
    [
      90.13030777552275,
      124.56301766233753
    ],
    [
      92.68423435861126,
      142.31064841712913
    ]
  ]
}