{
  "id": 70,
  "type": "grid",
  "seed": 7010,
  "N": 30,
  "arena_size": 180,
  "enemy_positions": [
    [
      86.46979761084182,
      5.0
    ],
    [
      70.00320623655564,
      5.0
    ],
    [
      58.54837499630425,
      27.768070809591457
    ],
    [
      41.86448558717277,
      39.068811528303016
    ],
    [
      30.47823651690257,
      56.57271889923893
    ],
    [
      15.064500862324337,
      70.40793696083301
    ],
    [
      118.52212506713884,
      11.730662301838564
    ],
    [
      87.89199061647392,
      23.608892683439493
    ],
    [
      67.44698159309,
      38.26983246989131
    ],
    [
      64.82505015264739,
      58.949260993788485
    ],
    [
      40.662466700180985,
      81.12245169526088
    ],
    [
      32.79282499130021,
      91.1020053691939
    ],
    [
      118.91768225495494,
      27.058991447118345
    ],
    [
      103.36872832887633,
      47.678111995217414
    ],
    [
      89.8532456019373,
      56.01839351477643
    ],
    [
      69.45148435025277,
      82.69125600242118
    ],
    [
      51.283127030299994,
      83.43104204224962
    ],
    [
      34.672095616263185,
      109.10202210192527
    ],
    [
      141.7929314635844,
      39.0260983668522
    ],
    [
      131.4840941498992,
      61.10728173522178
    ],
    [
      106.39396743634195,
      78.539001916739
    ],
    [
      88.938254853537,
      97.76167724432683
    ],
    [
      68.5356793690002,
      103.99943152232133
    ],
    [
      60.44499627703091,
      113.15358066999912
    ],
    [
      155.4715798713349,
      60.213242211092364
    ],
    [
      138.93874029848064,
      84.16448466534227
    ],
    [
      119.45578273617284,
      87.94732664811428
    ],
    [
      101.64025011142282,
      107.5679749126977
    ],
    [
      85.02687585609158,
      112.61500724832506
    ],
    [
      80.88984851377323,
      141.88968050218475
    ]
  ]
}