{
  "id": 47,
  "type": "clustered",
  "seed": 4717,
  "N": 30,
  "arena_size": 180,
  "enemy_positions": [
    [
      137.78090746032098,
      134.09063133417982
    ],
    [
      105.40376272579455,
      73.99884786623835
    ],
    [
      75.72565790183668,
      64.01869141278372
    ],
    [
      115.23523872695284,
      98.60817557603862
    ],
    [
      143.13572967575507,
      60.97147108404868
    ],
    [
      110.25741811799074,
      132.02847628777377
    ],
    [
      119.13952441507934,
      49.35687737639594
    ],
    [
      49.8670996389592,
      54.87578660079453
    ],
    [
      107.58542356138345,
      93.04873691197876
    ],
    [
      139.6710692131979,
      40.49098053521878
    ],
    [
      140.87510779432273,
      148.6465644950785
    ],
    [
      98.00378943593053,
      56.05800591398502
    ],
    [
      81.37785833752991,
      75.64338140144764
    ],
    [
      131.48514815869672,
      63.76685714598561
    ],
    [
      150.5032516365065,
      36.274538200873955
    ],
    [
      116.92547559908621,
      134.09488099628345
    ],
    [
      94.15146372810244,
      46.61760145904198
    ],
    [
      83.69019793832238,
      63.766202601428674
    ],
    [
      136.0024662905682,
      125.46304621076901
    ],
    [
      138.17687873327344,
      40.702873780703236
    ],
    [
      120.4482060404661,
      131.33865491012483
    ],
    [
      72.03483266460583,
      56.680905323164296
    ],
    [
      118.76620423291374,
      82.31108462550523
    ],
    [
      130.7425175684789,
      95.11786271964509
    ],
    [
      116.52349824698251,
      20.539316307696698
    ],
    [
      111.84034939033786,
      131.09570733181693
    ],
    [
      125.27701502701791,
      41.85110083336522
    ],
    [
      118.085227500971,
      41.35289696595795
    ],
    [
      119.39425194733347,
      93.62862931743166
    ],
    [
      137.9163631056412,
      70.79881144589578
    ]
  ]
}