{
  "id": 91,
  "type": "edge",
  "seed": 9101,
  "N": 30,
  "arena_size": 180,
  "enemy_positions": [
    [
      16.587957230977647,
      14.678738872553918
    ],
    [
      18.68447977497653,
      124.00454088822528
    ],
    [
      52.73800299215047,
      152.46987295125396
    ],
    [
      19.68384360672517,
      101.70456949854591
    ],
    [
      48.62548814337642,
      98.17804864496956
    ],
    [
      10.523919114622835,
      47.69985419856596
    ],
    [
      22.0014005247999,
      129.9927711687109
    ],
    [
      57.43677350675282,
      55.933107600552
    ],
    [
      14.959720123512806,
      78.61981632191842
    ],
    [
      61.750439161426335,
      64.28191100068491
    ],
    [
      71.95680888796417,
      37.270242450555756
    ],
    [
      50.662398278183375,
      76.53806245269472
    ],
    [
      55.05040444956281,
      109.35624764039547
    ],
    [
      46.738798365444275,
      38.8422733377252
    ],
    [
      50.569960683082726,
      111.15541059636384
    ],
    [
      63.89070856341555,
      23.836783884266666
    ],
    [
      41.567961888587895,
      81.21421826407038
    ],
    [
      56.453209444609925,
      50.412578341491084
    ],
    [
      54.724287678517264,
      57.747164831885044
    ],
    [
      55.05481602660765,
      20.663728298371495
    ],
    [
      62.954869767010784,
      114.64847297047032
    ],
    [
      49.30313645330057,
      89.96626366144838
    ],
    [
      10.414674554346513,
      165.6230131599113
    ],
    [
      22.495045145041615,
      29.844217574758627
    ],
    [
      56.88427813575036,
      15.185756746049943
    ],
    [
      46.92900052189675,
      102.23961136774064
    ],
    [
      21.67865301513305,
      90.5824718690344
    ],
    [
      15.02210217660878,
      20.291950506489034
    ],
    [
      44.28316363247257,
      44.653295085422386
    ],
    [
      60.233097992690126,
      122.84709103144533
    ]
  ]
}